customer_id,customer_name,email,country,signup_date,customer_segment,lifetime_value
6253,Roger Johnson,amberhoward@example.net,South Korea,2020-12-28,Premium,13115.48
4685,Lisa Wagner,dawn76@example.com,Spain,2022-07-15,Standard,19599.64
1732,Judith Miller,pmerritt@example.net,Mexico,2025-05-05,Basic,18453.8
4743,Elizabeth Barton,sergio07@example.org,Italy,2021-08-09,Premium,46000.94
4522,Corey King,eroy@example.org,France,2022-12-18,Basic,47466.17
6341,Brooke Allison,tonyaturner@example.com,Argentina,2023-04-02,Basic,36729.14
577,Krista Benton,timothy60@example.net,Argentina,2021-09-22,Basic,42189.81
5203,Lee Perez,devonwhite@example.org,Argentina,2022-10-30,Premium,46999.63
6364,Darren Reyes,eugenewiggins@example.net,Netherlands,2024-06-30,Premium,16500.69
440,David Molina,jessica96@example.org,Italy,2023-10-01,Premium,6828.5
2751,Patrick Adkins,mooretrevor@example.net,Sweden,2020-04-08,Basic,45822.83
7488,Jerry Johnston,becktroy@example.com,Japan,2022-11-24,Standard,46159.51
5273,Leslie Martin,robert14@example.org,Italy,2025-09-26,Basic,45976.57
5654,Cody Woods,margaretbullock@example.net,Switzerland,2020-12-15,Standard,31699.94
4000,Brandon Bean,brianjones@example.net,Germany,2023-08-09,Standard,37977.24
6034,Nicholas Little,jasonjohnson@example.net,Sweden,2021-08-26,Premium,1358.98
583,Karen Morales DDS,joy22@example.org,South Korea,2020-02-16,Basic,10991.73
9931,Jay Weber,kcurry@example.net,India,2025-08-17,Standard,47151.44
7052,Sharon Barajas,tstephens@example.org,South Korea,2020-11-20,Basic,1174.63
8159,Erin Myers,johnsonmitchell@example.com,Italy,2026-02-28,Basic,13103.21
9897,Andres Hodges,nperez@example.org,Mexico,2022-09-12,Basic,7697.18
2250,Grant Wood,john86@example.com,Canada,2023-07-31,Standard,30879.89
4641,Lori Brown,melissaholt@example.com,South Korea,2024-04-13,Standard,15505.37
9486,Deanna Hodges,smithbrian@example.com,Switzerland,2020-03-08,Standard,20442.06
4948,Mark Webb,cindy85@example.org,Australia,2024-07-16,Basic,11535.05
9921,Sean Spencer,ahernandez@example.net,Australia,2020-07-28,Standard,29525.79
1964,Scott Greene,boonelee@example.net,France,2022-11-23,Premium,26849.12
8244,Ann Moore,matthew07@example.com,France,2020-12-20,Basic,893.26
6591,Jason Khan,rebecca43@example.org,Australia,2024-07-29,Premium,35301.29
8848,Tracy Foster,cory82@example.com,Brazil,2026-04-27,Premium,44021.79
322,Lawrence Harrington,emily00@example.org,United States,2024-12-07,Basic,12454.94
2679,Richard Day,courtney14@example.org,South Korea,2021-07-19,Premium,19032.05
4626,Michael Norton,kristendaugherty@example.net,Australia,2023-02-27,Basic,32071.71
4950,Luke Dixon,ystevenson@example.org,Germany,2020-04-28,Standard,21093.34
8329,Jonathon Gallagher,grosschristopher@example.net,Netherlands,2026-01-31,Premium,43631.14
3338,Shawna Silva,oburton@example.org,United Kingdom,2022-03-16,Premium,8216.89
5590,Holly Banks,ellisrichard@example.net,India,2023-12-13,Premium,21932.98
252,Gregory Ponce,stacy16@example.com,South Korea,2023-04-21,Standard,6308.17
3974,Larry Lloyd,madelinesanchez@example.net,France,2023-07-20,Standard,1355.84
6631,Christopher Jensen,elamb@example.net,France,2024-03-28,Premium,32427.36
5548,Stephanie Salinas,brandon09@example.org,New Zealand,2023-05-18,Basic,43777.95
36,Brian Lee,,United Kingdom,2023-02-22,Basic,28052.61
8363,Joshua Singleton,hancocktheresa@example.com,Netherlands,2024-05-06,Standard,27030.49
1514,Kyle Watkins,dianasantiago@example.org,Norway,2026-05-16,Basic,23014.51
9318,Alexis Snyder,gregory37@example.net,Netherlands,2023-05-22,Basic,40587.64
40,Katherine Salas,,Switzerland,2022-08-03,Premium,12153.83
4820,Ronald Baxter,teresascott@example.org,Germany,2022-09-10,Basic,43714.79
3466,Linda Howard,scott31@example.net,Switzerland,2025-06-18,Premium,20097.53
1761,Brenda Pierce,dcantu@example.net,Argentina,2023-04-11,Basic,28677.11
2305,Nancy Gaines,cgilbert@example.com,Japan,2025-04-05,Standard,15.44
3724,Nicholas Gomez,dgardner@example.org,Japan,2024-10-25,Standard,45624.15
8285,Kiara Stout,lori49@example.org,Japan,2024-11-25,Basic,3774.21
4994,Sharon Johnson,johngarcia@example.com,New Zealand,2023-02-10,Standard,39660.67
8128,Janet Davidson,robertmiller@example.net,Singapore,2024-08-22,Basic,23027.93
3033,David Hunt,christopher60@example.org,Mexico,2024-01-11,Basic,14811.76
7939,James Jensen,rachel55@example.com,Argentina,2022-07-21,Standard,44226.63
3040,Mr. Antonio Yang,donaldbrown@example.com,Canada,2022-04-22,Basic,23962.9
9656,Daniel Henderson,alexanderglass@example.org,South Korea,2021-06-12,Premium,38924.73
2546,Justin Mcbride,john28@example.net,Mexico,2026-04-05,Standard,13985.42
2593,Jessica Romero,alicia81@example.org,Australia,2024-07-01,Standard,19767.21
1189,Danielle Davis,charlotte84@example.net,United States,2022-05-16,Standard,19549.86
7967,Frank Davis,dale78@example.net,South Korea,2026-05-07,Standard,40954.32
6078,Brian Kidd,steven00@example.com,Canada,2021-06-06,Standard,3887.46
108,Tammie Bright,michellemccarthy@example.org,Sweden,2027-05-20,Basic,38199.25
1316,Deborah Williams,stephaniewashington@example.org,France,2023-10-20,Premium,36348.67
8188,Matthew Bates,xthompson@example.org,Spain,2025-04-27,Premium,39008.26
2754,Christopher Ibarra,wrightchristopher@example.com,Italy,2022-10-08,Standard,49076.39
9754,Joanne Dean,jill32@example.org,Netherlands,2021-05-19,Premium,1634.92
6232,Trevor Walker,qwest@example.com,Canada,2022-10-18,Premium,33762.45
2877,Heather Allen,hnavarro@example.com,Canada,2023-04-13,Standard,35342.6
5324,Joel Rogers,matthewcooper@example.org,United Kingdom,2022-05-09,Premium,36882.41
800,Tracy Walker,westdonna@example.org,United Kingdom,2023-12-20,Standard,8027.71
3571,Patrick Norris,christopher19@example.org,France,2024-03-10,Premium,13558.89
2895,Sean Wilson,christopherescobar@example.org,Spain,2025-02-17,Standard,1807.3
2928,Matthew Jones,nrodriguez@example.net,Spain,2024-01-05,Standard,29345.54
8179,Tina Hall,jim68@example.org,United Kingdom,2026-03-30,Premium,522.49
972,Kristin Huerta,tristan01@example.net,New Zealand,2025-03-01,Basic,1959.06
6688,Zachary Yu,claudiaflowers@example.com,India,2024-03-09,Basic,17690.65
8576,David Andrews,briggssteven@example.com,France,2023-01-04,Premium,32667.91
2021,Mark Warren IV,zcoleman@example.org,Brazil,2025-07-18,Standard,23777.78
9055,Mark Rangel,nsmith@example.org,Sweden,2023-06-12,Basic,26827.05
953,Mary Jackson,cruzjuan@example.org,Mexico,2024-11-05,Standard,10038.36
5360,Benjamin Jordan,estephens@example.org,United States,2025-07-05,Basic,39419.03
3858,Jacob Allen,kimberlylopez@example.com,France,2025-02-15,Standard,13053.32
5862,Shaun Henderson,htrujillo@example.com,Norway,2023-10-15,Basic,4525.08
3146,Andrew Harris,nmitchell@example.net,Singapore,2020-06-01,Basic,41668.05
3306,Evelyn Pacheco,matthew75@example.net,Italy,2023-11-20,Standard,1888.89
3007,Rebecca Roberts,yballard@example.net,Norway,2024-01-06,Premium,6057.26
9002,Jason Parker,cohentiffany@example.org,Switzerland,2023-01-21,Premium,12003.01
7771,Julie Martinez,lorithomas@example.net,Brazil,2022-11-30,Basic,6197.92
7439,Matthew Harris,roliver@example.org,Sweden,2024-07-19,Premium,46448.81
7943,Jessica Thompson,baileyjuan@example.com,Japan,2022-10-07,Standard,4515.47
9239,Erik Pittman,dustin78@example.com,Canada,2023-09-20,Premium,19663.36
1057,Maria Case,anna49@example.com,Australia,2023-07-13,Standard,8690.61
3155,Shannon Hurley,tstrong@example.net,United Kingdom,2020-01-31,Standard,27082.33
3788,Heather Shaffer,stucker@example.org,Australia,2022-02-09,Premium,23230.66
9190,Timothy Flowers,elliottryan@example.com,France,2024-08-08,Standard,17462.53
7826,Tammy Alexander,hendersonmadison@example.com,Italy,2026-07-22,Basic,4319.03
7540,Dawn Jones,qruiz@example.net,Spain,2026-04-16,Basic,6941.64
7232,Jessica White,robin66@example.org,Argentina,2021-06-12,Basic,30593.21
765,Amy Ramirez,garyhughes@example.net,Spain,2026-03-10,Standard,30492.89
5020,Carl Larsen,thomas08@example.org,France,2022-11-03,Basic,28588.12
4904,Theresa Martinez,rachael37@example.com,Switzerland,2026-05-11,Basic,42427.82
8094,Amy Ray,gpruitt@example.net,Italy,2021-03-18,Premium,28586.49
6844,Craig Marsh,wilsonemma@example.net,Netherlands,2022-02-06,Basic,26758.38
2166,Anthony Price,ipatterson@example.net,Mexico,2020-08-05,Premium,6764.38
1863,Justin Dalton,mary33@example.com,Spain,2024-05-11,Basic,20481.25
7851,Terry Williams,ytodd@example.net,Netherlands,2021-03-29,Premium,15339.71
9124,David Thomas,johnsonjohn@example.com,Switzerland,2023-11-15,Basic,45835.53
2341,Julia Johnston,millerrobert@example.org,South Korea,2023-10-12,Basic,42300.19
5528,Chad Poole,elizabeth87@example.org,Canada,2025-05-02,Standard,41377.56
6744,Mary Church,oconnordawn@example.com,Japan,2021-06-25,Standard,49092.9
4004,Lisa Lopez MD,christinayoung@example.net,Italy,2022-09-25,Standard,31044.84
1124,Candace Soto,dhicks@example.com,United Kingdom,2021-11-06,Standard,30197.81
8710,Molly Ortiz,jasminemyers@example.org,Brazil,2025-09-24,Standard,49199.41
4050,Mark Maddox,brandon80@example.com,South Korea,2024-06-18,Basic,15895.27
7641,Alexandra Lyons,vbrown@example.com,United Kingdom,2023-01-21,Basic,14184.76
766,Curtis Wilkerson,garciakatherine@example.com,Argentina,2020-11-10,Premium,13378.22
2345,David Yoder,briancummings@example.net,New Zealand,2025-08-23,Standard,9130.8
4072,Christopher Anderson,noblebrian@example.net,Norway,2021-07-11,Basic,6216.69
7217,Richard Long,dylan09@example.net,Sweden,2020-10-30,Basic,24204.12
4217,Rebecca Lopez,jnunez@example.net,Sweden,2026-05-15,Premium,30039.43
7953,David Clark,crystal38@example.net,South Korea,2020-02-17,Basic,12023.12
5971,Kaitlyn Leblanc,ojones@example.net,India,2024-03-16,Premium,19082.99
3351,Erin Mason,beasleychristopher@example.org,India,2022-01-14,Premium,3873.69
4696,Cindy Richardson,garcialisa@example.net,Netherlands,2022-07-24,Premium,43273.35
3400,Mark Decker,emilymoody@example.com,Switzerland,2025-03-26,Premium,46179.34
4082,Valerie Morgan,lpayne@example.com,Germany,2025-11-06,Standard,5387.05
9150,Catherine Griffin,kellyskinner@example.net,Spain,2020-12-26,Premium,23905.93
1225,Mariah Thompson,cmartin@example.com,France,2024-09-17,Premium,46015.94
6293,Kathleen Garcia,tlee@example.net,United Kingdom,2023-07-28,Premium,12358.8
3123,David Chapman,anitawise@example.net,Switzerland,2021-12-24,Standard,39202.57
511,James Whitaker,benjaminmcguire@example.org,India,2024-12-12,Standard,31043.94
5795,Heather Matthews,dunnashley@example.net,Australia,2020-03-11,Standard,14724.91
8182,Anthony Elliott,bwu@example.net,India,2025-02-14,Standard,22856.59
9418,Joan Crane,denise89@example.org,Italy,2025-12-07,Basic,25631.53
97,Jasmin Alvarado,thomasjennifer@example.org,Japan,2026-11-30,Basic,12744.58
6682,Jacob David,dandrade@example.net,Brazil,2024-05-28,Premium,3608.57
1513,Anthony Simmons,whitenicholas@example.com,Spain,2022-05-24,Standard,30299.96
8792,Annette Weaver,sarah52@example.com,Sweden,2024-07-05,Premium,39565.07
115,Margaret Coleman,pjohnson@example.org,United Kingdom,2025-03-16,Basic,32189.37
7792,Jason Norris,christian74@example.net,Germany,2022-02-14,Premium,24632.52
6518,Juan Lopez,brendafarrell@example.com,Singapore,2021-03-12,Standard,27006.63
34,Cathy Robinson,,Argentina,2025-06-30,Standard,8006.63
7888,Cynthia Harper,nixonbrittany@example.net,New Zealand,2021-06-25,Basic,22323.96
6831,Tonya Campbell,deckerrobert@example.com,Japan,2025-03-19,Standard,694.59
5422,Joshua Sims,joshuachase@example.net,Brazil,2025-10-17,Standard,30619.95
1069,Brandy Myers,robertthornton@example.com,Japan,2020-12-19,Standard,22313.39
1348,Richard Reyes,eric16@example.net,United Kingdom,2023-04-12,Premium,26881.14
4748,Justin Yu,jose51@example.org,India,2022-04-21,Standard,16864.85
6006,Eric Clark,fernandezlynn@example.org,India,2022-02-13,Standard,28146.32
6040,Mary Delacruz,susanwalker@example.com,Singapore,2020-07-24,Premium,30111.68
3818,Jeffrey Benton Jr.,olsenwilliam@example.org,New Zealand,2023-09-22,Standard,29047.07
8447,Jennifer Lopez,helenbradley@example.org,Mexico,2026-07-30,Basic,16684.89
5270,Nicholas George,qfranklin@example.net,Switzerland,2023-02-28,Premium,23192.03
6898,Robert Smith,vjones@example.org,South Korea,2024-02-26,Premium,48891.52
5310,Lawrence Glover,hamiltonandrew@example.org,Mexico,2024-09-08,Basic,38701.94
32,David Martinez,,United Kingdom,2024-03-31,Premium,42987.18
5675,Benjamin Wilkinson,xwilson@example.org,Brazil,2021-04-26,Premium,39278.27
4387,Christopher Murphy,michellewood@example.net,Japan,2021-09-29,Standard,7487.66
30,Joseph Coleman,,Canada,2022-02-04,Basic,1939.69
4203,Madison Rodriguez,jeffreyprice@example.com,Italy,2021-04-08,Standard,47783.49
7508,Sandra Lee,hosborn@example.net,Netherlands,2024-01-27,Basic,42712.78
736,Casey Wilkins,smitheric@example.net,United States,2024-07-23,Basic,1296.77
2068,Curtis Obrien,ashleyturner@example.com,India,2021-06-22,Standard,4838.28
107,Amanda Jones,kempbonnie@example.org,Japan,2027-01-17,Basic,12258.18
9645,Tammy Gonzalez,aprilvillanueva@example.net,New Zealand,2024-09-01,Standard,37144.03
8895,Scott King,david54@example.net,Netherlands,2021-09-05,Premium,22707.07
8021,Ryan Barrera,wilsonbrandon@example.org,Sweden,2024-01-04,Premium,47077.68
2233,Ryan Brown,kevinhess@example.org,Switzerland,2022-01-19,Premium,1177.54
994,Michelle Rodriguez,paulrussell@example.org,France,2025-10-22,Standard,44266.15
9413,Donald Oconnor,cassandrapark@example.com,Singapore,2025-06-15,Premium,5705.71
7059,Kelly Williamson,julia77@example.org,Spain,2025-06-28,Standard,4002.19
6790,Samantha Soto,arichardson@example.com,Japan,2023-06-05,Standard,36468.38
361,Anthony Gonzales,rachel49@example.org,Italy,2024-08-17,Standard,26329.25
305,Curtis Williams,richardkelly@example.net,United States,2024-09-25,Standard,24090.19
2628,Brian Rodriguez,kayla55@example.net,New Zealand,2024-12-29,Basic,47316.59
8966,Kevin Clayton,gjohnson@example.net,Switzerland,2020-05-11,Premium,11676.5
4514,Abigail Mills MD,dustin03@example.org,Mexico,2020-10-12,Basic,9853.74
5911,Yolanda Brown,clarkisaac@example.com,Switzerland,2022-02-12,Standard,35704.24
8314,Colton Munoz,johnsonhannah@example.org,Netherlands,2024-06-22,Standard,8390.17
3101,Sarah Frederick,stevenking@example.org,Canada,2026-07-26,Basic,31795.07
5704,Shannon Hill,spencerabigail@example.net,Norway,2021-04-16,Basic,23959.65
3899,Ashley Wilson,michael18@example.com,United States,2021-07-12,Premium,26481.78
5441,David Nolan,taylorkayla@example.org,United Kingdom,2023-10-19,Premium,33942.83
7931,Donald Salazar,allison33@example.net,Brazil,2024-07-31,Basic,29921.54
622,Adam Taylor,robert22@example.org,Norway,2021-02-15,Premium,22099.88
7236,Brian Taylor,garciarobert@example.com,South Korea,2022-11-15,Standard,16756.34
2499,Veronica Flores,rwashington@example.net,South Korea,2024-05-22,Basic,35779.9
714,Dana Ruiz,jasongentry@example.org,Singapore,2024-03-27,Basic,11576.42
8404,James Fernandez,jason88@example.net,Mexico,2026-03-14,Premium,14433.63
2856,Jennifer Hoover,oholmes@example.net,India,2023-10-11,Standard,28350.21
4270,Jeffrey Hall,nicolechristensen@example.net,Argentina,2023-04-20,Standard,14545.69
2909,Laurie Carter,cynthia65@example.net,Italy,2025-12-27,Basic,17335.06
8081,Shelly Jackson,wsimpson@example.net,South Korea,2020-01-16,Premium,15301.62
4517,Cheryl Rose,clayton42@example.org,Brazil,2025-09-14,Basic,39911.71
1262,Melinda Mitchell,edward81@example.org,Switzerland,2022-05-09,Basic,43167.96
3161,James Gilbert,duffycody@example.net,United Kingdom,2021-12-22,Basic,2403.06
971,Michael Cruz,xsimpson@example.com,Brazil,2023-11-13,Basic,35102.64
3913,Seth Jones,nelsonangela@example.org,Sweden,2023-11-06,Standard,22741.21
5199,Scott Wood,paul31@example.org,Brazil,2024-11-07,Premium,18724.03
8847,Christopher Gutierrez,bruce69@example.com,South Korea,2025-11-22,Premium,33081.21
260,Chad Jones,ralph67@example.org,Spain,2020-09-19,Standard,14882.1
3791,Melody Castro,rebeccahines@example.net,Sweden,2026-05-27,Premium,2730.8
9203,Michaela Strickland,wilsonanthony@example.org,Netherlands,2023-11-18,Basic,38615.08
488,Emma Butler,gabriellechavez@example.com,United Kingdom,2023-06-05,Standard,25921.93
7908,Suzanne Johnson,scollins@example.com,South Korea,2024-06-03,Basic,39970.32
519,Crystal Mann,amanda74@example.net,Australia,2023-10-14,Premium,38931.18
8343,Grace Lewis,kevinnelson@example.org,Singapore,2025-08-11,Standard,22128.0
312,Jonathan Glass MD,zacharyalexander@example.net,Brazil,2025-05-25,Basic,7114.35
3232,Jeffrey Mcclure,manderson@example.net,Japan,2026-06-26,Premium,25913.01
7933,Joshua Mann,nschmidt@example.org,Italy,2020-10-09,Premium,21740.57
7458,Robert Brown,castillonancy@example.org,Spain,2021-04-20,Premium,39323.0
9784,Maria Murillo,powellsarah@example.net,Switzerland,2020-07-03,Standard,19948.55
5184,Jason Fletcher,piercemadeline@example.org,Canada,2020-01-11,Premium,12314.89
8077,Jesse Yang,burnettaustin@example.org,South Korea,2020-06-16,Basic,9541.24
6502,Hunter Williamson,andrewramirez@example.org,Germany,2024-10-05,Standard,48220.41
6791,Sharon Miller,yrodriguez@example.org,Japan,2021-05-14,Premium,47907.02
7773,Cindy Martin,bchristensen@example.com,Italy,2024-06-09,Premium,41798.44
2738,Cynthia Smith,adam30@example.net,France,2022-08-16,Standard,33321.06
7842,Stephanie Mcintosh,sheppardelizabeth@example.com,Netherlands,2021-04-17,Basic,3920.77
6262,Gregory Hale,medinalauren@example.com,Canada,2021-07-27,Premium,717.4
8206,Jessica Morris,cookrobin@example.org,United States,2024-01-03,Basic,30200.53
1248,Kyle Welch,rose86@example.com,France,2025-06-08,Premium,29747.04
9336,Brian Maldonado,markbarrera@example.org,Germany,2023-05-13,Basic,14784.16
4195,Mr. Reginald Roman,lreyes@example.net,Netherlands,2021-06-20,Basic,43864.47
8001,James Rivas,dorothy89@example.com,Germany,2020-04-14,Standard,12492.78
7378,Jesse Allen,kwilliams@example.org,Norway,2026-01-24,Basic,7850.53
3435,Phillip Anderson,lewistyler@example.net,India,2020-04-24,Premium,5838.34
5382,Whitney Macdonald DVM,briannamontoya@example.com,United States,2023-09-20,Premium,21153.58
959,Michael Brown,brian95@example.com,Canada,2025-03-03,Standard,42091.02
417,Laurie Sanchez,fergusonmelissa@example.com,United Kingdom,2020-12-04,Premium,5843.95
5742,Marilyn Page DVM,brian94@example.org,Germany,2021-02-09,Standard,182.68
6728,Taylor Morales,ogilbert@example.net,Norway,2025-09-07,Basic,10074.88
4382,Robert Moore,icruz@example.net,United Kingdom,2020-11-29,Basic,21541.34
5197,Francis Walker,wayne89@example.net,Singapore,2026-06-16,Basic,49038.84
1113,Carrie Valdez,chaneypaul@example.org,South Korea,2020-03-13,Basic,453.0
2689,Matthew Berg,svargas@example.net,Canada,2022-11-28,Standard,10949.59
6473,Janet Larson,qramirez@example.com,Netherlands,2024-01-29,Basic,8561.55
8820,Colton Green,candace05@example.com,Norway,2021-10-02,Basic,11818.79
7808,Paul Watkins,michaelmartin@example.org,India,2020-12-12,Premium,5135.23
3411,Aimee Fisher,lisalarson@example.com,Netherlands,2023-04-26,Basic,18517.87
81,Cynthia Moore,noatsign030example.com,New Zealand,2022-04-23,Standard,13745.24
4614,Richard Hale,fletcherjohn@example.com,France,2024-03-15,Standard,31936.27
1374,Kevin Alvarado,davidleonard@example.com,Spain,2020-08-04,Premium,10846.41
1510,David Jones,reesedonna@example.org,France,2023-07-08,Standard,36923.6
6443,Kimberly Turner,henrykylie@example.org,Switzerland,2024-06-02,Standard,14544.9
3071,Tammy Rowe,charles13@example.com,Switzerland,2024-03-12,Standard,46217.52
3016,Patricia Moore,kelseyshaw@example.com,Japan,2021-08-25,Basic,44753.29
4823,Darryl Christensen,owenlori@example.org,Netherlands,2025-10-02,Standard,38306.81
7822,Mr. Jeremy Cohen Jr.,wmcdaniel@example.com,Brazil,2020-11-14,Basic,487.26
93,Kimberly Gibson,matthew06@example.org,Argentina,2027-07-20,Standard,15002.82
9421,Douglas Hale,yowens@example.net,Norway,2020-08-30,Standard,18031.8
6600,Patricia Hayes,randy57@example.org,Argentina,2024-08-29,Basic,11910.09
4443,Joseph Williams,brandy60@example.org,Spain,2025-08-28,Premium,16106.3
7602,Sherry Horton,lhopkins@example.com,France,2026-02-09,Basic,20506.13
3835,Tiffany Hughes,alutz@example.net,Japan,2023-04-07,Standard,34892.96
9702,Kayla Watson,cbates@example.org,United States,2025-08-10,Premium,45567.59
4322,James Smith,amartinez@example.com,Italy,2022-06-08,Basic,3191.35
3394,Peter Anderson,elizabethgibson@example.net,Sweden,2022-11-13,Basic,40882.16
4752,Carrie Lewis,larryking@example.org,Australia,2026-05-01,Basic,20557.79
7229,Nicholas Berry,alan64@example.com,Mexico,2023-06-30,Premium,7235.07
9191,Jeanette Nielsen,crystalvasquez@example.net,New Zealand,2025-06-19,Standard,31557.56
2361,Robert Skinner,kelly29@example.net,Italy,2025-03-31,Standard,6025.91
1148,Colin Fletcher,jonathonmorris@example.org,United Kingdom,2026-02-22,Standard,7470.35
5666,Tyler Dominguez,erika94@example.com,Switzerland,2021-06-25,Standard,37425.24
8075,Eric Parker,mmorris@example.org,Argentina,2020-06-14,Standard,46297.16
4943,Christopher Robbins,afletcher@example.org,Japan,2025-10-30,Standard,40763.04
3663,Anna Thompson,dyerkyle@example.org,Netherlands,2020-09-20,Standard,22945.84
1563,Larry Lane,ybennett@example.net,Netherlands,2025-01-21,Standard,29946.4
4113,Judith Myers,nmalone@example.net,Mexico,2025-03-10,Premium,5765.44
9050,Jason Barnes,vrodriguez@example.com,United States,2020-05-30,Premium,18534.33
9276,Melinda Allen,jessicarichards@example.net,Canada,2024-08-30,Standard,28126.31
8538,Maria Davidson,thompsonrebecca@example.com,Singapore,2020-11-24,Basic,40772.94
795,Courtney Chapman,caleb74@example.com,Norway,2022-04-24,Basic,31252.62
5854,Kim Flynn,timothy51@example.org,Canada,2023-11-26,Standard,31383.13
7619,Mark Meyer,faith08@example.net,France,2020-12-12,Basic,47829.41
1594,Kim James,davidlopez@example.net,Argentina,2023-07-07,Basic,29977.32
7418,Calvin Bowers,ascott@example.org,Australia,2022-08-13,Standard,36123.56
5267,Emily Riley MD,longtammy@example.org,Germany,2023-02-05,Standard,3439.8
7147,Arthur Golden,cynthia17@example.org,India,2025-05-07,Premium,48787.3
89,Timothy Romero,user038@nodotdomain,Sweden,2020-12-11,Premium,17273.25
8695,Charles Lloyd,popethomas@example.com,United Kingdom,2024-08-08,Standard,27223.37
9732,Angel Wright,jameslucero@example.org,Canada,2020-12-15,Basic,26713.29
9446,Kristin Roberson,rjackson@example.com,Argentina,2020-04-03,Premium,17678.84
6754,Melissa Ruiz,serranotimothy@example.org,Brazil,2020-01-27,Basic,19251.14
3502,David Morse Jr.,ljones@example.com,Brazil,2020-02-14,Basic,46091.27
2234,Thomas Ramos,thomaslynch@example.com,Brazil,2020-02-11,Premium,10.96
2803,Maria Figueroa,lbauer@example.com,Australia,2021-06-15,Standard,28923.62
4424,John Mcneil,stephanie43@example.org,Canada,2022-06-24,Premium,44370.52
5663,John Webb,brandi11@example.com,Sweden,2021-06-20,Premium,40410.92
7170,Andrew Edwards,dianadiaz@example.net,India,2021-03-31,Premium,24810.98
8337,William Blake,ericcoleman@example.com,South Korea,2025-03-12,Basic,7757.74
2148,James Weaver,qcaldwell@example.com,Argentina,2021-09-02,Standard,44953.5
7969,Robert Mills,johnsonrichard@example.org,South Korea,2023-07-16,Basic,27390.33
6551,Thomas Johnson,lindsay96@example.com,Japan,2020-01-01,Standard,18638.27
7643,Robert Jackson,jamesdickson@example.com,Switzerland,2023-05-22,Basic,1985.23
6164,Blake Owens,james81@example.org,France,2021-06-25,Standard,45685.21
1495,Cheryl Mclean,qgreene@example.org,Netherlands,2024-10-09,Standard,8944.29
7696,Jordan Lynch,jennifermann@example.com,Brazil,2023-02-14,Standard,24364.61
7094,Katelyn Yang,harrismarc@example.net,Argentina,2024-11-19,Premium,44479.74
1409,Michael Woods,gcruz@example.org,South Korea,2024-11-04,Basic,48596.51
6691,Kevin Anderson,cassandrabanks@example.org,United States,2022-01-02,Premium,16496.13
3401,Ruben Cruz,poolepaul@example.org,United States,2026-07-08,Premium,23877.28
109,Jessica Garcia,hernandezgregory@example.net,Netherlands,2027-03-17,Standard,1205.07
5636,Robert Jones,jaredsmith@example.org,United States,2025-05-10,Premium,2117.92
8482,Kara Estrada,ortegatheresa@example.net,Canada,2024-01-09,Premium,24962.46
6604,Eric Li,darrellperkins@example.net,Brazil,2020-02-26,Basic,568.47
1091,Ian Torres,elliottzachary@example.com,Sweden,2024-02-23,Standard,3745.25
5560,Laura Sanders,mariajohnson@example.com,Spain,2021-09-24,Premium,32598.55
9412,Daniel Perez,kylemyers@example.com,Singapore,2020-02-21,Basic,24406.67
8143,Brooke Johnson,christopherbaker@example.org,Japan,2026-07-09,Standard,34717.59
8664,Wyatt Cortez,davidmartin@example.net,United States,2024-07-14,Basic,38121.74
6596,Michael Clay,ydiaz@example.org,Switzerland,2022-10-30,Standard,44615.25
624,Michael Perry PhD,carolynduke@example.com,France,2020-01-30,Basic,24837.14
6871,Brandi Cunningham,chanchris@example.org,Canada,2024-12-06,Standard,10270.82
4814,Mr. Thomas Jones PhD,christineblackwell@example.org,Norway,2023-01-18,Basic,16635.42
6553,Marcus Williams,milesrobert@example.org,South Korea,2021-02-13,Standard,12665.93
7530,Matthew Townsend,jpitts@example.org,Canada,2026-01-26,Premium,12324.47
5796,Darlene Kelly,wattsstephanie@example.net,Germany,2023-04-23,Basic,36584.57
7437,Lonnie Martinez,andreahill@example.net,Norway,2022-02-03,Premium,47381.74
4218,John Garcia,ericamoore@example.org,Singapore,2021-09-03,Standard,21897.84
5941,Walter Howard,henrycandice@example.com,Brazil,2020-05-26,Standard,35402.37
8501,Steven Barker II,williamsmatthew@example.org,Italy,2021-03-15,Basic,48321.7
6429,Justin Figueroa,johnvasquez@example.org,Germany,2024-02-04,Standard,46343.44
6827,Walter Bailey,joebaker@example.net,New Zealand,2023-05-14,Premium,23564.7
4131,James Bennett,millernatalie@example.org,Japan,2022-05-01,Basic,23700.19
7802,Christina Simon,mclements@example.com,New Zealand,2024-10-15,Standard,3677.55
7754,Kiara Hawkins,russellelizabeth@example.com,Singapore,2021-07-26,Standard,49063.79
4722,Lisa Riggs,zrobinson@example.com,Japan,2026-07-03,Basic,32322.85
1651,Michael Anderson,allison23@example.com,Australia,2026-02-11,Standard,37245.15
4141,Jacob Hoover,jonathan96@example.net,Netherlands,2020-05-19,Premium,29778.76
1618,Janet Cook,parksandre@example.com,Mexico,2025-08-23,Standard,26105.05
2030,James Miller,kristen77@example.org,United Kingdom,2024-03-11,Standard,15963.75
8518,Daniel Munoz,cynthiaortiz@example.org,South Korea,2022-03-28,Standard,35417.88
4576,Monica Howe,edwardreed@example.com,Switzerland,2023-09-14,Premium,39567.15
3993,Christian Solis,laurensantiago@example.com,Germany,2024-08-08,Premium,8942.0
7377,Jamie Martin,kristenharrison@example.com,United States,2023-06-29,Standard,10313.65
6150,Yvonne Rodriguez,ramoskimberly@example.org,Brazil,2022-07-20,Standard,24789.85
4909,Chad Rivera,zjohnston@example.com,United States,2020-03-05,Premium,31463.6
5027,Donald Coleman,kevinfrederick@example.org,Italy,2021-06-12,Basic,37.89
8261,Michelle Fowler,lisa77@example.net,Germany,2026-03-25,Premium,11024.36
4732,Amy Roberts,barrettchristopher@example.org,France,2025-08-02,Premium,38854.17
7549,Julie Gillespie,qbradley@example.com,United Kingdom,2022-01-15,Premium,9369.62
8135,Mark Jackson,gravesscott@example.org,Brazil,2020-02-07,Premium,43975.39
1607,Daniel Campbell,jessicawilson@example.com,South Korea,2024-03-05,Standard,1020.8
4774,Kayla Burke,frenchjennifer@example.com,Italy,2023-04-11,Standard,49370.84
8110,Ernest Kennedy,vwebb@example.com,Italy,2023-08-20,Basic,11613.78
6952,Steven Oconnor,heather40@example.com,Brazil,2024-10-13,Premium,12548.43
6005,Robert Chapman,nbarron@example.net,United States,2022-07-16,Standard,11280.14
7729,Debbie Sherman,rileyrick@example.org,Brazil,2023-05-18,Basic,40325.5
3542,Rebecca Clark,christinacowan@example.com,Italy,2024-01-30,Standard,31502.8
389,Robert Richardson,qsandoval@example.net,Canada,2026-05-07,Premium,29608.74
1795,Christopher Nelson,jacob62@example.org,Norway,2022-04-08,Basic,40949.09
8732,Paul Duarte,brownroy@example.com,South Korea,2023-04-17,Standard,2317.96
4920,Gary Taylor,christopher45@example.org,Germany,2024-12-03,Premium,24206.04
5538,Vincent Hays,smithrobert@example.net,South Korea,2022-01-06,Premium,2507.93
3873,Margaret Stevenson,davidcandice@example.com,Spain,2022-09-05,Basic,30616.78
8869,Brian Barron,joseph38@example.org,Sweden,2023-06-14,Basic,34628.72
2255,Michael Neal,kellytasha@example.com,Canada,2020-04-28,Premium,27933.58
3413,Elizabeth Owens,ypatterson@example.net,France,2022-01-31,Standard,20724.87
5460,Stacey Thomas,alexandracastaneda@example.com,Argentina,2024-10-01,Standard,38898.77
4956,Monica Frost,christina93@example.org,Australia,2025-02-13,Premium,12064.62
7397,Amber Ray,erica37@example.org,Singapore,2021-07-05,Standard,15810.09
5415,David Potter,andrew74@example.com,Sweden,2020-03-29,Premium,14284.42
7400,Catherine Perkins,tammy57@example.com,Brazil,2021-10-25,Premium,33150.91
7415,Valerie Patterson,michelle82@example.net,United States,2022-09-13,Standard,29876.58
9101,Sean Huerta,zbrown@example.org,Switzerland,2021-07-23,Basic,5562.86
4852,Steven Morales,elizabethsampson@example.net,Spain,2026-08-04,Standard,19902.21
2026,Jeffery Davis,robert75@example.net,Canada,2021-09-06,Standard,21001.97
2616,Courtney Foster,dramos@example.net,Australia,2022-01-05,Standard,43314.39
7389,Susan Howard,kimberly52@example.org,France,2026-04-03,Standard,12829.42
2927,Steven Hull,moralesandrew@example.net,Argentina,2025-07-03,Standard,30645.97
1122,Mr. Daniel Martin,anita85@example.org,Argentina,2022-07-22,Basic,45286.77
2911,Allen White,robinsonkatherine@example.com,Switzerland,2026-07-27,Standard,22042.92
8147,Brianna Bailey,johnsonsamantha@example.org,Canada,2023-11-13,Premium,1349.4
7384,Lisa Long,ndowns@example.net,Switzerland,2022-07-08,Basic,2080.82
3483,Destiny Powers,duartekelly@example.net,Argentina,2023-07-26,Premium,32303.86
796,Eric Barker,ballsteven@example.net,Argentina,2025-01-17,Basic,6829.58
1576,Donna Johnson,emartin@example.com,India,2025-06-08,Standard,32762.92
6177,Paul Gonzales,alexisclark@example.com,Switzerland,2020-06-28,Basic,4655.78
6267,Laura Fowler,ynelson@example.org,India,2022-11-05,Premium,8030.09
2459,Joseph Smith,bramos@example.net,Netherlands,2022-08-03,Premium,15335.7
3313,Jennifer Smith,gary91@example.com,Brazil,2021-12-19,Standard,200.51
1254,John Smith,leezachary@example.org,New Zealand,2020-07-10,Premium,18025.87
6835,Daniel Mercado,angel96@example.org,France,2023-01-23,Premium,109.06
8795,Amy Johnson,toddbriggs@example.net,Singapore,2024-10-08,Premium,3642.21
3838,Sherry Porter,youngjeffrey@example.org,India,2023-12-11,Standard,29630.03
4399,Lisa Fox,durhamrobin@example.com,New Zealand,2022-11-24,Basic,30493.16
3596,Joseph Garcia,susan50@example.com,Argentina,2023-08-22,Premium,44588.97
6622,Omar Weeks,mason67@example.net,Australia,2025-11-02,Premium,24523.81
8383,Jay Moss,millerandrew@example.net,Netherlands,2021-10-03,Basic,15503.39
2125,Angela Brown,fryematthew@example.org,Germany,2024-07-17,Standard,3917.93
3239,Tom Duncan,alivictoria@example.net,India,2022-01-20,Standard,28734.59
5404,Riley Knight,jenniferwilliams@example.org,Argentina,2021-08-27,Basic,42658.95
5999,Eric Murphy,joan88@example.net,Norway,2024-02-01,Basic,18613.58
5939,Jennifer Vargas,bbarrett@example.net,Japan,2020-07-28,Basic,7797.62
2046,John Johnson,youngsara@example.net,New Zealand,2020-07-31,Basic,49845.34
1579,Anthony Mooney,beverly98@example.org,Switzerland,2021-04-30,Premium,13898.37
15,Madison Poole,,France,2021-12-06,Premium,46267.54
2674,Joy Zimmerman,rachel84@example.com,Germany,2026-03-17,Standard,47615.8
7017,Lauren Hooper,andrewhernandez@example.org,Switzerland,2022-12-27,Premium,20009.38
8721,Jody Phillips,justincuevas@example.com,Netherlands,2020-08-16,Standard,44905.3
8850,Joseph Smith,benjaminperkins@example.net,Brazil,2023-11-01,Basic,42040.85
4813,Susan Figueroa,karen74@example.net,Brazil,2024-12-01,Standard,5271.49
1085,Jerry Jensen,vanessa88@example.com,Spain,2020-11-09,Standard,31463.58
4984,Laura Bailey,mwright@example.org,Switzerland,2023-04-06,Premium,5135.27
7156,Robert Jones,ortegacatherine@example.org,Norway,2021-04-11,Premium,11531.21
2885,Ryan Myers,phillipadams@example.org,Germany,2020-04-20,Basic,38263.92
334,Emma Reed,elizabeth43@example.net,Sweden,2022-04-22,Basic,46820.05
7205,Mary Morgan,pattersonstacey@example.org,Italy,2021-09-18,Basic,27296.92
4368,Erin Ortega,marthaluna@example.net,United States,2026-05-09,Standard,15410.07
3080,Ashley Bradford,danarusso@example.org,Brazil,2021-08-25,Basic,43381.27
7204,Tammy Long,seanharvey@example.org,South Korea,2023-04-02,Standard,48238.79
9910,Andrew Lang,berryrebecca@example.net,Mexico,2020-10-12,Standard,42714.11
8865,Amanda Gould,jking@example.org,India,2023-03-12,Standard,46832.65
264,Christopher Guerra,tcruz@example.org,Netherlands,2024-04-22,Basic,31183.19
4338,Jason Williams,kristine53@example.org,Sweden,2025-09-24,Premium,12979.83
8896,David Hahn,ctaylor@example.com,Canada,2021-02-24,Premium,29802.84
8448,Jennifer Rasmussen,grahamrobert@example.com,Argentina,2022-08-23,Standard,40340.95
5904,Franklin Harris,hinestimothy@example.org,Brazil,2020-10-05,Standard,27011.41
1499,Julia Reeves,olsonjoseph@example.com,Sweden,2023-02-07,Standard,46296.17
4191,Melissa Henry,emichael@example.org,New Zealand,2020-02-14,Standard,40270.66
7486,David Oconnell,sheila51@example.net,Germany,2026-04-11,Basic,22144.96
9644,Crystal Frazier,xwoodard@example.org,Italy,2026-07-24,Basic,26281.63
8311,Joshua Nelson,jessicamorales@example.org,France,2021-06-14,Standard,42840.41
7591,Matthew Henderson,garciabrenda@example.net,Spain,2025-05-27,Basic,46190.03
501,Zachary Mendoza,stephanienavarro@example.org,Japan,2022-08-22,Basic,31717.59
9156,Brian Bishop,tgibson@example.net,Spain,2020-04-16,Standard,29076.17
9415,Amber Davis,marymcconnell@example.net,United Kingdom,2023-11-06,Basic,33896.17
3096,Elizabeth Wilson,alexis80@example.net,Mexico,2021-11-01,Premium,17814.21
4632,James Williams,dgarcia@example.com,South Korea,2023-12-26,Standard,30692.87
368,Sean Moore,jennifer35@example.com,Switzerland,2024-08-08,Standard,2155.5
4059,Erin Summers,usanchez@example.org,Canada,2020-02-06,Premium,2138.52
8175,Rebecca Hubbard,valeriemurray@example.org,New Zealand,2020-09-15,Premium,43426.39
4631,Donna Howell,nrandall@example.net,Canada,2022-06-10,Premium,36279.3
6071,Amanda Anderson,tabitha67@example.org,Argentina,2020-05-04,Premium,15670.0
2665,Timothy Gordon,bellandrea@example.net,Germany,2022-01-19,Basic,12897.9
1027,Sheila Greer,mcdanielruben@example.net,United States,2021-05-20,Standard,28994.34
5909,Alison Adams,jessicaharris@example.net,France,2023-04-21,Standard,26009.73
5051,Thomas Sparks,meganpalmer@example.com,New Zealand,2020-02-15,Basic,27665.64
6329,Andrew Holder,laurendavis@example.com,New Zealand,2026-08-02,Standard,24772.4
9734,Victor Moore,fisherlawrence@example.org,Brazil,2022-03-24,Standard,14123.73
1692,Michael Brown,cantubenjamin@example.com,Norway,2025-11-12,Basic,10678.7
674,Joseph Smith,ebrewer@example.com,India,2024-12-04,Standard,1189.81
5573,Samantha Gillespie,millerjoy@example.net,United States,2023-01-16,Premium,38409.92
5767,Amber Fernandez,davisrichard@example.net,Italy,2024-10-19,Basic,31449.41
5157,Christopher Knox,stephanierivera@example.net,India,2023-05-23,Basic,7748.15
734,Kelly Haynes,sarahjohnson@example.com,France,2022-07-12,Standard,30339.14
3527,Rebecca Kaufman DDS,wward@example.com,Germany,2021-12-12,Premium,16325.68
569,George Ochoa,emclean@example.org,Singapore,2023-07-07,Standard,19244.14
9188,Todd Melendez,gtorres@example.org,Mexico,2021-04-17,Premium,35378.98
2923,Caleb Jackson,shawjill@example.org,Australia,2020-11-23,Basic,45072.03
7912,Jordan Jones,kwilliams@example.com,Brazil,2023-09-16,Premium,34800.29
1559,Angela May MD,floresalex@example.org,France,2025-12-12,Basic,20774.74
102,Matthew Moore,mkane@example.org,Netherlands,2027-06-02,Basic,27085.48
3008,Kathryn Jennings,fryjason@example.org,Mexico,2025-07-03,Premium,12701.68
7202,Samuel Wolfe,zachary70@example.com,Norway,2021-09-29,Premium,5805.03
304,Judith Carter,chamberstiffany@example.com,United States,2023-06-25,Standard,14398.65
77,Isaiah Avila,user026@,Netherlands,2024-09-18,Premium,35629.51
6755,Richard Franklin,vickie83@example.com,Canada,2020-10-10,Basic,47248.98
8630,Kyle Kaiser,sheltonmichael@example.net,Japan,2021-06-19,Standard,10615.62
1209,John Austin,jordanbrian@example.org,South Korea,2020-10-08,Standard,38662.44
7743,Mary Myers,cheryl84@example.net,France,2024-08-14,Premium,22947.92
8215,Russell Foster,carrollalexis@example.org,Sweden,2020-09-14,Premium,35939.42
8945,Kelli Williamson,kevingraham@example.com,France,2025-07-08,Standard,13395.06
8414,Darren Thompson,tmorton@example.net,Italy,2026-04-05,Basic,4338.94
1776,Angelica Clark,phillipsemily@example.net,Germany,2026-04-09,Basic,20075.74
3474,Sonia Reyes,davisnicholas@example.com,Sweden,2026-03-22,Standard,43455.06
484,Connie Turner,brett93@example.org,Sweden,2021-09-13,Premium,37263.77
2190,David Bird,sarapacheco@example.net,Germany,2020-09-15,Premium,49809.75
347,Amy Martinez,andersonjason@example.net,South Korea,2023-01-23,Basic,15663.21
5482,Brendan Palmer,juanwright@example.org,Italy,2022-08-15,Basic,20153.86
8362,Tyler Porter,christopher93@example.org,Argentina,2021-09-14,Standard,16068.14
1473,Curtis Campbell,andrewpierce@example.net,Switzerland,2022-08-14,Basic,7115.26
5101,Maurice Johnson,evansgary@example.org,Switzerland,2021-12-07,Standard,45269.36
6766,Melvin Weeks,xjohnson@example.net,Germany,2023-03-12,Basic,24.64
8707,Robin Brock,garzapaige@example.net,France,2025-11-28,Premium,40809.62
4930,Kevin Carney,morrisblake@example.com,Spain,2020-01-16,Premium,24652.63
6330,Pamela Arnold,david88@example.org,Japan,2022-02-27,Premium,10496.97
2610,Luke Freeman,jeremy35@example.org,Netherlands,2026-03-08,Premium,28938.99
4,Pamela Jackson,,Germany,2021-10-15,Premium,33772.55
2214,Melissa Patel MD,kristen72@example.com,Sweden,2021-04-20,Premium,9377.6
4828,Jared Chan,greendavid@example.org,India,2023-10-27,Basic,36962.27
857,Douglas Vasquez,ppetty@example.net,Argentina,2026-06-24,Basic,42102.62
6978,Dr. George Hernandez,belldanielle@example.org,Brazil,2022-05-17,Basic,3189.7
5886,Tricia Bailey,braunjulie@example.net,Singapore,2024-11-10,Basic,11695.38
625,Bradley Johnson DDS,boydkeith@example.net,South Korea,2020-06-17,Premium,21066.83
291,Jose Allen,amendoza@example.net,Canada,2020-09-04,Basic,22726.28
2019,Glenn Ford,hendersonmelanie@example.net,Spain,2023-01-01,Standard,34107.84
669,Virginia Henderson,udorsey@example.net,Italy,2026-03-14,Basic,2363.16
8922,Rebekah Ferguson,aburke@example.org,United States,2024-01-26,Basic,48968.35
8265,Sandra Baker,karen18@example.org,Mexico,2025-10-21,Basic,3695.19
9697,Lisa Greene,lopezsamuel@example.org,Brazil,2024-12-11,Standard,48244.17
1632,Karen Bradley,ewest@example.org,India,2025-11-02,Premium,4006.61
5171,Lisa Ryan,mike22@example.com,Sweden,2021-01-26,Standard,12693.82
7206,Melissa Lyons,hbenson@example.org,Sweden,2023-09-13,Basic,15618.09
2523,Laura Gregory,dylanyoung@example.net,Japan,2023-09-05,Basic,36939.93
2216,Terri Williams,suzanneward@example.com,Brazil,2021-08-07,Premium,48519.76
6969,Marcus Patrick,brenda41@example.com,South Korea,2025-11-02,Basic,14083.74
6497,Leslie Fitzgerald,clarkcameron@example.org,Argentina,2021-01-28,Basic,38961.05
6214,David Mason,theresa07@example.com,Mexico,2024-05-09,Standard,8047.85
7033,Jennifer Warren,rollinswilliam@example.net,Singapore,2020-09-07,Standard,10460.86
7421,Nathan Brown,erinperez@example.com,Netherlands,2026-02-25,Standard,19578.13
1108,Jacob Williams,bryan25@example.net,Mexico,2023-02-25,Standard,32038.94
451,Shelley Miller,qvargas@example.net,India,2025-06-07,Basic,44343.19
6290,Charlotte Roy,benjamincopeland@example.com,Sweden,2023-08-05,Standard,22179.85
9967,Gina Summers,taylorelizabeth@example.org,Germany,2023-09-26,Premium,40723.83
136,Dawn Summers,ashley57@example.org,Mexico,2021-04-03,Premium,13064.67
1786,Kaitlyn Valdez,amberward@example.org,Spain,2022-02-28,Premium,3384.55
3405,Rebecca Davis,btapia@example.org,Netherlands,2026-05-24,Premium,36365.78
2907,Jacqueline Chen,qbarron@example.org,Singapore,2024-08-21,Basic,35277.09
8305,Holly Cochran,davidhanson@example.net,Singapore,2024-07-15,Basic,318.11
7493,Thomas Macdonald,nguyentiffany@example.net,Norway,2022-02-16,Premium,13622.23
6101,Nina Combs,michael64@example.com,Spain,2022-02-24,Standard,17540.9
4505,Anthony Jones,gfox@example.com,Norway,2020-03-31,Premium,27853.32
5054,Kimberly Black,paul56@example.net,Brazil,2025-08-27,Basic,7795.01
5206,Victor Yates,kelly16@example.net,Sweden,2022-04-17,Standard,27322.22
4081,Teresa Young,kflores@example.org,United States,2025-04-21,Basic,18493.39
6919,Kevin Oliver,garnerlaura@example.net,Singapore,2020-05-15,Basic,30397.98
6803,Stephanie Miller,james98@example.org,Canada,2025-03-08,Premium,7105.91
5207,Stanley Benson,frederick37@example.org,Spain,2024-07-03,Basic,29374.99
533,Adam Jackson,katherinebass@example.org,France,2023-05-12,Premium,48775.34
4831,Catherine Soto,phillipsluis@example.com,United States,2021-05-29,Standard,22333.52
4039,Regina Butler,susan48@example.com,France,2024-02-13,Basic,48939.5
4085,Christopher Carson,stephenconley@example.com,United States,2021-02-28,Basic,4002.35
3205,David Mitchell,woodheidi@example.com,New Zealand,2024-10-26,Basic,36112.56
7111,Bryce Francis,christianmckinney@example.com,India,2022-11-25,Standard,1402.84
331,Katherine Martinez,katherinecampbell@example.net,New Zealand,2025-05-13,Basic,39922.93
4958,Erika Thompson,pruittwilliam@example.org,Spain,2025-03-01,Basic,42596.64
3034,Joshua Cunningham,terricurtis@example.net,Australia,2026-03-04,Standard,13177.74
7685,Colleen Rivera,qmoran@example.com,France,2023-02-02,Basic,3435.7
1598,Amanda Hardin,justin59@example.org,Japan,2020-09-28,Premium,36763.95
9920,Jose Mendez,anthony18@example.net,Australia,2024-04-21,Standard,16857.96
3598,Christopher Miranda,waynetaylor@example.org,Canada,2024-11-29,Premium,49109.07
9039,John Moore,warnerhoward@example.org,Australia,2022-08-17,Premium,37871.32
8002,Rachel Soto,cynthia35@example.net,United States,2022-01-25,Premium,3866.25
591,Jorge Stone,john31@example.net,Singapore,2026-06-27,Premium,28420.2
648,Mark Beard,brian13@example.com,New Zealand,2023-07-02,Premium,42266.74
9103,James Gregory,gardneralexa@example.net,Norway,2022-12-08,Standard,37997.23
8016,Douglas Fuller,christopheralvarez@example.net,Mexico,2023-03-16,Premium,7510.5
3772,Teresa Li,bobby96@example.net,United Kingdom,2023-03-01,Premium,8100.06
9040,Amanda Brown,paulwilliams@example.net,United States,2021-03-23,Basic,32737.33
5083,Amanda Bishop,hibarra@example.net,France,2020-09-10,Standard,33283.85
7883,Andrew Abbott,jacksonkathryn@example.org,United Kingdom,2023-11-12,Basic,26211.77
9363,Eric Hunt,douglas63@example.net,Spain,2021-02-23,Basic,47961.38
4211,Charlene Gutierrez,thompsonlinda@example.net,France,2023-12-28,Premium,25908.63
8835,Nicole Patterson,browndenise@example.com,Singapore,2020-03-26,Basic,27474.42
8700,Shelby Gentry,russelldavid@example.com,Canada,2022-11-09,Basic,26944.87
1796,Thomas Kelly,kbrown@example.org,South Korea,2022-07-18,Premium,32071.7
2587,Sierra Cervantes,reevesheather@example.org,Brazil,2025-11-02,Basic,39696.68
8356,Eddie Velez,jessica29@example.net,Switzerland,2026-01-27,Basic,34945.65
2317,Robert Flowers,adam60@example.org,Brazil,2020-02-14,Premium,27452.79
4186,Jason Smith,denniswong@example.org,Sweden,2020-12-21,Basic,32619.56
8828,Madison Morales,colemankelly@example.org,Spain,2026-02-25,Premium,32862.14
7073,Deborah Cherry,becktracy@example.com,Australia,2022-03-10,Standard,16812.26
5235,Jillian Carrillo,xrice@example.net,South Korea,2022-09-10,Premium,3918.55
8744,Sherri Gray,gdavid@example.com,India,2023-08-21,Basic,13788.61
8671,Bobby Walker,changdaniel@example.com,Sweden,2025-10-30,Basic,16246.25
4769,Ryan Waters,brookesimmons@example.org,Canada,2020-03-24,Premium,14274.29
9973,Linda Ward,ymontgomery@example.net,Canada,2020-01-17,Basic,21887.35
7145,Dean Harrington,mullennathan@example.net,New Zealand,2025-10-08,Standard,30232.06
2914,Barbara Flores,janicedixon@example.net,United States,2022-08-17,Standard,22813.09
9872,Anita Smith,aprilperez@example.net,India,2025-07-23,Basic,49399.6
9894,Kara Lawrence,susan38@example.net,Japan,2024-11-01,Premium,21770.56
2076,Shawn Adams,eric94@example.org,Italy,2025-08-04,Basic,27488.61
4303,Timothy Chavez,ruthbass@example.com,Singapore,2022-10-08,Premium,40325.2
5823,Thomas Friedman,gmiller@example.net,Switzerland,2022-05-18,Standard,6869.12
2150,Sharon Mann,jwilliams@example.com,Argentina,2026-07-11,Standard,29200.41
145,Stephen Hoffman,johnsoncatherine@example.org,Argentina,2022-02-12,Premium,3770.96
4964,Michaela Sanchez,jacqueline12@example.net,United States,2025-03-27,Premium,17598.58
8160,Christina Davis,scottjanet@example.net,South Korea,2022-11-11,Premium,2513.69
9031,Christine Parker,michelleodom@example.com,India,2022-05-16,Basic,38961.56
4776,William Hughes,grayaaron@example.com,New Zealand,2024-02-17,Basic,32662.84
8934,Julie Mata,joshuamurillo@example.org,Italy,2025-11-10,Standard,21510.76
7750,Brenda Nicholson,baileylaurie@example.org,United States,2023-04-13,Premium,12106.95
9829,Eric Craig,stephanie26@example.com,Norway,2021-02-10,Premium,36788.27
9215,Gary Morgan,patricia97@example.com,Brazil,2023-03-05,Premium,35712.7
6061,Michael Hicks,csmith@example.org,Spain,2022-09-06,Basic,44186.41
9476,Zachary Nelson,stevensjessica@example.com,Sweden,2025-10-01,Basic,8076.94
6410,Jacqueline Roberts,johnsonlawrence@example.org,Germany,2024-06-29,Basic,13708.33
3318,Michael Bennett,leah41@example.org,Italy,2025-10-24,Premium,33859.74
7465,Stephanie Lopez,romerodawn@example.com,India,2022-08-18,Premium,27535.91
3062,Julie Sharp,samuelbullock@example.org,Sweden,2023-02-14,Premium,48367.64
1356,Patricia Anderson,vsmith@example.com,Sweden,2021-01-24,Basic,32585.8
4515,Paula Lopez,vcrosby@example.org,South Korea,2025-10-01,Standard,24677.45
5506,Melissa Newton,debbiedixon@example.com,Netherlands,2024-03-02,Standard,43214.25
5251,Rachel Yang,csmith@example.org,Germany,2025-09-06,Standard,24321.43
4512,Michael Jackson,zlambert@example.com,Australia,2024-08-29,Basic,18729.84
1731,Teresa Jones,browningmark@example.com,Canada,2025-10-10,Basic,31849.68
1759,Keith Meadows,elliottcheryl@example.net,Sweden,2022-07-07,Premium,20069.89
6651,Chris Martin,wlane@example.org,Netherlands,2024-07-22,Standard,17439.38
6647,Brittney Mccoy,djimenez@example.net,Norway,2022-06-24,Basic,21893.81
9861,Lisa Edwards,karenjefferson@example.com,Spain,2026-03-11,Premium,11574.69
4140,Natalie Mitchell,bradley11@example.org,Switzerland,2025-12-02,Basic,33721.39
9394,Debbie Snow,ylevine@example.org,Sweden,2025-03-17,Standard,23052.0
5124,Nicholas Myers,joshua56@example.com,South Korea,2023-09-13,Premium,39501.69
1,Tiffany Gonzalez,,United Kingdom,2021-03-25,Premium,9899.08
1865,Mike Freeman,wwright@example.net,France,2023-09-21,Basic,27644.91
544,Brenda Hinton,charles36@example.com,Canada,2026-06-22,Standard,10202.05
350,Sarah King,ramirezthomas@example.org,Germany,2022-03-16,Premium,48406.6
6907,Timothy Wilkinson,perezmichelle@example.com,France,2023-05-09,Standard,35743.21
9766,Thomas Lewis,ayork@example.com,New Zealand,2021-07-05,Premium,8500.99
2524,Brittany Clements MD,codyharris@example.com,New Zealand,2024-10-02,Standard,11369.45
3465,Alan Nguyen,samuel37@example.net,United Kingdom,2023-10-18,Basic,37686.23
458,Joyce Brown,martincarol@example.org,Singapore,2025-03-11,Premium,4143.77
3024,Christina Taylor,pharris@example.com,Sweden,2020-07-20,Premium,31407.27
7262,Joshua Johnson,sramsey@example.org,Germany,2024-07-03,Premium,16604.75
9516,Heather Turner,raymondbeasley@example.org,United States,2020-01-09,Premium,48891.87
7873,Katie Davis,hbaxter@example.com,South Korea,2021-05-08,Basic,11706.85
6626,Mary Compton,vdavila@example.org,Japan,2025-05-15,Standard,26923.26
2535,Katrina Johnson,millsmichael@example.net,Germany,2021-03-05,Standard,11893.51
132,Kevin Oconnor,wandabennett@example.net,Italy,2021-04-08,Basic,1919.08
3705,Janice Williams,vsalazar@example.net,United States,2021-04-30,Basic,7922.09
1373,Brenda Hale,pcarrillo@example.org,United Kingdom,2026-07-31,Basic,25432.53
6201,Brenda Simpson,kelly55@example.org,United States,2024-12-18,Basic,40956.22
4857,Joseph Cruz Jr.,daniel58@example.com,Norway,2023-10-23,Basic,29597.43
4713,Corey Mooney,alishawn@example.net,Argentina,2022-04-01,Premium,18041.57
5545,Jacqueline Owens,staffordrachel@example.com,Argentina,2025-08-26,Standard,14684.56
1414,Patrick Mcneil,larrybrandt@example.net,Netherlands,2024-10-30,Premium,38683.03
4114,Tammie Castillo,skinnerjenny@example.org,Sweden,2020-02-27,Premium,5580.01
656,Kenneth Knight,ashleycobb@example.com,Australia,2026-07-25,Basic,30617.62
8138,Kathleen Marsh,andrevaughn@example.org,India,2021-10-01,Premium,40142.04
4099,Diana Hawkins,anthonyhanson@example.com,United States,2021-12-23,Premium,7900.05
593,Raymond Chapman,loriprince@example.org,India,2021-01-06,Standard,11460.2
8709,Matthew Greene,davidjones@example.net,Singapore,2025-12-29,Standard,28199.47
3124,Paul Beasley,rnewman@example.net,Norway,2022-02-01,Basic,12013.67
3048,Ross Wallace,wallerbarbara@example.org,Singapore,2024-10-18,Premium,9200.96
3888,Sharon Sims,tgarcia@example.com,Italy,2020-03-26,Premium,5271.52
5736,Chloe Ellis,donnafrancis@example.com,Italy,2020-06-20,Basic,11310.96
2185,Elizabeth Foster,jthornton@example.net,Italy,2024-09-22,Standard,38684.39
2146,Sean Nguyen,morenobruce@example.com,United Kingdom,2022-02-05,Premium,20745.79
7048,Mary Atkinson,kyle02@example.com,New Zealand,2022-05-04,Basic,27997.52
3106,Brenda Payne,caldwelldavid@example.net,France,2021-06-12,Basic,10005.97
9234,Michael Hanson,pachecopaul@example.net,Brazil,2021-02-18,Standard,27753.64
9097,Julie Conway,catherine33@example.com,South Korea,2026-06-22,Premium,15250.86
2770,Margaret Johnson,vparker@example.com,Singapore,2021-09-15,Premium,21699.16
5222,Joseph Perez,hernandezstephanie@example.com,Germany,2021-11-04,Premium,6834.65
5834,Sarah Bush,melanie20@example.org,Switzerland,2026-05-19,Premium,40960.28
1733,Donna Frye,kathrynjohnson@example.org,France,2022-04-01,Premium,22508.65
266,Jason Rhodes,bbowman@example.net,Brazil,2022-08-17,Standard,1085.76
5145,Lisa Beard,melaniejensen@example.net,United States,2022-11-14,Basic,48630.91
8268,Daniel Wheeler,bhenderson@example.com,Argentina,2025-09-09,Basic,5989.92
3938,Stephanie Kelley,fthompson@example.org,Norway,2023-07-06,Standard,16178.99
762,Cody Ramirez,dylan02@example.org,Germany,2022-12-23,Standard,10606.22
7221,Scott Nunez,nicolerandolph@example.net,Brazil,2022-11-12,Basic,46704.37
8440,Jesus Carlson,greenjoshua@example.org,South Korea,2022-09-03,Standard,8613.66
3258,Christopher Barnes,kingandrew@example.com,Mexico,2022-09-14,Basic,29324.35
4339,Stephanie Livingston,paul82@example.org,South Korea,2025-12-14,Premium,49249.19
4363,John Zavala,ellisjeremy@example.net,South Korea,2025-07-06,Basic,17244.28
317,Heather Williams,katherinejimenez@example.org,Mexico,2025-05-03,Premium,14814.94
8070,Kathleen Odonnell,kathleenspencer@example.org,Germany,2026-07-15,Standard,49607.89
1852,Ashley King,mark31@example.com,Italy,2023-06-29,Premium,13087.53
2485,Timothy Orr,torresjessica@example.com,Canada,2021-10-06,Standard,47728.63
9874,Sara Edwards,ricesusan@example.com,Norway,2021-04-25,Basic,41031.33
9575,Tony Johnson,aprillambert@example.org,Norway,2022-05-13,Standard,39468.62
1079,Christopher Marsh,baileydonna@example.com,France,2025-09-19,Basic,25025.81
8359,Patricia Bennett,theresaking@example.org,Germany,2025-05-24,Standard,21377.33
7334,Joshua York,gramos@example.org,United States,2023-02-11,Standard,3375.25
1072,Monica Brooks,andreadunn@example.org,United Kingdom,2026-01-13,Premium,9832.2
104,Marie Christian,kathleenellison@example.org,Netherlands,2026-11-06,Standard,31258.09
5749,Carla Briggs,daniel47@example.org,Italy,2024-12-10,Basic,30800.63
1419,Logan Newton,laustin@example.com,Switzerland,2022-05-06,Standard,40632.21
1659,Pamela Watkins,fcosta@example.org,Canada,2025-05-24,Premium,5102.8
5285,Bradley Phillips,carmen18@example.com,France,2021-08-30,Basic,20874.53
1150,Matthew Watts,wrightconnie@example.net,France,2024-10-29,Standard,21492.83
7151,Kathryn Brown,lisamartinez@example.net,Italy,2023-06-12,Basic,3246.94
1569,Dr. Julie Miller,jensencharles@example.org,United States,2021-09-12,Basic,17520.77
1088,David Walker,jason12@example.net,Japan,2020-12-14,Standard,22852.24
6086,Ashley Schultz,paulahall@example.org,France,2020-03-25,Basic,14239.09
8675,William Gutierrez,jonesjessica@example.org,Canada,2023-04-25,Basic,7369.92
8342,Kim Horn,nicholas75@example.net,Mexico,2023-06-25,Premium,269.72
7812,Susan Bryant,donovankenneth@example.net,Germany,2021-10-08,Standard,11819.42
6085,Jay Peck,stanleyvalenzuela@example.net,South Korea,2021-11-30,Standard,48077.36
8774,Shannon Booker,logangraves@example.net,Argentina,2025-09-10,Basic,27809.45
8758,Felicia Vargas,mvasquez@example.net,Italy,2020-07-23,Standard,45788.21
1693,Samuel Ellis,patrickacevedo@example.org,Mexico,2024-05-22,Basic,5013.67
4735,Kyle Armstrong,toddroberts@example.org,India,2020-12-07,Standard,29811.39
3388,Julie Wilson,amandamckinney@example.net,India,2022-09-22,Basic,2730.11
3647,Alicia Perez,jamie07@example.com,New Zealand,2023-05-05,Premium,514.18
1684,Erika Gonzalez,jose66@example.org,New Zealand,2025-12-25,Basic,29463.67
9,Michael Burton,,United Kingdom,2023-03-05,Standard,23090.23
6063,Luke Bush,sherri12@example.org,Sweden,2024-12-29,Basic,31867.61
6517,Peter Zhang,shane47@example.net,Switzerland,2021-11-06,Standard,25872.79
4124,Timothy Lucero,jimenezjasmine@example.net,Canada,2026-07-22,Basic,11476.13
8730,Kelly Smith,burkebrett@example.net,Brazil,2024-04-22,Premium,26106.03
6046,Jonathan Potter,hneal@example.net,United States,2024-10-07,Standard,1850.02
568,Manuel Brock,stacy45@example.com,Brazil,2020-10-25,Premium,10633.49
9162,Alyssa Hernandez,reneegonzalez@example.net,Brazil,2024-01-06,Premium,26464.56
1804,Mr. Thomas Garcia,spencercarly@example.net,Brazil,2021-06-20,Basic,34750.95
8502,Maria Simmons,silvajoshua@example.org,Mexico,2025-04-21,Standard,33723.75
4901,Melissa Schneider,davidbrown@example.net,Sweden,2023-02-05,Standard,39505.7
1600,Shannon Rogers,qmartinez@example.net,France,2020-01-18,Standard,16202.14
7932,Ashley Simpson,paul76@example.net,Australia,2021-12-14,Premium,40208.74
9548,Andre Hernandez PhD,sarahramirez@example.org,Germany,2020-02-07,Premium,20269.91
2824,Jason Alvarez,ychapman@example.net,Argentina,2023-08-27,Premium,29733.94
5468,Thomas Floyd,steven17@example.com,Germany,2024-03-20,Premium,19317.78
3530,Adriana Johnson,qjohnson@example.com,Norway,2022-08-08,Premium,41832.92
8684,Justin Williams,hellis@example.net,Canada,2021-07-26,Basic,35249.32
1156,Dawn Parker,lindaali@example.net,Australia,2022-10-31,Premium,293.65
6548,Donna Sexton,sharpsarah@example.com,Netherlands,2026-08-01,Basic,12578.87
9089,Anna House,dean55@example.com,Netherlands,2026-07-03,Standard,20837.91
7621,Jimmy Terry,frussell@example.net,France,2022-12-18,Standard,5127.83
8297,Connor Summers,awilliams@example.com,Brazil,2022-12-09,Premium,5420.29
4541,Ana Gibson,zpitts@example.org,New Zealand,2023-06-05,Basic,43972.01
9135,Stacey Hernandez,vsmith@example.com,India,2020-01-12,Standard,40138.85
6483,Randall Johnson,thompsonmichael@example.com,Japan,2023-03-31,Premium,47616.33
5827,Brittany Ortiz,ebony44@example.com,Australia,2022-09-10,Premium,21876.38
1191,Karen Gomez,hamiltonyolanda@example.com,United States,2024-10-20,Standard,26423.65
7445,Jeffrey Glenn,morgancruz@example.net,Netherlands,2020-01-30,Standard,20568.65
8521,Elizabeth Villarreal,lvazquez@example.com,India,2024-01-20,Basic,48884.05
961,Rebekah Gregory,joyhampton@example.com,Canada,2026-05-05,Premium,47668.8
7455,Charles Smith,adampearson@example.net,United Kingdom,2022-12-15,Basic,1262.36
37,Christopher Smith,,United States,2023-03-18,Basic,17174.18
7517,Larry Benson,wendy16@example.org,New Zealand,2022-05-08,Premium,20300.83
7645,Tracy Smith,theresatucker@example.com,Sweden,2024-02-16,Basic,22793.44
4439,Lisa Hall,paulspence@example.com,United Kingdom,2025-01-29,Premium,23219.19
6162,Clayton May,jrodriguez@example.net,Spain,2025-03-31,Standard,17935.28
7745,Angela Collier,lindseysarah@example.org,Italy,2023-12-06,Premium,34041.94
9588,Joseph Larson,deannamccall@example.net,Italy,2025-08-05,Basic,25297.56
8120,Ryan Reynolds,omorrow@example.net,South Korea,2026-03-07,Premium,13591.68
6968,Tyler Russell,michaelyoung@example.org,Brazil,2021-10-25,Standard,44874.34
5719,Beth Sanchez,stevensimmons@example.net,Canada,2021-04-29,Basic,6642.52
578,Michael Gonzales,david85@example.net,Netherlands,2025-11-10,Basic,25330.53
9834,Jill Gonzalez,staceyryan@example.net,Switzerland,2024-08-21,Basic,1942.76
4103,Larry Curtis,egonzalez@example.com,France,2026-04-13,Basic,34114.32
7647,Ashley Morris,jimmy40@example.org,Japan,2022-08-04,Standard,12752.7
4152,Glenn Chen,zachary45@example.org,Italy,2025-10-14,Basic,25110.38
3131,Joshua Simpson,bellsusan@example.net,Mexico,2023-05-10,Premium,5840.44
4891,Ashley Olson,vrice@example.net,Argentina,2021-06-11,Premium,38637.78
9976,Shannon Romero,ddavila@example.com,Spain,2025-05-05,Basic,17995.97
7472,Dalton Santos,linda20@example.org,Norway,2024-03-12,Basic,36000.75
1834,Mrs. Ashley Taylor,garciadavid@example.org,New Zealand,2025-02-04,Premium,49788.52
9149,Mr. Robert Cooper Jr.,jessicaparker@example.com,Netherlands,2024-05-04,Premium,4929.2
4892,Mr. Joseph Bush,shannonli@example.com,Italy,2020-12-18,Basic,14163.59
2288,James Morse,tommy13@example.net,Netherlands,2020-12-27,Premium,5078.49
1331,James Barber,wattsjason@example.net,Japan,2022-06-19,Basic,44618.78
2772,Rachel Williams,epark@example.org,South Korea,2022-10-09,Basic,48284.43
3687,Amber Bennett,devinwebb@example.org,Mexico,2022-05-11,Basic,43131.0
8284,Jennifer Moore,jacobgutierrez@example.net,Spain,2021-08-06,Standard,23800.95
5929,Dawn Meyer,diaztimothy@example.org,Brazil,2024-06-24,Premium,28812.43
638,Daniel Brown,jacqueline32@example.com,France,2022-10-27,Premium,34295.1
48,Jeremy Dalton,,New Zealand,2026-06-15,Standard,21809.53
2603,Jenny Gray,jeffersondenise@example.net,Mexico,2022-07-16,Premium,35688.26
1966,Charles Roberts,zryan@example.net,Spain,2022-03-17,Premium,44582.67
2169,Paul Willis,alexreid@example.org,South Korea,2022-03-15,Basic,1091.05
5050,Kayla Williams,wolfelaura@example.net,Germany,2023-12-20,Standard,16182.23
3335,John Moore,jcampbell@example.com,United Kingdom,2026-02-13,Basic,49244.6
3020,Mandy Henderson,ablack@example.net,United States,2023-10-01,Basic,587.2
8765,Nicole Collins,abbottjeffrey@example.net,Japan,2023-09-09,Basic,9743.75
9177,Jesus Sawyer,johnsonamanda@example.com,Mexico,2023-05-18,Premium,33074.96
1361,Michael Henderson,zcarlson@example.org,United Kingdom,2026-03-01,Premium,36230.32
5799,Theresa Goodman,aholmes@example.net,Switzerland,2020-05-14,Basic,43699.28
9401,Heather Mitchell,charlesjones@example.net,Canada,2022-04-04,Premium,9732.14
3252,Chad Bennett,alejandro47@example.com,Brazil,2023-10-22,Basic,49790.37
6301,Leah Owens,jesserogers@example.com,Singapore,2020-08-13,Standard,18960.63
2252,Jonathon Conley,ypearson@example.org,Germany,2020-10-25,Standard,49121.71
6028,Jodi Miller,michaelchang@example.org,Italy,2021-12-05,Premium,30769.55
1176,Suzanne Bailey,gward@example.com,India,2023-03-24,Standard,20791.7
8800,Kevin Lee,zmurphy@example.org,Singapore,2024-07-24,Premium,30171.49
3280,Michael Barr,aaronmarshall@example.net,France,2023-09-27,Basic,14012.64
2974,Jenna Garcia,mckayrachel@example.org,Argentina,2026-02-10,Premium,19263.31
3397,Stephen Thompson,cynthiamiller@example.net,France,2021-12-15,Premium,31730.78
6940,Anthony Terry,chadbaldwin@example.com,Canada,2024-08-12,Standard,29464.13
966,Ernest Bush,colleen19@example.com,United Kingdom,2021-04-19,Premium,33709.63
8575,Kenneth Howell,kallen@example.net,Australia,2022-11-19,Premium,42294.19
743,Jason Herrera,cassandra31@example.net,Switzerland,2024-03-31,Standard,38948.38
7515,Timothy Johnson,campbellrobert@example.com,Mexico,2026-01-17,Standard,48760.52
3315,Emily Pearson,blake69@example.org,India,2021-12-23,Premium,22600.83
4899,Jeffery York,guerragina@example.net,New Zealand,2024-11-18,Premium,23860.53
9341,Joseph Henry,joycestephen@example.org,Canada,2026-07-10,Standard,3325.37
4673,Michael Brown,joseph09@example.org,France,2023-08-15,Basic,11110.55
8619,Jenny Durham,timothy08@example.org,Canada,2023-03-08,Basic,19128.68
1218,Elizabeth Hart,spencer55@example.com,Argentina,2021-10-28,Basic,27536.64
4398,Wyatt Rodriguez,michaelhorton@example.net,New Zealand,2022-12-18,Basic,17804.27
6081,Jennifer Baker,matthew82@example.com,Mexico,2024-02-01,Premium,39493.69
2615,John Moore,craig32@example.org,Australia,2022-08-10,Premium,4641.55
2621,Colton Williams,timothy33@example.net,Germany,2020-08-24,Premium,30203.75
8715,Emily Rush,zperez@example.org,United States,2021-08-03,Premium,31.67
7283,Richard Miller,robertojones@example.com,Brazil,2025-08-29,Premium,37730.43
3380,Kelli Shepard,martinjennifer@example.net,Spain,2021-02-19,Premium,5046.93
7302,Jonathan Tanner,edwardkelly@example.net,Sweden,2026-02-15,Premium,49733.53
9858,Dawn Hampton,mullendaniel@example.org,United States,2023-05-08,Basic,34261.48
5606,Mark Townsend,mandyknapp@example.org,United States,2024-02-27,Standard,15708.73
9814,Benjamin Walker,lyonshenry@example.net,Spain,2022-03-18,Standard,14571.43
5787,Randy Jones,sotomadison@example.net,Brazil,2026-07-25,Standard,34686.14
8519,Douglas Martin,tiffany91@example.com,United Kingdom,2020-03-31,Basic,36153.09
6851,David Nguyen,matthew81@example.com,New Zealand,2024-11-09,Basic,47192.59
1517,Kim Beltran,aguilarbryce@example.net,United Kingdom,2024-12-12,Premium,18857.99
5099,Sally Fernandez,morajames@example.com,France,2023-05-13,Premium,11393.84
7637,Brandon Pena,ohahn@example.net,Singapore,2026-03-10,Basic,17837.89
9086,Jacqueline Ramos,bryanbonnie@example.com,Norway,2021-01-29,Premium,33793.83
8024,Jeffrey Leonard,kelly76@example.org,Norway,2024-07-13,Basic,2280.84
2393,Stephanie Parker,gknight@example.net,Canada,2024-11-14,Standard,13181.28
587,Mary Kelly,rglover@example.org,France,2023-01-07,Premium,46084.79
3520,Jacob Paul,anelson@example.org,France,2025-09-06,Basic,16839.73
7654,Travis Hughes,dennis11@example.net,Argentina,2025-02-09,Basic,35609.93
8947,Steven Yang,kyle48@example.com,United States,2025-01-29,Premium,48027.76
851,James Washington,hstewart@example.com,Netherlands,2020-12-02,Basic,27238.41
336,Michelle Ho,cward@example.org,Singapore,2024-04-25,Basic,18761.78
6635,Robin Terry,smithgary@example.org,United States,2021-10-18,Basic,47203.74
8973,Mark Page,blackwelljoshua@example.net,Netherlands,2026-01-12,Standard,34186.61
7494,Linda Johnson,patricia87@example.org,Argentina,2022-04-10,Basic,5416.51
2869,Brett Owen,loweandrew@example.net,United States,2023-07-14,Premium,12208.45
4873,Nancy Bradford,jonathanmartin@example.org,Sweden,2023-03-06,Premium,4573.67
3551,Edward Manning,pkirk@example.net,Argentina,2020-05-07,Basic,47138.98
3843,Kendra Smith,morgan54@example.org,Switzerland,2020-04-01,Premium,27235.52
7263,Sherri Guzman,ramirezwalter@example.net,Switzerland,2023-04-09,Premium,48511.85
5825,Peter Haynes,allenjeremy@example.net,Brazil,2023-11-26,Standard,38952.15
24,Spencer Haynes,,Australia,2023-11-27,Standard,7203.37
1454,Michael Carr,elizabeth94@example.com,Canada,2023-03-04,Standard,5046.34
1685,Erika Maxwell,scott12@example.com,South Korea,2026-02-03,Premium,42932.92
2311,Jose Hartman,rodney86@example.org,Sweden,2022-05-04,Premium,22271.95
9064,Brandy Hogan,osaunders@example.net,France,2023-12-29,Basic,39723.92
9407,Timothy Small,johnmoreno@example.com,Brazil,2022-03-02,Basic,27329.89
382,Nicole Gonzalez,qbrown@example.net,Germany,2024-09-04,Standard,8204.76
5815,Christine Meza,kimstein@example.net,Canada,2023-01-10,Basic,30763.56
5551,Jacob Kennedy,jacobmata@example.org,United States,2026-02-22,Standard,41847.47
9309,Katherine Frey,ocalhoun@example.org,Australia,2026-03-12,Premium,45170.35
1619,Tyler Baker,jennifernorris@example.org,New Zealand,2021-09-14,Standard,1719.06
790,Tom Foster,davidward@example.org,Japan,2025-08-17,Standard,38214.33
5984,Charles Gonzales,catherine17@example.org,Germany,2022-07-14,Standard,19715.03
8673,Mrs. Valerie Ramirez,fernandezjonathan@example.org,Italy,2021-02-21,Standard,25260.72
4476,Willie Perez,robertsonpamela@example.com,Mexico,2026-06-14,Basic,3928.04
5607,Michael Lee,powersvanessa@example.net,Mexico,2020-03-12,Basic,33588.26
9313,Brian Hunter,bakerchristopher@example.com,Netherlands,2022-08-31,Standard,25822.88
5649,Nathan Jones,vjohnson@example.org,Brazil,2024-12-01,Premium,28780.7
6217,Alexandria Cox,jeffreyestrada@example.com,Netherlands,2022-04-24,Basic,25261.77
2287,Michelle Simpson,fjohnson@example.com,Netherlands,2024-08-09,Premium,12620.76
9994,Richard Pruitt,glennpacheco@example.org,Netherlands,2021-11-28,Premium,27262.21
7579,Andrew Morales,lisa28@example.com,Singapore,2022-08-30,Basic,22807.58
1184,Tonya Ellis,randall36@example.org,United Kingdom,2021-11-18,Basic,48337.53
6002,Ashley Coleman,kyle15@example.com,Australia,2026-04-27,Premium,34029.77
5091,Dustin Williams,powersjoseph@example.net,Brazil,2023-07-07,Premium,36343.19
2517,Jennifer Anderson,rsullivan@example.org,Japan,2022-09-02,Premium,47638.24
4123,Bryan Thomas,williammartin@example.com,Switzerland,2022-07-14,Basic,24790.74
5522,Melinda Jacobs,harmonjanet@example.org,Spain,2023-11-27,Basic,11126.63
5628,Dorothy Osborn,eandrews@example.net,Switzerland,2024-02-17,Basic,42233.93
8361,Melissa Jones,olittle@example.com,Canada,2020-12-04,Premium,38305.37
5873,Rodney Avila,rebeccayoung@example.net,United States,2023-02-09,Basic,6860.81
8613,Carlos Sawyer,mfranklin@example.com,Norway,2021-01-18,Premium,8758.97
7728,Hayley Carter,louis70@example.com,Sweden,2020-12-08,Premium,37228.72
5969,Jennifer Barrett,christinaramsey@example.com,New Zealand,2020-01-12,Premium,13359.16
1181,Tina Walter,rwilliams@example.net,Japan,2020-11-05,Basic,20643.06
8763,Michael Cardenas,suzanne86@example.org,Japan,2021-11-26,Standard,34231.89
8236,Ashley Vazquez,daniel08@example.org,Singapore,2020-05-04,Premium,25344.57
2819,Benjamin Sullivan,ycook@example.com,Mexico,2021-09-24,Basic,47834.63
9965,Lisa Kirk,catherineadams@example.net,South Korea,2021-11-15,Premium,29931.64
8704,Abigail Miller,alicia92@example.com,Australia,2020-08-15,Standard,10911.76
6609,Charles Poole,david72@example.com,Italy,2025-05-05,Premium,25566.9
2821,Mckenzie Green,josephkey@example.com,South Korea,2024-07-03,Premium,49292.89
7536,Robert Frank,hannah51@example.com,Australia,2024-04-25,Standard,20592.67
2261,Nicholas Cisneros,ataylor@example.net,Canada,2020-11-01,Standard,4662.97
2240,Lisa Morgan,stephanie81@example.com,United States,2024-08-02,Premium,6783.32
6022,Joseph Dougherty,fross@example.com,Italy,2025-10-30,Standard,4382.29
783,Eric Henry Jr.,hansenjessica@example.org,Australia,2022-03-23,Standard,9301.22
933,Martha Smith,bruceochoa@example.com,New Zealand,2026-01-06,Basic,21354.15
6203,Patricia Acosta,lcastaneda@example.com,India,2022-09-19,Premium,42210.2
2413,Richard Miller,riverajason@example.com,Sweden,2022-06-27,Premium,14136.84
6998,Aaron Boyd,fpadilla@example.com,Canada,2020-03-31,Standard,4135.08
9116,Kyle Williams,johngonzalez@example.com,Switzerland,2025-10-13,Standard,45734.17
1157,Michael Fitzgerald,stevengray@example.net,Canada,2020-12-06,Standard,31434.22
8108,Vanessa Boone,ndrake@example.net,Spain,2020-05-28,Basic,18998.5
5806,William Phillips,huangkayla@example.org,Canada,2021-01-28,Standard,15601.21
4880,Wayne Jackson,cartermichael@example.org,Mexico,2024-05-09,Basic,5864.52
3310,Lacey Hall,esawyer@example.net,New Zealand,2026-02-27,Premium,49212.92
8962,Dr. Terri Valdez,nancy83@example.net,Norway,2020-05-29,Premium,5935.2
1703,John Mack,brookegalvan@example.net,Switzerland,2020-09-03,Basic,31748.0
2493,Savannah Stokes,pattersondanielle@example.net,Switzerland,2022-04-07,Basic,35272.29
3707,Robert Martin,twong@example.org,Argentina,2022-05-17,Premium,45570.59
8277,Brandon Ferguson PhD,susancherry@example.net,Singapore,2020-12-09,Basic,42162.11
287,Kelsey Rodriguez,lmaldonado@example.org,Australia,2025-01-02,Standard,48200.64
1609,Mary Houston,cynthia88@example.org,Japan,2024-03-13,Standard,5843.36
6632,Jessica Smith,christina13@example.com,Italy,2026-02-08,Standard,41494.05
8279,Scott Herrera,leahpitts@example.org,Argentina,2025-01-26,Basic,14213.95
7316,John Jackson,sandratrujillo@example.org,Australia,2024-06-09,Premium,37396.18
2253,Jennifer Gonzalez,stevenwoods@example.net,Canada,2020-03-29,Basic,47135.25
7416,Jeffrey Brown,pjohnson@example.com,Netherlands,2021-02-25,Standard,7798.28
8366,Ronald Martin,clozano@example.org,Japan,2024-10-15,Premium,13986.7
1892,Joshua Gonzalez,lopezkylie@example.com,Australia,2023-11-10,Basic,3626.07
5063,Allison Cunningham,michaelfisher@example.com,Argentina,2021-07-06,Premium,38874.45
6121,Amy Webb,reeddana@example.net,Australia,2025-03-17,Basic,47422.29
564,Arthur Hamilton MD,derekreeves@example.net,Italy,2021-07-06,Standard,45433.49
292,Jeffrey Mendez,ashley99@example.net,Australia,2020-10-25,Premium,39762.99
4717,Patrick Garcia,onealdiane@example.com,Spain,2022-01-25,Premium,38660.64
7709,William Edwards,cathy88@example.com,Italy,2025-06-29,Standard,41495.11
6350,Earl Marquez,trichardson@example.net,Mexico,2020-08-18,Premium,18194.35
170,Nichole Alvarez,kendrakirby@example.net,Germany,2022-08-24,Premium,5671.75
268,Joann Ferguson,itucker@example.org,Singapore,2025-04-18,Basic,24252.75
4639,Holly Underwood,chasethomas@example.com,New Zealand,2020-12-06,Standard,41761.55
7078,Jonathan Stanley,brittanycabrera@example.com,Japan,2023-04-19,Basic,22031.22
3356,Michelle Larsen,bsmith@example.com,New Zealand,2021-07-18,Standard,28309.69
8280,Hannah Smith,kristinshaw@example.net,United Kingdom,2020-05-25,Premium,7481.27
316,Lance Simmons,lcurry@example.com,United Kingdom,2025-05-04,Basic,14628.5
6729,Laura Davila,estafford@example.org,United Kingdom,2022-11-20,Standard,14518.98
9496,Heather Ross,tyler85@example.net,Mexico,2026-07-12,Basic,15164.22
4068,John Browning,joneschristopher@example.net,Germany,2021-08-31,Premium,46178.9
246,Jake Campbell,lorijohnson@example.com,Argentina,2022-11-22,Basic,1000.96
253,Jenna Larson,heather91@example.com,Argentina,2026-03-23,Basic,9590.94
1112,Sandy Baker,yarcher@example.com,Japan,2022-12-27,Standard,40834.15
4802,James Robinson,michelle52@example.net,Germany,2022-04-13,Premium,35095.26
1714,Steven Cook,kendra75@example.org,Netherlands,2025-02-21,Standard,23315.54
51,Matthew Moore,noatsign000example.com,Brazil,2023-06-28,Standard,22609.37
1836,Garrett Wilson,gibsonanthony@example.org,United Kingdom,2022-06-06,Basic,14838.25
7897,Timothy Fuentes,seth01@example.com,Sweden,2022-08-15,Standard,9489.35
3384,Craig Wagner,rogersbrittany@example.com,Australia,2022-01-12,Premium,12827.65
6411,Jennifer Tran,vcombs@example.net,Norway,2024-02-03,Premium,13499.32
4314,Timothy Sanchez,kyle22@example.net,Switzerland,2022-09-08,Standard,28495.81
873,Nicole Barker,danielthompson@example.net,Germany,2026-07-29,Premium,40747.69
1255,Theresa Woods,michaelmathews@example.net,Germany,2026-05-03,Standard,43268.83
8882,Joshua Scott,jonesduane@example.com,Switzerland,2022-09-11,Premium,43143.34
5852,Benjamin White,brownsean@example.net,Canada,2020-09-20,Premium,31333.26
5703,Nicole Sanchez,moyernancy@example.org,Japan,2024-12-18,Basic,162.31
8104,David Cruz,cassie60@example.org,Netherlands,2021-08-25,Standard,17996.52
2099,Mark Reeves,andrewsmith@example.org,South Korea,2020-08-15,Premium,47679.47
5129,Andrew Lam,lynnhoffman@example.net,France,2025-02-11,Basic,36994.05
249,Michael Mitchell,npowell@example.com,Norway,2020-12-08,Standard,10063.21
6562,Jasmine Scott,olopez@example.org,United States,2023-10-23,Basic,35928.58
1340,Morgan Cummings,zoliver@example.net,Norway,2020-08-20,Premium,18564.17
7018,Crystal Shelton,ltaylor@example.org,Brazil,2022-06-26,Premium,13706.71
2111,Nicole Moore,christophertapia@example.com,France,2024-12-10,Premium,35593.78
1570,Ann Kennedy,jefferyroberts@example.net,Argentina,2022-03-16,Premium,339.0
1727,Arthur Reed,theresaroberts@example.net,Japan,2022-07-11,Basic,46754.05
8385,Donald Smith,alexis93@example.org,South Korea,2026-06-07,Premium,43212.04
6941,Mrs. Miranda Johnston,rebecca32@example.org,Mexico,2022-10-29,Standard,20728.91
4396,Virginia Mendez,angelablackwell@example.com,United Kingdom,2024-10-11,Premium,4497.73
2421,Andrea Taylor,mnguyen@example.org,Canada,2024-09-01,Premium,39137.1
3046,Aaron Munoz,floresheather@example.com,Netherlands,2026-06-10,Basic,9013.93
5504,Benjamin Johnson,lydia20@example.net,Mexico,2024-03-15,Basic,40559.16
3704,Taylor Johnson,anna69@example.net,Canada,2020-05-02,Premium,18082.74
8192,Daniel Kim,sabrina29@example.net,New Zealand,2025-12-25,Premium,26371.15
5332,Felicia Matthews,nhunter@example.com,South Korea,2023-09-15,Standard,6173.91
9809,Kristi Choi,kimberlythomas@example.com,France,2025-02-09,Basic,43011.37
448,Lisa Perry,emilyharper@example.net,India,2026-04-14,Premium,12249.28
7895,Vicki Fry,mcphersonjohn@example.org,Spain,2020-01-09,Standard,16338.42
8729,Luke Carpenter,matthew35@example.com,Spain,2021-11-23,Premium,5289.24
7829,Karen Mitchell,justin69@example.org,United States,2022-10-23,Premium,14904.68
1769,Heather Hernandez,lsmith@example.net,Sweden,2022-05-21,Premium,32718.47
6809,Tammy Cox,gina41@example.com,Canada,2022-12-05,Standard,3042.49
4705,Jason Davis,robert68@example.com,Brazil,2021-02-15,Standard,46478.71
3870,Patricia Hale,bpineda@example.net,Australia,2021-08-17,Premium,24760.07
1656,Robert Hendrix,bethany16@example.com,New Zealand,2020-03-08,Basic,36116.18
3188,Hailey Lewis,dboone@example.net,Canada,2022-05-06,Premium,4910.96
684,Nicole Phillips,rfoster@example.com,New Zealand,2023-10-16,Premium,16548.74
4171,Jennifer Howard,tammystevens@example.com,United Kingdom,2022-04-19,Standard,29820.94
4478,Jasmine Day,changpatricia@example.com,Argentina,2020-03-17,Basic,13351.65
462,Zachary Michael,jessica65@example.net,New Zealand,2026-05-26,Standard,39592.85
5765,Rose Jackson,margaret37@example.org,Netherlands,2024-07-20,Basic,24484.54
7523,Kelly Beck,simmonsmorgan@example.com,Sweden,2022-09-28,Basic,7436.66
4503,Nicole Williams,colin84@example.com,France,2020-12-12,Basic,42337.1
9710,Andre Berger,alejandrokeller@example.com,Singapore,2021-04-03,Standard,38680.96
319,William Gould,vickigarcia@example.org,Netherlands,2024-05-14,Premium,841.39
1146,John Hall,brian68@example.org,Brazil,2022-08-06,Premium,47217.42
5095,Lauren Barr,russell44@example.net,Australia,2024-10-22,Premium,36897.55
1394,Wesley Browning,williamhernandez@example.net,United States,2024-03-29,Basic,4168.92
6624,Jared Carter,thomascoleman@example.net,Australia,2023-03-14,Basic,21916.27
1502,Angel Meyer,laurahurst@example.net,United States,2023-04-25,Basic,9179.96
6409,Richard Moore,jonathanjohnson@example.net,Netherlands,2022-01-10,Basic,12979.1
377,Kelly Lee,amedina@example.com,Sweden,2024-04-07,Standard,16526.05
411,Jamie Baird,deborahcoleman@example.com,Germany,2020-03-19,Basic,39811.14
1661,Michael Tran,brandon04@example.com,India,2020-12-06,Basic,40174.38
3152,Jessica Patterson,jane49@example.net,Switzerland,2021-05-31,Standard,19756.61
1624,Benjamin Duncan,james87@example.org,Sweden,2021-12-08,Standard,21270.43
5610,Sandra Casey,bradleygreer@example.net,France,2020-12-18,Standard,30697.41
8533,Jamie Woods,curtishannah@example.com,Argentina,2024-07-01,Basic,10486.19
5803,Debbie Koch,justin51@example.com,Spain,2025-11-16,Basic,25827.71
5307,Paige Jordan,christianjohnson@example.org,Spain,2024-04-21,Standard,47598.2
7087,Nancy Jones,reedconnie@example.org,India,2025-09-13,Premium,21074.44
8898,Andre Payne,traci91@example.net,Mexico,2021-02-03,Premium,18077.56
7489,Richard Jackson,ltaylor@example.com,Mexico,2025-05-13,Premium,33601.89
9616,Richard Brooks,piercejohn@example.com,Canada,2026-05-08,Standard,17488.49
9218,Samantha Jackson,janeclarke@example.net,Italy,2021-04-28,Standard,22945.78
1673,Joseph Davis,pmorales@example.net,New Zealand,2020-03-03,Standard,34423.31
2359,Kari Jones,ortizcourtney@example.net,Japan,2021-06-06,Standard,41672.27
8468,Tracy Diaz PhD,lisa72@example.com,Japan,2020-12-02,Premium,30625.43
275,Ryan Rosales,ian54@example.org,Brazil,2024-08-25,Basic,6232.02
2474,Lonnie Miller,jonesmark@example.com,United Kingdom,2026-03-30,Basic,30135.64
5490,Troy Ward,katrina35@example.net,France,2020-07-17,Premium,5814.34
4772,Sarah Wall,miareeves@example.org,United States,2024-08-05,Standard,47412.59
2108,Andrew Cook,stephaniedavis@example.org,Spain,2023-03-12,Premium,48028.93
7501,Richard Schmidt,daughertydarrell@example.net,Switzerland,2021-03-13,Basic,26825.73
4415,Christine Kennedy,larry02@example.com,Canada,2025-02-02,Premium,7393.96
8139,Nichole Smith,devon00@example.org,Japan,2024-08-27,Basic,11331.71
8661,Brenda Brooks,michaelchandler@example.org,United Kingdom,2021-04-17,Basic,21820.97
8240,Dr. Tiffany Booker,webbrobert@example.net,Australia,2026-06-06,Basic,2205.08
2418,Tammy Larson,fstewart@example.org,Germany,2020-09-09,Basic,24079.67
8772,Nathan Hickman Jr.,fernandezwilliam@example.com,Germany,2026-02-21,Basic,37693.44
2237,Brendan Walton,ryanclark@example.com,France,2025-07-26,Standard,3574.63
3768,Phillip Ward,nathanielbrown@example.org,Brazil,2024-03-17,Premium,48022.77
9792,Scott Hamilton,whiteheadandrea@example.org,United Kingdom,2021-03-13,Standard,43640.68
9990,Katherine Moore,ugomez@example.org,United Kingdom,2022-09-23,Premium,2776.27
9966,Jonathan Hughes,wsmith@example.com,New Zealand,2026-05-16,Standard,11374.3
7324,Larry Wilson,jasonbenson@example.com,South Korea,2020-02-25,Basic,38099.1
1384,David Moreno,melissa80@example.net,Australia,2025-05-30,Standard,17837.53
3102,Jennifer Brown,jbowman@example.com,Norway,2024-08-27,Standard,42617.88
3922,Matthew Bartlett,janice84@example.org,New Zealand,2024-09-30,Premium,802.14
6686,Jodi Jimenez,eric08@example.net,Japan,2020-12-27,Premium,6554.55
3195,Jessica Adams,mking@example.org,Canada,2024-11-28,Premium,2437.45
1942,Heather Guzman,morrismelissa@example.org,Italy,2021-04-18,Premium,16344.16
7714,Abigail Riddle,hollowaylouis@example.net,United Kingdom,2022-06-19,Premium,1701.97
4897,Stephen Roth,franklinmegan@example.net,Sweden,2021-10-12,Premium,42340.87
4783,Christina Aguilar,mariah26@example.org,United States,2020-03-17,Premium,32091.29
1497,Shane Short,michellejohnson@example.com,Singapore,2023-08-02,Basic,35213.43
1958,David Davis,xsanchez@example.com,India,2023-12-18,Standard,11407.9
9172,Carlos Reid,tmunoz@example.org,India,2020-03-26,Premium,21010.44
9746,Mark Martinez,bradfordchad@example.org,United States,2023-04-10,Basic,38845.2
7333,Julie Allen,paul36@example.com,Japan,2026-07-29,Basic,27325.29
7950,Jeff Thompson,hensleyjanet@example.org,Switzerland,2026-07-08,Basic,36255.63
3018,Kevin Miller,erin77@example.org,Spain,2025-01-06,Premium,16436.42
6747,John Clark,rogersalisha@example.net,France,2020-04-29,Premium,11885.27
514,Robert Jackson,mgreen@example.com,Mexico,2025-05-12,Premium,28916.28
3935,James Cummings,qpadilla@example.net,Brazil,2023-11-10,Basic,3489.96
3026,Lori Gardner,hferguson@example.net,United Kingdom,2025-06-19,Premium,8081.56
1200,William Prince PhD,alison10@example.com,United States,2020-11-09,Premium,44023.36
5029,Thomas Lewis,johnward@example.org,Norway,2022-08-03,Standard,37303.74
9785,Christopher Hodges,jenna55@example.net,Spain,2020-08-25,Premium,37232.04
922,James Chapman,vthornton@example.org,Argentina,2023-05-25,Basic,24089.38
4650,Cassandra Fry,nmorgan@example.org,United States,2024-11-23,Standard,2836.08
5333,Robert Keith,crawfordmary@example.net,Argentina,2025-04-24,Basic,41631.68
1077,Matthew Hunt,valeriebennett@example.com,United Kingdom,2022-03-08,Premium,11634.05
6769,Alexandria Collins,cperez@example.com,India,2022-02-13,Standard,21756.74
9411,Erik Wilson,rileynicole@example.org,Argentina,2022-05-04,Basic,19111.83
1672,Aaron Young,jorgelucas@example.net,Brazil,2022-06-29,Premium,1505.85
475,Jennifer Miranda,summersmelvin@example.org,United Kingdom,2025-04-18,Standard,35682.37
9187,Melanie Thompson,robrien@example.net,Japan,2021-09-05,Premium,20052.75
8840,Jonathan Miller,jclark@example.com,Sweden,2025-03-16,Basic,7570.96
5759,Timothy Smith,mckeedestiny@example.net,Australia,2022-12-11,Basic,36983.04
6298,Donald Mays,rebeccaturner@example.net,New Zealand,2024-07-30,Premium,19275.76
2479,Bethany Robles,elizabeth23@example.net,Germany,2023-02-25,Basic,37402.77
5494,Melissa Robinson,garyharper@example.org,Mexico,2020-07-04,Basic,11113.76
3915,Victor Brown,joneal@example.net,Germany,2023-09-25,Standard,46085.91
2139,Steven Small,tamara01@example.net,Canada,2024-06-30,Basic,34316.58
5455,Kristie Hendrix MD,bdavis@example.net,New Zealand,2025-11-15,Standard,6082.59
5380,Joshua Williams,lbecker@example.org,Japan,2021-03-04,Basic,39720.57
8986,Kevin Hernandez,moraleshayden@example.org,United States,2023-04-22,Basic,45158.38
4024,Joel Mclean,victoria12@example.com,Japan,2020-09-02,Standard,45379.92
3486,Carlos Adams,michellecooper@example.org,New Zealand,2022-09-02,Basic,30755.65
2456,Karen Chambers,sandersbrian@example.com,Singapore,2026-05-01,Standard,39343.41
2465,Jesus Hale,jennifer79@example.net,Singapore,2022-12-28,Premium,26150.96
8697,Jenna Ramsey,vstone@example.org,United States,2023-06-27,Standard,41948.61
1370,Jerry Johnson,hwatts@example.org,Sweden,2020-01-24,Basic,35131.88
6689,Andrew Powell,terri77@example.org,Canada,2020-10-05,Standard,26026.52
7457,Joseph Cook,mossgary@example.org,Italy,2024-12-08,Standard,23697.82
9975,Isabella Cook,reeddenise@example.com,Norway,2020-09-27,Premium,18705.74
1902,Ronald Brown,michael87@example.com,Sweden,2021-01-21,Standard,39132.22
4872,David Lynn,vanessadillon@example.com,Switzerland,2026-07-04,Premium,7311.24
4711,Michael Wilson,gabriellearcher@example.net,Sweden,2026-03-18,Premium,3887.37
7887,Michael Mckee,petersonjessica@example.org,Italy,2024-09-01,Premium,18883.43
1794,Francisco Johns,tannererica@example.org,Singapore,2020-06-02,Premium,27037.43
2875,Angela Reyes,estrickland@example.net,Canada,2024-05-30,Basic,109.42
6218,David Gutierrez,gsingleton@example.com,United States,2023-06-05,Premium,24528.55
5214,Alexis Wells,robert31@example.org,Argentina,2026-06-30,Premium,875.4
2246,David Robles,johnwalker@example.net,United States,2021-09-22,Premium,44429.12
1742,Sarah Wallace,stephanie11@example.com,New Zealand,2022-02-10,Basic,44771.62
1021,Sharon Newton,andrewgoodwin@example.com,Argentina,2024-12-27,Basic,45403.21
706,Richard Adams,tapiasamuel@example.org,Switzerland,2023-10-12,Standard,46071.77
4295,James Henry,juliacox@example.net,United States,2023-09-18,Standard,38580.06
5577,Diana Kemp,david67@example.com,Singapore,2021-08-06,Standard,43320.07
7167,Alicia Nguyen,zjordan@example.net,Brazil,2023-12-29,Premium,13815.96
8178,Debbie Lamb,tclark@example.net,Mexico,2020-10-21,Basic,28666.53
909,Brenda Gonzalez,georgerivera@example.net,France,2025-10-13,Premium,13384.14
5194,Emily Henderson,graysarah@example.org,South Korea,2022-08-22,Premium,26456.17
3078,Carrie Stafford,stephenwilliams@example.net,United Kingdom,2022-04-23,Standard,9329.24
9367,Angel Ryan,lauren26@example.com,Spain,2020-12-27,Basic,39820.28
595,Jason Nixon,moralesjohn@example.net,Argentina,2022-03-01,Basic,69.51
5305,Leslie Barton,swilliams@example.net,Italy,2022-10-31,Basic,46199.77
441,Elizabeth Sharp,camposbruce@example.net,Italy,2024-11-11,Basic,32216.54
7607,Anthony Hoover,ginaruiz@example.org,Netherlands,2020-08-11,Basic,47422.54
4093,Katherine Caldwell,iaguilar@example.org,Italy,2023-02-20,Premium,11570.89
6135,Brittany Johnson,darlenekelly@example.com,Singapore,2025-02-27,Premium,3900.31
11,Barbara Riggs,,Argentina,2025-07-26,Basic,44717.92
3777,Robert Cooper,antoniohudson@example.com,France,2020-01-27,Premium,42247.94
9000,Victoria Williams,debbie79@example.net,India,2023-06-29,Basic,25147.56
3709,Mark Montoya,nhartman@example.net,Brazil,2023-01-19,Premium,38924.1
3781,Kimberly Morris,ykennedy@example.org,Netherlands,2020-11-09,Premium,29469.85
94,Colin Terry,shawn55@example.org,Spain,2027-06-01,Standard,32839.07
9240,Diana Moore,kmartin@example.net,Singapore,2025-05-15,Premium,16792.86
3950,Emily Fitzpatrick,kyle09@example.com,Switzerland,2023-05-07,Basic,33557.07
5786,Karla Burton,erika02@example.com,Mexico,2025-11-29,Standard,21962.02
4871,Ronald Carr,amy97@example.net,Argentina,2020-11-04,Standard,38828.58
4803,Roger Petty,cindy75@example.com,Mexico,2022-07-12,Standard,48479.83
4868,Casey Francis,morganscott@example.org,Mexico,2026-07-01,Premium,23760.72
293,Jason Beck,wgonzalez@example.com,France,2025-07-02,Standard,7062.47
7889,Olivia Martinez,david14@example.net,Australia,2020-07-16,Basic,43278.23
7406,Crystal Mitchell,hsanchez@example.com,Singapore,2025-03-21,Basic,6489.94
5596,Becky Sellers,flynnsamuel@example.org,France,2024-08-12,Premium,42662.43
2887,Michael Brooks,danielmarshall@example.org,Mexico,2024-02-26,Premium,35367.93
6455,Susan Trujillo,jennifer05@example.net,Italy,2022-04-22,Basic,42360.88
2543,Michelle Tyler,flewis@example.org,India,2023-10-30,Basic,29673.34
1766,Jill Powers,leealejandro@example.org,New Zealand,2025-11-10,Basic,37996.58
6801,Tina Brown,fnielsen@example.org,United Kingdom,2020-02-06,Standard,10438.59
1878,Scott Bradley,keithsimmons@example.net,France,2022-06-21,Premium,11187.34
1982,Sandy Adkins,johnsonjennifer@example.com,United Kingdom,2023-05-10,Basic,5530.17
9730,Austin Owens,jeffery01@example.net,Argentina,2025-08-31,Standard,45405.2
9609,Cheryl Stone,shaunsanchez@example.net,Switzerland,2026-03-11,Premium,35761.96
2686,Cassandra Bonilla,aburns@example.net,New Zealand,2021-09-30,Standard,38112.98
8931,Kyle Haas,william99@example.org,France,2026-03-13,Basic,14627.38
3459,Christina Hess,michael91@example.net,France,2025-05-01,Premium,12216.64
4542,Danny Harris,malonekristen@example.com,Germany,2022-01-01,Basic,23614.46
2179,Aaron Marshall,hernandeztravis@example.net,Netherlands,2022-01-20,Premium,37541.94
4451,David Hays,gcook@example.net,Netherlands,2025-01-10,Basic,5522.06
3860,Thomas Morse,hendersonamy@example.org,United Kingdom,2024-07-31,Premium,47256.83
7624,Yolanda Johnson,thomas07@example.org,India,2023-06-05,Basic,6276.62
7655,Mr. Kenneth Ashley,glong@example.org,Spain,2022-08-08,Premium,16510.38
4520,Belinda Fisher,caroline76@example.org,Netherlands,2020-03-18,Standard,14147.69
2518,Lauren Trujillo,molly13@example.net,United Kingdom,2025-07-20,Basic,21917.17
4837,Kenneth Murphy,jamesthompson@example.net,India,2025-12-26,Premium,24501.25
2886,Alex Jones DVM,tammy54@example.org,Spain,2020-10-02,Premium,40942.76
7282,Edward Patterson DDS,megan19@example.net,Spain,2024-07-06,Standard,17815.36
6256,Chase Young MD,spencersamuel@example.org,Sweden,2025-09-10,Standard,47282.6
4540,Randy Kennedy,carterconnie@example.org,Singapore,2025-05-23,Basic,27171.42
5640,Tiffany Barton,sabrina99@example.net,Spain,2024-03-05,Basic,41460.26
9460,Kaitlyn Collier PhD,heatherkelly@example.net,Japan,2025-08-02,Standard,38947.06
3482,Jessica Burgess,nicholas69@example.org,Spain,2021-05-14,Premium,41531.27
1278,Vickie Kennedy,zharris@example.net,Singapore,2020-03-24,Basic,8803.8
3147,Jeffrey Williams,sean29@example.org,Canada,2025-02-20,Standard,33647.73
8263,Johnathan Rogers,reevesamanda@example.com,Germany,2021-07-28,Basic,43652.59
3206,Brad Fisher,bryan84@example.com,United States,2025-05-02,Basic,47632.23
9893,Scott Watson,daniel44@example.com,Singapore,2026-07-13,Standard,5641.67
2743,Susan Sanchez,saraalvarez@example.org,Norway,2026-03-29,Standard,14983.19
6077,Michael Gutierrez,christopher52@example.org,India,2022-07-26,Premium,27758.05
4048,Kristen Ray,ksmith@example.com,Switzerland,2024-12-20,Standard,8076.23
5732,Bradley Walker,gwalter@example.net,France,2022-11-22,Premium,19807.98
2946,Joseph Lane,johnsonevelyn@example.org,South Korea,2022-03-02,Standard,14003.96
5791,Renee Newton,cortezalexandra@example.com,Spain,2025-01-26,Premium,12684.4
6795,James Lopez,laraleslie@example.org,South Korea,2020-07-28,Standard,42867.75
6544,Jason Smith,kmiranda@example.net,Switzerland,2021-11-18,Basic,17297.35
701,Jesse Lynch,antonio49@example.com,Sweden,2025-07-12,Basic,16411.43
3575,Amy Leach,twinters@example.com,Singapore,2021-08-23,Premium,45452.02
7700,Jessica Harper,andrew46@example.com,Mexico,2025-12-06,Standard,47825.02
2516,Michael Lee,martinezdeborah@example.com,Canada,2025-05-21,Standard,46068.6
3001,Stephanie Cole,kellimedina@example.com,Canada,2023-06-05,Premium,1596.01
5821,Matthew Armstrong,davidshaw@example.net,France,2024-03-14,Standard,24467.79
8582,Daniel Smith,jenkinsshawn@example.com,Mexico,2026-05-16,Basic,26088.85
3685,Richard Rivera,brittany52@example.net,Germany,2022-07-18,Standard,19232.58
2996,Selena Hopkins,raymondmurray@example.net,Switzerland,2020-06-25,Premium,31822.51
4253,Christine Tyler,jesse81@example.com,Germany,2026-06-17,Standard,38863.96
3412,Matthew Garcia,myersjacqueline@example.net,South Korea,2020-07-09,Standard,2724.65
7963,Virginia Lynch,connorjoseph@example.com,Spain,2023-10-10,Premium,20149.23
6310,Danny Moreno,amandagonzalez@example.com,Singapore,2023-12-16,Standard,42108.22
8612,Stephanie Moran,jennifer93@example.net,United States,2024-11-18,Basic,22592.03
5013,Joshua Guerrero,ysimpson@example.com,Switzerland,2022-05-14,Basic,12541.7
7751,Michele Barnes,cervanteshannah@example.org,New Zealand,2021-02-21,Standard,33834.43
5980,George Williams,nlopez@example.org,Netherlands,2024-05-10,Basic,37561.5
4049,Cory Martinez,nicholas97@example.net,Mexico,2020-07-15,Basic,25176.92
4900,Tyler Baker,jonesmatthew@example.org,Canada,2023-04-19,Standard,43664.42
1319,Chelsey Fox,fsteele@example.com,Italy,2023-06-10,Standard,46309.79
9773,Kathleen Smith,moniquehall@example.com,Mexico,2021-01-24,Premium,38628.83
9138,Samuel Phillips,stephaniemartin@example.org,Mexico,2024-07-28,Standard,25634.49
7143,Angela Parks,qmorgan@example.net,South Korea,2025-01-18,Premium,23434.92
1898,Patricia Hamilton,woodwilliam@example.org,India,2020-09-25,Basic,44663.5
7466,Eileen Snyder,jonathan32@example.com,India,2025-04-04,Standard,2009.88
604,Cody Davidson,pmcpherson@example.net,United States,2021-06-17,Premium,6562.28
2847,Douglas Oliver,mark79@example.org,Spain,2021-03-20,Premium,22845.9
8208,Katherine Scott,joyce28@example.net,France,2024-10-14,Standard,17620.59
394,Lauren Jackson,tanner48@example.org,Germany,2024-10-11,Premium,3183.02
4437,Mark Conner,fryrobert@example.net,Australia,2024-10-07,Premium,37960.82
9448,Stacy Chen,lauren05@example.net,Spain,2020-07-16,Basic,13113.84
7235,Jared Stark,laurennelson@example.org,India,2022-05-27,Basic,39106.38
5399,Carol Johnson,millerjennifer@example.org,Singapore,2022-06-28,Premium,26766.22
96,Patrick Thornton,richardsnow@example.net,France,2027-03-13,Standard,8225.15
1663,Ryan Salazar,conniejohnson@example.net,France,2024-07-06,Premium,49230.86
8971,Danielle Riley,craigpeter@example.net,United Kingdom,2021-03-21,Standard,13777.49
5131,Melissa Grant,dawnfletcher@example.net,Brazil,2021-06-09,Standard,37117.45
1489,Michele Edwards,markblackburn@example.com,Norway,2020-02-09,Basic,17489.24
8317,Tammy Edwards,derrickbrown@example.org,Spain,2025-03-22,Premium,20304.24
2708,Jill Martin,davidsonkaitlyn@example.org,South Korea,2024-10-17,Basic,46442.8
1596,Alexandra Ho,bridget54@example.com,Australia,2020-05-11,Premium,13470.79
9278,Sherry Mitchell PhD,robertmcdowell@example.com,Argentina,2021-02-10,Standard,6871.85
2378,Teresa Martinez,moorefrank@example.net,Germany,2021-06-02,Basic,14042.04
5141,Mrs. Olivia Petersen,samuel58@example.com,Spain,2020-11-01,Premium,6808.92
6148,Rodney Stewart,william90@example.com,Singapore,2022-12-18,Basic,5478.09
8242,Kristin Valencia,bflowers@example.com,Netherlands,2023-01-02,Premium,36615.63
3949,Sean Anderson,bakerrenee@example.com,Singapore,2024-06-18,Premium,46746.78
3934,James Cox,gortiz@example.com,Singapore,2021-04-15,Standard,38983.97
4798,Christina Moon,garymeyer@example.org,Brazil,2022-06-06,Standard,28422.36
4373,William Esparza,tracy52@example.net,Brazil,2026-03-20,Standard,26558.97
9863,Jeremy Briggs,rebecca27@example.org,Canada,2026-04-03,Premium,8557.39
8243,Jordan Baxter,santosshannon@example.org,Spain,2025-12-10,Standard,19670.17
3449,Scott Lara,paula04@example.org,India,2021-01-08,Premium,26877.35
2944,Nicole Barron,opayne@example.org,Switzerland,2025-03-05,Basic,25126.74
2466,Stacy Taylor,jonathanrobinson@example.com,United Kingdom,2026-02-14,Basic,45476.81
8583,Mr. David Villanueva,rstewart@example.net,South Korea,2021-12-16,Standard,47605.78
5507,James Franklin,smithashley@example.net,South Korea,2021-06-08,Basic,31204.17
2699,Terry Waller,annawhite@example.com,Australia,2021-06-27,Premium,47397.73
2448,Carolyn Brooks,jacqueline06@example.org,Norway,2020-02-04,Basic,30422.56
20,Angelica Keith,,Norway,2021-08-10,Standard,7434.54
2749,Bob Jones,johncollins@example.net,United Kingdom,2026-03-13,Basic,11369.23
5400,Jacqueline Hall,watsonmelissa@example.com,United States,2022-04-19,Basic,36293.38
8079,Carl Lopez,smithterry@example.org,Argentina,2025-07-10,Standard,7765.89
6872,Donna Williams,rosebenjamin@example.com,New Zealand,2020-08-02,Standard,7878.95
4709,Gail Vasquez,amymurphy@example.com,Japan,2023-10-16,Standard,34733.59
9477,Gregory Villarreal,brittney57@example.org,Mexico,2023-02-20,Standard,48879.04
810,Sean Curtis,kingtracie@example.org,Netherlands,2025-05-05,Basic,32063.79
7478,Jennifer Ross,christiancampos@example.net,Brazil,2026-07-25,Standard,21236.44
2274,Yolanda Keith,jonathan87@example.net,United States,2021-12-20,Premium,25749.29
1924,Emily Coleman,gjones@example.net,Germany,2025-02-23,Premium,32091.24
1471,Ryan Marsh,kshelton@example.org,New Zealand,2020-05-19,Basic,33595.56
7935,Brandi Roberson,gsmith@example.com,Germany,2024-03-20,Premium,22188.12
7408,David Rivers,beckermatthew@example.net,Australia,2021-04-21,Premium,11041.43
2407,Brenda Harris,hartmangeorge@example.net,Mexico,2020-03-23,Basic,33562.45
1143,Robert Clarke,jill73@example.org,Argentina,2024-10-21,Standard,48153.35
1748,Sara Schwartz,sgomez@example.com,Norway,2020-11-29,Standard,32067.16
5710,Virginia Caldwell,angelagray@example.com,Sweden,2021-03-16,Basic,49643.94
4976,Mr. John Woodard MD,villanuevaeric@example.org,New Zealand,2024-07-06,Standard,565.7
7301,Sylvia Clark,harrisamy@example.net,Italy,2023-10-26,Standard,12989.12
8149,Michael Hunt,william85@example.net,Mexico,2024-12-04,Standard,27729.09
2834,Ronnie Martinez,joshuahorn@example.com,United Kingdom,2024-07-18,Premium,13748.73
3132,Heather Herman,bdiaz@example.net,United Kingdom,2023-08-13,Premium,15183.2
1311,Jacob Obrien,paulabrooks@example.net,Germany,2025-05-06,Basic,37240.4
8651,Eric Howe,ynelson@example.com,Canada,2022-10-21,Basic,19749.82
6775,Amanda Palmer,alvareznancy@example.net,Germany,2022-11-22,Basic,48992.0
6757,Sarah Proctor,jeffreygray@example.net,South Korea,2024-05-30,Basic,37042.62
621,Jerry Brown,rachel62@example.com,Singapore,2022-12-01,Premium,23533.47
2702,Ronald Hines,duncanvanessa@example.com,Argentina,2021-04-25,Premium,2729.06
2200,Melissa Smith,jacquelineedwards@example.net,India,2024-08-23,Standard,39378.72
6197,Paula Kidd,rperry@example.net,Brazil,2022-07-23,Basic,20437.85
8825,Kenneth Jones,allenaaron@example.org,Norway,2021-12-30,Standard,19153.25
1047,Erica Moon,laura91@example.net,Spain,2025-12-09,Premium,46967.59
5769,Rebecca Lowery,whiteheaddavid@example.net,Singapore,2022-03-09,Basic,13210.85
9948,Shannon Casey,joyce01@example.net,Canada,2022-01-12,Premium,27037.78
9020,Deborah Colon,zavalajulie@example.com,Germany,2021-10-12,Basic,13527.75
744,Christine Parker,utucker@example.com,United States,2020-01-17,Basic,3639.81
223,Jennifer Collins,marissa47@example.net,South Korea,2025-06-28,Basic,44612.42
3150,Susan Patrick,smithmatthew@example.net,Netherlands,2025-09-22,Standard,14508.82
626,Donald Medina,patrickmorris@example.net,Italy,2021-10-21,Basic,36516.55
9335,Colleen Murray,thompsonkaren@example.org,Japan,2024-02-27,Premium,46544.65
7567,Holly Martin,krystallewis@example.com,Switzerland,2022-08-17,Basic,39852.86
4583,Cynthia Williams,mpatterson@example.net,Italy,2021-06-03,Standard,48930.56
5712,Debra Wright,georgevanessa@example.com,Japan,2026-03-27,Basic,32182.41
3285,Daniel Quinn,jlopez@example.com,Germany,2022-05-30,Standard,36104.73
7586,David Sanchez,travismcmahon@example.net,Spain,2021-01-21,Premium,39657.93
9647,Kathleen Le,muellermarilyn@example.org,France,2021-04-14,Standard,38815.29
1531,Valerie Reyes,wellsvalerie@example.net,Japan,2025-02-23,Standard,5069.29
9686,Randy Parker,ybishop@example.org,Brazil,2025-12-14,Premium,16956.78
354,Michelle Jacobs,ryanrachel@example.org,India,2021-09-20,Standard,49408.46
2475,Timothy Galvan,hillamanda@example.net,Argentina,2024-05-14,Basic,15275.9
8014,Garrett Thomas,andrewphillips@example.com,Canada,2025-07-19,Premium,42458.63
6476,Casey Foster,tonyaalvarez@example.net,Australia,2025-05-18,Standard,11785.9
6450,Cynthia Johnson,nancytaylor@example.net,Spain,2024-03-30,Premium,11787.27
240,Joanna Pacheco,santosernest@example.net,Switzerland,2023-09-21,Premium,36150.5
2626,Phillip Macias,deborahadams@example.com,Germany,2023-08-05,Standard,24205.08
9787,Donald Gomez,mollytaylor@example.org,Singapore,2021-04-10,Premium,45324.2
7199,Shelia Dixon,xrowe@example.net,South Korea,2022-01-10,Basic,1300.89
7693,Jeffrey Myers V,hobbsdaniel@example.org,Sweden,2025-08-24,Basic,8239.87
2998,Valerie Howard,bassandrew@example.net,New Zealand,2022-08-02,Basic,18600.6
6441,Deborah Curry,dmiller@example.net,Spain,2025-09-27,Premium,20330.49
4563,Peter Patel,wmason@example.org,Australia,2023-06-08,Standard,43201.0
8615,Christian Edwards,jessica68@example.org,Sweden,2020-07-14,Standard,23038.79
1480,Stephanie Herrera,beckalan@example.net,Netherlands,2020-02-22,Premium,35927.05
1019,Paul Johnson,lauren04@example.org,Singapore,2022-04-30,Basic,13732.28
3095,Benjamin Miller,maldonadojuan@example.com,Argentina,2020-04-19,Standard,47754.73
6183,Christina Franklin,gabrielhurst@example.org,Brazil,2025-05-14,Standard,34616.65
4961,Rebecca Sandoval,millerbrandon@example.com,Singapore,2026-02-20,Basic,39406.88
8493,Jason Baxter,taradelgado@example.com,South Korea,2023-09-27,Standard,9942.68
1104,Jose Griffin,david84@example.net,South Korea,2024-05-10,Standard,11309.15
6082,Tracey Johnson,jason32@example.net,Mexico,2021-07-25,Basic,36729.16
9526,Megan Holmes,megantaylor@example.com,Australia,2023-11-11,Premium,45355.23
5191,Natalie Hawkins,jbrown@example.com,Japan,2020-02-05,Basic,30008.29
4182,Nathaniel Baldwin,poolemonica@example.net,Sweden,2021-03-08,Premium,44260.93
4468,Lisa Montes,gjackson@example.com,Germany,2025-06-17,Basic,39629.02
1627,Deborah Graves,adrian55@example.org,Germany,2020-05-08,Premium,33812.72
6718,Robert Simpson,mooremary@example.net,Italy,2025-09-07,Standard,43527.89
3799,Mrs. Amanda Kelley DDS,robert41@example.net,Brazil,2020-02-01,Basic,34881.36
3054,Patrick Payne,jford@example.org,Mexico,2022-10-16,Standard,34143.12
2868,Tanner Holmes,perezrobert@example.net,Australia,2020-03-22,Premium,20489.9
1433,Jesse Wright,wilcoxryan@example.net,New Zealand,2024-07-03,Standard,25335.01
7984,Angela Luna,johnsonbrittany@example.org,Netherlands,2025-03-20,Standard,28368.61
9347,Melissa Pierce,hicksricky@example.net,Brazil,2026-02-16,Standard,42273.75
9420,Paula Case,morganlowe@example.org,Singapore,2020-01-13,Standard,36840.36
4077,Amanda Campbell,kimberly34@example.net,Norway,2022-10-23,Premium,39212.31
218,Laura Mckinney,sdean@example.org,France,2021-06-02,Standard,19683.59
3556,Jennifer Montgomery MD,iwilliamson@example.net,Australia,2024-08-03,Premium,29686.79
7937,Janice Jones,williampeterson@example.net,Canada,2020-01-08,Premium,38681.35
8422,Sarah Martin,dawnreed@example.com,United States,2021-06-10,Basic,20638.43
1035,Brittney Hernandez,ericlynn@example.com,United States,2022-02-28,Basic,24622.37
3774,Keith Johnson,joseph52@example.org,Switzerland,2021-09-20,Premium,10215.9
4133,Adam Merritt,richard11@example.com,Argentina,2023-06-14,Basic,39915.89
2336,Karen Munoz,qodonnell@example.org,New Zealand,2020-05-02,Basic,17420.18
6493,Jacqueline Figueroa,harmonkelly@example.net,Norway,2020-02-21,Premium,36629.25
1483,Emily Herrera,timothynunez@example.net,Australia,2022-12-11,Basic,39089.62
907,Kathryn Dillon,qhutchinson@example.net,France,2023-07-24,Standard,29598.05
6089,Laura Andrews,alyssabauer@example.com,Italy,2023-08-11,Standard,340.06
6467,Ann Hobbs,steven71@example.net,South Korea,2022-06-09,Basic,15030.99
5677,Kristine Bryant DVM,jodi25@example.net,United Kingdom,2025-11-21,Premium,37588.53
2771,William Cunningham,jasonwest@example.net,Italy,2020-06-08,Standard,9766.28
1806,Lisa Guerra,zwise@example.org,Switzerland,2023-06-28,Premium,41913.18
7375,Douglas Frye,lisa56@example.net,Mexico,2021-07-23,Premium,41457.76
2115,Heather Williams,qshepherd@example.org,Spain,2024-07-26,Premium,38977.44
4535,Katherine Avery,brandon02@example.com,Switzerland,2020-08-06,Standard,39005.5
2532,Sharon Santos,adrienne29@example.org,Singapore,2021-08-04,Premium,22983.47
8526,Matthew Farley,stephaniebaker@example.net,United States,2024-06-04,Basic,36971.23
3471,Sandy Oconnor,stewartkristine@example.org,Australia,2024-08-03,Standard,1988.53
1403,Jennifer Jenkins,clarkjustin@example.net,Netherlands,2024-03-19,Standard,2604.61
853,Lee Steele,timothy92@example.net,Spain,2022-05-20,Standard,8879.13
3083,Jamie Zhang,lindsay41@example.com,Netherlands,2026-04-01,Standard,31589.65
8025,Jasmine Hahn,jenniferhardin@example.com,Japan,2022-07-20,Standard,41318.48
7566,Richard Smith,carlmiller@example.net,Italy,2022-04-11,Premium,46028.71
5530,Christian Shelton,michelemurillo@example.org,Canada,2021-02-28,Standard,49090.65
7855,Joshua Griffin,afuller@example.com,Argentina,2020-01-03,Standard,5953.96
4933,Travis Day,fgonzalez@example.net,United Kingdom,2025-11-24,Standard,24314.2
5160,Corey Roberts,joserussell@example.org,Norway,2023-12-21,Premium,937.56
9716,Timothy Thomas,debbiescott@example.org,Germany,2022-08-06,Premium,42742.63
3847,Gregory Wiggins,gthompson@example.org,United States,2023-01-02,Premium,45962.99
6484,Brooke Harmon,qcampbell@example.net,New Zealand,2022-04-16,Premium,19470.33
748,David Kelly,alyssa43@example.net,Australia,2025-09-26,Basic,39146.13
3035,Pedro Long,bsingh@example.org,Argentina,2026-06-20,Basic,4019.16
348,Christopher Morris,patelaudrey@example.net,India,2023-05-12,Basic,26076.44
3352,Justin Bennett,ellisemily@example.com,Italy,2023-08-23,Standard,48943.07
2865,Cheryl Newman,fstewart@example.net,Switzerland,2025-11-18,Premium,16247.11
2168,Ronald Martinez,kevinlin@example.com,Switzerland,2024-07-30,Premium,34032.59
6955,Johnny Garcia,randyhall@example.net,United Kingdom,2024-01-06,Basic,6029.71
6210,Danielle Wilson,elizabeth11@example.net,United Kingdom,2020-09-12,Basic,45633.52
2778,Brittany Matthews,susanperry@example.net,South Korea,2025-01-31,Premium,35392.41
1442,Randy Griffin,dawn34@example.org,Brazil,2021-03-03,Basic,5032.15
5658,Ann Parker,ekelly@example.com,Mexico,2020-10-16,Premium,34819.6
9658,Michael Hawkins,cartertonya@example.com,Argentina,2024-05-22,Standard,28997.65
3028,Jeremy Edwards,carterolivia@example.com,Mexico,2026-03-17,Standard,14718.37
6118,Melissa Combs,tiffany58@example.org,Brazil,2022-11-29,Standard,31744.27
2484,Jeffrey Baldwin,johnsonraven@example.net,Switzerland,2026-03-28,Standard,44305.52
2883,Ashley Campbell,zsanders@example.com,Netherlands,2026-06-30,Premium,23544.95
5562,Jesse Pollard,michael58@example.org,South Korea,2023-07-30,Premium,46685.43
764,Edward Jenkins,jessica28@example.net,South Korea,2024-05-25,Premium,17372.01
6482,Stefanie Simmons,probinson@example.org,United States,2021-12-04,Basic,34586.83
1617,Christopher Jones,carolinemoore@example.net,France,2024-02-01,Basic,49484.3
1223,Alejandro Martinez,dillon76@example.net,Norway,2024-10-10,Premium,13159.65
8665,Laurie Pierce,marksnathaniel@example.com,Canada,2024-08-22,Standard,41761.68
6222,Anthony Brown,vortiz@example.com,Italy,2021-01-04,Premium,20248.99
1577,Nicole Acosta,stefanie77@example.org,Japan,2020-09-15,Premium,20305.98
9392,Thomas Ward,kimberlyreyes@example.com,Australia,2020-03-02,Standard,237.33
6351,Michael Walls,brownclayton@example.com,Australia,2021-01-08,Premium,7719.77
3783,Shannon Cook,jimmy43@example.com,Singapore,2023-05-27,Premium,19455.82
4375,Roger Peters,matthew97@example.net,France,2025-09-11,Standard,47008.86
709,Laura Jones,frazierannette@example.com,Germany,2025-04-08,Premium,33044.09
510,Jennifer Hernandez,fernandezdavid@example.net,Canada,2025-11-17,Premium,33817.33
2955,Paige Collins,sethcrosby@example.net,Mexico,2021-01-12,Basic,19630.91
7538,Roger White,thomascameron@example.net,Canada,2023-12-05,Premium,32327.44
6339,Jack Krause,thammond@example.org,Canada,2025-03-13,Standard,38030.32
8923,Adriana Malone,meltonrachel@example.org,Mexico,2025-06-04,Basic,2851.3
7064,Mr. Thomas Garcia,petersdavid@example.org,Japan,2025-07-30,Premium,18226.28
7163,Cassidy Paul,estone@example.com,France,2020-05-19,Standard,37097.92
7372,Michael Parker,bakermark@example.org,United Kingdom,2026-07-31,Standard,4230.01
6829,Robert Jarvis,adkinsemily@example.net,Netherlands,2020-01-03,Standard,15044.54
3616,Melissa Stout,andrewrandall@example.com,Norway,2024-11-13,Basic,41327.48
4657,Mitchell Richardson,tharper@example.org,United Kingdom,2024-12-10,Basic,25565.24
6976,Samantha Alvarez,wrightlisa@example.com,Canada,2021-03-03,Standard,10075.23
4351,John Gallagher,mharris@example.com,Japan,2024-02-01,Premium,5268.49
712,Kenneth Sharp,beth56@example.org,Singapore,2020-04-18,Standard,12512.84
6479,Denise Flores,coreylong@example.org,France,2023-09-09,Premium,45965.99
9130,Erica Walker MD,mburns@example.net,Sweden,2020-09-09,Premium,39405.85
8205,Janice Clay,qbush@example.com,Canada,2020-11-19,Premium,27121.29
9204,Charles Ford,nixonalyssa@example.org,Norway,2022-10-06,Standard,15886.67
713,Jordan Williams,ysparks@example.com,Brazil,2026-04-21,Premium,47811.14
9113,Natasha Lester,gilberttamara@example.org,United Kingdom,2023-03-19,Premium,31073.1
1246,Kimberly Nelson,johnsonjennifer@example.com,Japan,2023-07-17,Premium,4105.99
9786,Jennifer Levy,egreen@example.org,Germany,2022-09-04,Standard,598.78
6849,Gregory Alexander,danielchristine@example.net,Singapore,2021-08-06,Basic,42498.25
5134,Margaret White,april93@example.org,Norway,2025-11-10,Standard,41330.24
716,Kristen Sloan,jennifer68@example.net,Argentina,2023-10-03,Premium,27270.77
3464,Kimberly White,olivermegan@example.net,Singapore,2021-02-24,Premium,45857.46
4395,Erin Williams,morganbeth@example.com,Singapore,2025-12-22,Basic,40003.26
4569,Brent Scott,garretttran@example.com,Switzerland,2022-01-29,Basic,31999.35
8804,Kayla Rios,pagerachel@example.org,Singapore,2020-12-19,Premium,2811.37
8490,Edward Valentine Jr.,russellcarla@example.com,Spain,2025-08-05,Standard,47851.74
7702,Rachel Flores,jose42@example.org,Italy,2024-10-29,Premium,41627.52
213,Adam Burgess,fbrown@example.com,Switzerland,2025-04-04,Basic,15622.33
9768,Justin Noble,agutierrez@example.org,Spain,2020-12-07,Premium,9772.23
6839,Ethan Russell Jr.,tknight@example.org,New Zealand,2020-12-26,Premium,11965.12
1011,Erica Wilson,rodriguezpeter@example.org,France,2024-01-15,Standard,31441.27
324,James Bradley,xevans@example.net,Australia,2023-12-25,Basic,13934.23
5397,Gary Phillips,awhite@example.net,France,2021-09-07,Premium,40241.81
5991,Bradley Cobb,ggamble@example.org,Germany,2020-04-02,Basic,26347.47
3173,Michael Valencia,qwarren@example.com,Japan,2021-12-21,Basic,41568.29
335,Joshua Vance,kristopheranderson@example.org,Canada,2020-04-21,Standard,44596.3
8306,Joshua Moody,beckypierce@example.net,Canada,2022-08-30,Basic,47051.06
2211,Austin Green,emurphy@example.org,France,2025-04-01,Premium,7599.13
4272,Sara Hernandez,robert79@example.org,United States,2021-01-04,Standard,49983.82
6741,Jared Smith,jrobinson@example.com,Sweden,2020-02-13,Premium,44800.16
234,Jeremy Turner,aprilhooper@example.net,Norway,2023-06-02,Standard,2957.83
5951,Bonnie Larson,cynthia93@example.net,South Korea,2026-01-02,Basic,15783.26
5738,David Hayes,ocalderon@example.net,Brazil,2023-12-07,Standard,29547.95
7922,Steven Davis,cperez@example.net,South Korea,2025-06-26,Basic,42470.12
2349,Mark Carter,andrewhopkins@example.net,Netherlands,2020-07-05,Basic,1560.39
2037,John Holt,stephanie48@example.com,United Kingdom,2021-09-23,Premium,34778.99
7485,Kathy Adams,michele93@example.org,New Zealand,2021-11-19,Premium,17166.51
6007,Kevin Johnston,lbenitez@example.org,Australia,2025-04-28,Standard,17924.32
4554,Lori Madden,scottwatson@example.com,Sweden,2025-01-10,Standard,48281.78
8073,Andrea Brown,watsonluis@example.com,Switzerland,2024-09-21,Standard,37624.56
1459,Joshua Carter,svargas@example.com,Norway,2022-06-02,Standard,3088.66
3289,Danielle Nelson,calebreynolds@example.net,Germany,2022-10-06,Premium,7287.59
3065,Jeanette Brown,zlong@example.org,United States,2022-11-21,Standard,35047.31
9437,Barbara Turner MD,riverarichard@example.org,Netherlands,2021-04-10,Basic,31000.91
775,Robert Stark,daniellejohnson@example.net,United States,2023-03-24,Standard,43355.17
6833,Alan Hoffman,rboyer@example.org,Italy,2025-07-13,Premium,16802.82
872,Hannah Martin,gmccormick@example.org,Australia,2022-08-29,Standard,9643.12
8750,Travis Hubbard,xgarrett@example.net,United Kingdom,2026-04-22,Standard,39970.43
1264,Catherine Roberts,katelynrobinson@example.org,Germany,2022-07-03,Standard,2987.95
4834,William Giles,gsnyder@example.org,United States,2024-01-17,Standard,23345.23
3895,Ashley Barrera,mariorodriguez@example.com,Spain,2023-01-30,Standard,39346.26
6324,Holly Bell,jennifer89@example.org,Mexico,2024-03-09,Standard,19966.87
9213,Shannon York,melissatorres@example.org,Japan,2025-07-25,Standard,45534.36
7020,Jessica Holloway,kennethhancock@example.org,Australia,2026-01-14,Premium,46032.46
1221,Joanna Cook,adamlogan@example.net,Spain,2023-10-13,Premium,40464.91
1447,Karen Ortiz,brandon18@example.net,India,2025-05-22,Basic,2045.65
3185,Timothy Buck,mark42@example.org,India,2022-03-17,Premium,36020.34
409,Gregory Peck,brianjohnson@example.org,Australia,2022-10-30,Premium,48482.15
4345,Carol Gay,garcialance@example.org,Australia,2021-10-27,Standard,28616.62
3022,Eric Elliott,omccullough@example.com,United Kingdom,2022-06-03,Standard,3597.57
2304,Yolanda Murillo,tmartin@example.com,Norway,2024-02-13,Basic,34458.61
6272,Jason Stevenson,vmaynard@example.org,Switzerland,2025-09-20,Basic,23685.08
8281,Nicole Floyd,uhamilton@example.org,Canada,2024-10-10,Basic,40384.76
6642,Ashley Santos,christy84@example.com,France,2023-06-20,Premium,7227.13
6956,Dawn Jordan,jonesdeborah@example.net,United States,2020-06-27,Basic,39137.05
2110,Diane Davis DDS,benitezheather@example.com,Canada,2021-06-21,Standard,40189.95
5352,Mr. Gregory Hart,ghoffman@example.com,India,2025-02-28,Standard,3893.56
9684,Angela Blake,donnadavis@example.net,Sweden,2021-07-25,Basic,43735.61
8344,Chelsea Burch,nrobinson@example.net,United States,2024-04-24,Basic,9794.31
4550,Arthur Krueger,christopher66@example.org,South Korea,2024-10-10,Standard,15215.02
1881,Kenneth Stokes,fthompson@example.net,Australia,2020-04-18,Premium,11395.64
5946,Alicia Wilson,lisa19@example.org,France,2023-03-09,Basic,24989.22
1738,Dorothy Brown,huntdaniel@example.com,Switzerland,2024-10-18,Premium,10957.33
7794,Brianna Mccormick,vanessa44@example.net,Spain,2023-04-16,Standard,23348.46
5213,Anthony Hodges,ronaldfriedman@example.net,New Zealand,2025-02-25,Standard,11405.58
3209,Dennis Spencer,pereztyler@example.org,Germany,2023-06-16,Premium,1565.24
7083,Christine Johnson,martindaniel@example.net,Netherlands,2020-05-24,Basic,12092.81
2056,Jennifer Stewart,andrew72@example.com,Italy,2025-10-09,Premium,27127.13
1689,Timothy Gibson,michael80@example.net,Switzerland,2021-06-11,Basic,10805.87
4780,Matthew Miller,jennifertaylor@example.com,South Korea,2020-12-17,Basic,29282.06
7476,Brittney Brown,ernesthunter@example.com,Canada,2020-06-16,Standard,28082.91
7877,Ashley Clark,harrisadam@example.org,Argentina,2024-08-19,Basic,28669.37
6750,Joshua Smith,qpowell@example.org,Spain,2021-01-29,Standard,34261.66
8556,Lisa Mercer,lynnlarry@example.org,Canada,2025-06-17,Basic,38059.39
8123,Kevin Thomas,graymichele@example.com,South Korea,2022-11-14,Premium,36985.67
6991,Ryan Smith,cynthiaaguirre@example.org,New Zealand,2023-09-19,Premium,42862.18
8267,Melissa Evans,holtrichard@example.com,Singapore,2024-09-21,Standard,35220.12
8540,Lori Le,victor69@example.com,Norway,2024-07-13,Basic,40104.3
3393,Maria Valenzuela,fitzgeraldtrevor@example.com,United States,2020-11-03,Premium,28404.84
6326,Maureen Carter,sellerstimothy@example.org,India,2025-11-17,Standard,49230.96
3529,Caitlin Ford,ginachase@example.com,Brazil,2023-10-13,Standard,5581.61
4605,Kim Vincent,villanuevashannon@example.com,Australia,2020-02-20,Standard,1867.93
7024,Andrea Moody,trevor36@example.net,Spain,2026-05-20,Basic,3031.33
6322,Stephanie Smith,sarahbrown@example.net,Canada,2020-09-16,Premium,47086.5
746,Samantha Terry,beannicholas@example.com,France,2026-04-24,Premium,13096.31
711,Holly Scott,rebecca08@example.com,Australia,2022-05-15,Basic,40434.28
380,Barbara Hester,rscott@example.org,United States,2021-10-15,Basic,4261.76
8783,Stanley Martinez,zacharyrivera@example.com,South Korea,2020-09-03,Standard,2497.66
3012,Douglas Watkins,rfrye@example.org,Switzerland,2021-04-28,Premium,28174.48
8859,Joy Robinson,michael31@example.org,Argentina,2025-08-04,Premium,49391.38
7153,Daniel Miller,christopher44@example.org,Norway,2024-09-20,Basic,11113.15
8567,Makayla Reynolds,bakervictoria@example.com,France,2025-08-25,Basic,7359.9
3498,Edgar Stewart,vwest@example.com,India,2023-09-05,Premium,26868.03
3890,Michael Perry,debra34@example.org,South Korea,2025-03-27,Premium,26477.47
4485,Zachary Swanson MD,fwilkerson@example.org,Singapore,2025-06-23,Premium,23427.44
4012,Roger Moss,frazierdaniel@example.net,Japan,2021-07-28,Basic,44867.49
2620,Ian Harrell,walkerpatrick@example.net,France,2025-10-29,Standard,31394.18
6671,Matthew Brooks,vjones@example.com,United Kingdom,2023-05-25,Standard,5075.16
6513,Angela Richards,vkim@example.net,Sweden,2022-05-30,Basic,21334.08
3468,Brandon Acosta,smithjustin@example.net,Spain,2023-08-21,Premium,36086.75
1314,Justin Hurley,xoconnor@example.net,Spain,2026-05-04,Standard,19830.99
8606,Jon Martinez,thompsonmichelle@example.net,Switzerland,2025-10-05,Basic,49606.53
2070,Daniel Williams,angelaholder@example.org,Germany,2022-07-03,Standard,39996.05
2983,Dennis Jones,melissaturner@example.net,Norway,2020-03-19,Premium,15739.24
5915,Luke Duncan,jessica44@example.com,Italy,2023-11-19,Standard,2792.42
9171,David Gray,kenneth05@example.com,New Zealand,2023-10-01,Basic,28647.35
1286,Richard Alvarez,hugheswilliam@example.org,India,2021-06-05,Basic,37.7
8991,Phillip Hayden,sharonjohnson@example.org,Italy,2021-01-04,Basic,5923.97
8430,James Ray,bwalker@example.com,Sweden,2023-07-18,Standard,21152.14
1350,Jonathan Walker,dmcintyre@example.net,Norway,2024-12-11,Premium,20958.22
2612,Aaron Zamora,markjones@example.com,Mexico,2023-11-21,Premium,48131.04
9495,David Haney Jr.,alicia32@example.com,France,2023-02-11,Standard,24328.47
3669,Adam Lara,martinjamie@example.net,India,2023-07-03,Basic,14681.39
2222,Kenneth Johnson,howardchristopher@example.com,Brazil,2024-01-18,Standard,7253.53
428,Jennifer Simpson DVM,rhonda52@example.com,Australia,2022-08-13,Premium,37194.98
654,Claudia Jordan,walkersamantha@example.net,Argentina,2021-07-03,Standard,12268.24
9914,Maria Alexander,smithronald@example.org,Australia,2023-06-09,Standard,32660.37
3536,James Short,rebecca28@example.com,Australia,2021-01-27,Premium,16709.94
7737,James Cuevas,sara81@example.com,Argentina,2023-02-15,Premium,42189.07
3246,Jonathon Hill,nicole99@example.com,New Zealand,2021-05-11,Premium,40619.06
4741,Richard Riley,davidwalters@example.com,Singapore,2023-12-20,Basic,8338.91
9069,Mitchell Daniels,armstrongrhonda@example.net,Argentina,2024-08-05,Basic,5439.98
4100,Caitlin Harris,victoria69@example.org,France,2022-09-13,Standard,14302.91
4101,Felicia Murphy,stephanie73@example.net,Canada,2021-01-23,Premium,18899.3
6960,Jason Gomez,seth23@example.net,Germany,2022-05-21,Basic,35109.38
612,Laurie Bailey,phillipmcclure@example.net,Mexico,2022-07-12,Standard,2061.27
4289,Jamie French,livingstonmarilyn@example.net,Switzerland,2021-04-23,Premium,9867.75
8571,Amy Morse,xbrown@example.com,India,2021-09-11,Standard,39375.66
9713,Julie Davenport,solomonbrian@example.com,Netherlands,2022-03-17,Premium,9047.68
1544,Michael Stewart,heatherward@example.org,Spain,2022-04-28,Standard,16999.57
9536,Laura Patel,whouse@example.net,Sweden,2022-11-05,Standard,7358.42
3854,Joseph Mccullough,zfreeman@example.org,Japan,2025-02-18,Standard,45047.99
555,Aaron Parker,flopez@example.com,United States,2020-07-11,Premium,43953.02
6366,Wanda Ingram,marcpearson@example.org,South Korea,2023-04-19,Basic,47344.31
512,Mr. Michael Scott PhD,kathy50@example.net,New Zealand,2023-01-01,Premium,15931.99
3207,Ms. Mackenzie Barton,amanda76@example.net,United States,2024-11-20,Basic,3588.54
8085,Eric Camacho,jerry37@example.org,Japan,2026-05-06,Basic,4716.58
968,Vanessa Santiago,uking@example.org,Norway,2022-06-21,Premium,28143.38
6044,Lauren Walker,tbailey@example.org,India,2024-12-01,Basic,23493.68
6880,Kenneth King,carolynlyons@example.net,Spain,2021-06-13,Premium,8394.93
6776,Kimberly Ross,ledwards@example.net,United States,2024-07-02,Premium,22236.44
3296,Emily Morris,charles45@example.org,Canada,2024-12-31,Standard,30319.25
8702,Robin Mora,nelsonchristine@example.net,Spain,2025-09-03,Basic,2105.29
3430,Michael Singleton,ramirezmargaret@example.com,South Korea,2024-04-25,Basic,37218.61
8871,Jeremy Moran,thomasnelson@example.com,United Kingdom,2022-02-11,Standard,165.57
6963,Kaitlyn Phillips,hensonjohn@example.net,United States,2025-12-12,Basic,30875.64
2089,Angela Watson,ffarmer@example.net,Switzerland,2025-09-07,Basic,2658.42
8500,Walter Romero,adamspatrick@example.com,Switzerland,2026-01-02,Standard,48236.03
6163,Brandon Leblanc,oholt@example.net,United Kingdom,2021-04-10,Basic,6839.43
3211,Jeffrey Vaughn,michaelsellers@example.org,France,2024-03-28,Premium,34714.63
9201,Richard Noble,howardjames@example.com,Norway,2020-08-08,Premium,22309.48
6606,Karen Ross,dewing@example.com,Spain,2024-07-23,Standard,1890.49
1110,Jesse Williams,chandlerjeremy@example.org,Brazil,2023-07-06,Basic,35559.37
5729,Tammy Lynch,kbrown@example.org,Switzerland,2021-11-26,Standard,20630.09
7830,Carol Taylor DDS,christopher62@example.net,Germany,2021-06-22,Premium,39662.13
1039,Daniel White,jeffery31@example.net,Switzerland,2024-07-01,Premium,41685.83
1195,Dale Wright,wwhite@example.org,Singapore,2024-11-08,Standard,36220.08
4475,Patricia Adkins,kevin48@example.org,Canada,2025-12-25,Premium,40889.04
9875,Oscar Thomas,cochrancharles@example.net,Switzerland,2022-06-14,Premium,11508.03
2123,Kevin Carson,davenportmaria@example.org,Germany,2025-09-09,Premium,36076.96
4983,Stacey Stone,haynescynthia@example.net,Argentina,2025-12-07,Premium,44268.16
8974,Amy Burnett,mwest@example.org,Brazil,2022-11-24,Basic,32274.27
5701,Benjamin Mosley,donaldsolomon@example.net,Mexico,2021-03-11,Basic,11292.26
935,Kara Hernandez,lbrown@example.net,Spain,2025-12-05,Standard,30249.3
6102,Patricia Cannon,bonniesnyder@example.com,Brazil,2020-04-27,Premium,23347.69
4690,Alyssa Rodriguez PhD,bushmark@example.org,Germany,2021-06-20,Premium,23374.22
395,Lisa Randall,hickmanerin@example.org,Netherlands,2026-02-01,Basic,34754.19
4686,Erin Price,kmedina@example.org,Switzerland,2020-11-13,Basic,41839.65
8777,Michael Ritter,acostasarah@example.org,New Zealand,2022-05-25,Premium,45732.0
9166,Veronica Ortiz,johnsonmichael@example.com,Italy,2022-09-23,Basic,4339.53
5981,Amber Parker,belljon@example.org,Spain,2021-11-28,Standard,5485.47
9943,Brandon Bray,sheppardpatrick@example.com,United States,2020-03-13,Premium,31595.79
2192,Michael Lucas,trujillovirginia@example.org,Spain,2021-10-29,Standard,6008.66
1298,Kristen Jones,jason63@example.org,Canada,2026-08-09,Premium,26755.1
5045,Michael Bolton,qsmith@example.com,Canada,2026-02-13,Standard,21302.35
1163,Charles Frost,sgoodwin@example.org,Australia,2020-07-17,Premium,12696.84
4255,David Washington III,nathan19@example.org,Australia,2020-04-26,Basic,37008.0
6373,Darren Smith,garycarney@example.org,South Korea,2020-11-13,Premium,4914.89
1528,Rebecca Nguyen,beverly86@example.com,United Kingdom,2024-08-11,Basic,35919.65
4343,Timothy Melton,efowler@example.net,New Zealand,2024-05-27,Standard,26794.27
2031,Elizabeth Matthews,austin77@example.org,Spain,2021-12-08,Standard,29042.14
3061,Amanda Meadows,michael82@example.com,Netherlands,2023-06-12,Premium,19344.55
59,Christopher Parker,user008@nodotdomain,Australia,2023-04-26,Premium,32953.35
2406,Andrea Lee,crystal21@example.org,Canada,2025-11-09,Premium,44751.79
5007,James Anderson,sextonmargaret@example.org,Mexico,2025-12-08,Standard,44964.77
6158,Brenda Oconnor,rachel09@example.net,South Korea,2023-01-03,Standard,19825.28
7376,Janet Flowers,petermartinez@example.net,Germany,2026-01-11,Standard,14296.51
4507,John Ward,steven97@example.org,Brazil,2023-04-07,Basic,2807.83
5215,Jennifer Dawson,donaldjoyce@example.net,Italy,2020-06-04,Standard,28396.58
6030,Vincent Schaefer,miguelbryant@example.net,Brazil,2022-12-28,Premium,33694.34
1781,Breanna Lopez,brownlisa@example.net,Singapore,2020-08-02,Standard,48299.82
5448,Heather Smith,jeremybird@example.com,United States,2020-07-17,Premium,6930.38
4607,Ruth Brown,qnixon@example.net,Mexico,2023-05-27,Standard,44771.9
6915,Kevin Carrillo,zmitchell@example.net,Japan,2022-10-15,Standard,1732.18
677,Shannon Miller,ppena@example.com,Japan,2020-10-08,Premium,24104.62
3583,Paula Lee,codyballard@example.org,Singapore,2023-10-11,Basic,20657.84
3654,Penny Fernandez,jessica12@example.net,Switzerland,2020-02-24,Standard,11924.25
7921,Cathy Young,gmoore@example.com,Italy,2021-04-16,Standard,37392.03
9500,Christine Johnson,amydavis@example.com,Spain,2022-08-08,Premium,6630.02
2733,Robert Valdez,penningtonlisa@example.com,Australia,2021-06-27,Standard,49738.44
4788,Charles Powell,megan13@example.net,India,2024-06-18,Basic,18847.54
2755,Paul Gordon,thompsonwilliam@example.org,France,2025-02-21,Basic,46546.67
2338,Desiree Smith,samanthanunez@example.com,United States,2026-02-21,Premium,27212.26
3644,Gina Rose,fharris@example.org,Canada,2026-03-27,Premium,31127.91
7738,Brandon Stewart,troystewart@example.org,Netherlands,2026-05-04,Premium,28062.02
5517,Janet Graves,tjones@example.net,India,2023-01-20,Standard,36775.61
5247,Rebecca Perez,hartrichard@example.net,United Kingdom,2020-12-11,Standard,16836.0
867,Danielle Bryant,samuel59@example.org,Australia,2022-06-20,Premium,45925.98
4448,Margaret Torres,thomasknight@example.net,Australia,2020-05-16,Standard,40364.41
5072,Sandra Lyons,jefferyaguilar@example.net,Australia,2020-09-03,Premium,27664.33
4882,Lawrence Parks,timothy42@example.net,United Kingdom,2023-01-24,Premium,6565.23
9511,Brian Mills,savannah72@example.com,Australia,2021-06-30,Basic,23799.61
3003,Stacy Myers,bakerlisa@example.org,Italy,2020-11-09,Standard,10521.6
2226,Robert Watkins,javieringram@example.com,Japan,2020-11-03,Premium,9685.71
9057,Johnny Escobar,ryansmith@example.com,Australia,2021-07-12,Standard,42373.82
4827,Jennifer Hurley,erickelly@example.com,Japan,2026-07-19,Standard,24024.23
7622,Jimmy Smith,kevin66@example.com,Norway,2022-03-22,Premium,12207.39
9690,Jacob Moore,hreed@example.com,Argentina,2022-10-02,Standard,2678.91
5501,Ricky Hall,henrykristin@example.org,Brazil,2022-12-09,Premium,28775.96
9701,Curtis Miller,hrichards@example.org,Spain,2021-01-23,Standard,26887.74
8479,Christina Salinas,justin80@example.com,Argentina,2022-08-22,Basic,43278.71
5503,Anne Medina,gsmith@example.net,Sweden,2024-10-21,Standard,33012.76
1211,Jacqueline Dickerson,michaelnewton@example.org,France,2025-11-20,Standard,25340.19
9084,Amy Wilcox,xbrewer@example.org,Norway,2022-05-21,Premium,12786.91
2289,Amanda Robinson,egonzalez@example.com,Italy,2026-01-02,Premium,29491.5
2184,Amber Stevenson,myersrachel@example.org,Brazil,2021-10-10,Standard,37618.53
2863,Lindsay Rogers,brownmatthew@example.com,South Korea,2026-05-08,Premium,24507.85
6862,Michael Stevens,jonathan40@example.net,Sweden,2025-10-07,Standard,11112.82
2363,Joseph Myers,david28@example.org,Spain,2020-06-25,Standard,31856.99
8464,Pamela Meyer,youngdavid@example.com,Italy,2021-10-18,Premium,15956.54
6333,Jeffrey Vaughn,christopher78@example.com,India,2022-08-07,Basic,17399.74
4065,Jenny Cardenas,ogarza@example.com,France,2023-10-09,Standard,29412.98
9547,Benjamin Brown,woodwardpatricia@example.com,Norway,2024-03-16,Basic,45712.86
618,Cody Reid,melissa20@example.org,Canada,2023-11-10,Standard,1037.56
3282,Heidi Gonzalez,fbrown@example.org,Canada,2024-06-02,Basic,25174.5
5227,Jose Collins,njimenez@example.net,New Zealand,2023-09-25,Standard,8349.3
3398,Michael Baker,jamesgill@example.com,Japan,2020-09-23,Basic,23972.95
3066,Heather Ball,adrian19@example.com,France,2022-08-07,Basic,9714.98
767,Lydia Pham,hwagner@example.com,India,2026-07-03,Premium,28452.49
7079,Heather Duffy,tiffanygriffith@example.org,Italy,2023-06-28,Standard,18641.88
5280,Stephen Smith,monicaclark@example.org,Spain,2020-02-01,Premium,26859.11
4150,Melanie Preston,salaskevin@example.com,Singapore,2025-10-23,Premium,761.88
1145,Melissa Davis,csnyder@example.net,United States,2023-03-14,Premium,8746.02
4249,Randy Phillips,jason82@example.com,Spain,2022-07-22,Standard,41298.8
4111,Daniel White,tracywashington@example.net,United Kingdom,2021-05-01,Standard,15980.64
463,Timothy Johnson,cory28@example.com,Sweden,2020-04-13,Premium,25366.59
2933,Tracy Martinez,amywatts@example.com,France,2024-10-24,Basic,28476.5
4624,Richard Goodman,johnsonchristy@example.net,Singapore,2026-01-20,Premium,8911.44
3814,Robert Munoz,ismith@example.com,Australia,2021-03-26,Basic,49525.62
6309,Bryan Harris,schaeferchristopher@example.org,Canada,2024-02-08,Basic,6393.68
4342,Heather Hunt,rodriguezjesse@example.net,Germany,2022-09-17,Basic,48901.24
5301,Elizabeth Miller,eugenepowell@example.com,Sweden,2021-03-27,Premium,40837.32
6805,Laura Daniel,dmoore@example.org,Argentina,2021-12-05,Premium,31143.7
3283,Joseph Heath,griffithmatthew@example.com,India,2020-10-02,Premium,37523.29
2575,Joseph Graves PhD,jose43@example.com,Norway,2020-04-18,Basic,48180.53
7962,Madeline Boyle,ashley18@example.net,France,2023-06-07,Standard,46699.66
7880,Robert Vazquez,kristen08@example.net,New Zealand,2026-07-06,Basic,1357.71
829,Dennis Marshall,briangarcia@example.com,United States,2020-02-21,Premium,30841.21
6487,Michael Dalton,meyerkenneth@example.org,Mexico,2023-03-30,Standard,41204.95
7600,Daniel Thomas,nicolewood@example.net,Mexico,2023-07-09,Basic,16708.06
2541,Justin Herrera,katie47@example.com,India,2024-04-30,Premium,1880.69
5747,Elizabeth Skinner MD,michelle24@example.net,Norway,2025-11-13,Premium,21516.06
8527,Suzanne Luna,ejones@example.org,Australia,2025-03-01,Premium,41471.8
9567,Thomas Wise,michaelpierce@example.com,South Korea,2025-04-05,Standard,39239.53
3743,Patrick Blackburn,hkim@example.net,Germany,2021-03-10,Standard,18144.51
7499,Stacy Smith,amyharrison@example.com,Spain,2023-12-16,Basic,28378.73
3525,Steven Clark,emily40@example.org,Canada,2025-02-22,Standard,38930.9
21,John Bishop,,Switzerland,2026-05-25,Basic,49905.08
1916,Kelly Calderon,xbrown@example.net,Germany,2023-01-22,Premium,25041.95
6572,Frank Lawrence,jennifergarcia@example.net,Australia,2026-03-22,Premium,12715.02
9019,William Ray,hcurtis@example.com,Singapore,2020-05-12,Standard,49457.29
2013,Jeffrey Drake MD,schneiderthomas@example.org,Norway,2023-11-09,Premium,36946.83
5406,Robert Ellison,cjohnson@example.org,Sweden,2025-04-16,Premium,11696.03
1296,Cody Bailey,cory58@example.com,Australia,2022-02-09,Standard,6054.46
3746,Brian Fuller,stewarttyler@example.com,Mexico,2021-04-18,Basic,41749.71
592,Laura Griffin,zoehoover@example.org,United States,2026-05-11,Basic,18764.97
1407,Debra Bradley,james22@example.org,France,2020-09-06,Standard,37112.92
222,Dana Chapman,zgentry@example.net,Spain,2021-06-08,Basic,48441.54
5618,Matthew Farley,cooperlori@example.net,United States,2023-06-12,Premium,3460.02
6249,Susan Molina,paulmichael@example.net,Singapore,2024-09-20,Premium,22343.26
4419,Jennifer Fletcher,piercemichelle@example.org,United Kingdom,2024-03-19,Basic,37579.81
859,William Ramos,kylegarner@example.net,Sweden,2023-11-16,Standard,35033.95
1784,Julie Johnson,timothybell@example.net,South Korea,2026-01-16,Standard,43418.99
7260,Brittany Hoffman,elizabeth92@example.org,Switzerland,2020-02-06,Basic,40114.3
6857,Kelly Johnston,llivingston@example.com,United States,2023-02-18,Premium,20818.04
1955,Maria Sims,zachary07@example.org,Japan,2022-06-18,Premium,5196.22
1747,Michelle Mitchell,pmathis@example.net,Spain,2024-06-23,Premium,4595.0
3133,Micheal Pugh,brendamiller@example.net,Australia,2022-05-18,Basic,1589.57
8037,Henry Parker,masontony@example.com,Netherlands,2023-11-04,Basic,17431.89
8851,Haley Harvey,patriciamoore@example.org,Germany,2022-03-22,Basic,42240.13
995,Timothy Monroe,ashley55@example.org,Japan,2020-01-19,Standard,22704.19
6109,Lisa Rodriguez,simonjackie@example.net,Mexico,2021-09-17,Basic,37825.72
731,Ashley Moreno,taylor91@example.org,United Kingdom,2023-12-09,Basic,20103.78
6975,Alexandria Carrillo,wilsonangela@example.net,India,2020-06-22,Premium,47906.64
6274,Richard Reynolds,rberry@example.net,Canada,2024-12-10,Standard,31994.16
6752,Jennifer Anderson,aliciaphelps@example.com,United States,2021-12-29,Standard,27971.09
3510,Joseph Myers,zjones@example.org,Singapore,2024-07-01,Premium,46652.05
3534,Maria Ferguson,scruz@example.net,Netherlands,2026-02-18,Standard,2888.94
2514,Michael Mooney,joseph44@example.net,Spain,2023-08-09,Standard,16435.03
5437,Aaron Henry,louisbarajas@example.org,Argentina,2026-02-16,Standard,14148.12
3626,Richard Dawson,jeffrey56@example.net,Norway,2025-09-23,Basic,14669.46
466,Janet Kane DVM,benjaminhampton@example.com,New Zealand,2021-10-24,Standard,25253.21
6756,Lori Madden,yangcasey@example.org,Germany,2026-04-11,Premium,38744.59
6760,James Bonilla,russellbender@example.net,Argentina,2022-07-13,Standard,42227.73
7992,Michael Gibbs,wilsonelizabeth@example.com,United Kingdom,2023-05-31,Premium,5501.01
158,Colton Martinez,edwardgomez@example.org,Norway,2024-02-04,Premium,44677.7
3961,Juan Harrison,andrew23@example.com,Italy,2020-09-23,Basic,43497.16
8833,Pamela Scott,jonathanmcneil@example.net,Netherlands,2025-06-25,Standard,24164.23
5471,Kathy Lewis,ian53@example.org,Netherlands,2026-06-11,Standard,14836.62
186,Ronald Davis,vdixon@example.org,Australia,2024-10-10,Standard,29790.67
1003,Pamela Hill,alicia98@example.net,Argentina,2023-05-19,Basic,47309.73
9509,Angela Ward,robinsonryan@example.org,Norway,2025-04-17,Standard,49851.17
5624,Paul Anderson,deckermadison@example.com,Germany,2020-12-04,Basic,14068.69
401,Daniel Nguyen,rebeccastevens@example.org,Italy,2026-06-30,Basic,43682.46
6241,Bradley Hoffman,chris19@example.net,Japan,2025-05-15,Basic,26283.37
8941,Christina Fletcher,gabrielle50@example.org,Brazil,2023-06-18,Basic,23111.27
9933,Mariah Nolan,alexandriacain@example.com,Netherlands,2025-05-23,Basic,38052.64
7343,Alison Walker,macknicole@example.com,Argentina,2024-05-14,Standard,34049.93
9833,Nicole Cox,sanderson@example.net,South Korea,2025-05-06,Standard,5206.63
8467,William Ortiz,carlvasquez@example.org,Netherlands,2024-10-01,Premium,30187.63
8757,Edward Duffy,vmaldonado@example.net,Norway,2021-03-17,Basic,27411.09
7959,Gary Smith,john29@example.org,Japan,2020-10-27,Premium,26095.88
1251,Regina Ramos,ztaylor@example.com,United States,2024-05-10,Premium,6844.56
3144,Angela Ramirez,bdouglas@example.org,Brazil,2023-08-06,Premium,23610.13
7431,Alex Johnson,zjohnson@example.com,Japan,2023-04-29,Premium,49236.33
60,Laura Roberts,justtext009,Mexico,2024-10-10,Basic,18082.1
7856,Virginia Morales,hursteric@example.org,Spain,2024-12-15,Premium,13420.8
1114,Matthew Houston,paula13@example.com,Italy,2020-06-24,Premium,26990.3
3058,Jeffery Johnson,alexandra09@example.net,Japan,2026-02-11,Premium,33854.85
9570,Michelle Barnes,wesleylang@example.org,Brazil,2020-09-11,Premium,9279.65
1329,Cindy Cannon,albert42@example.net,Norway,2024-02-13,Premium,11123.65
4996,Laurie Bailey,charles37@example.com,United States,2022-05-29,Standard,46180.9
6683,Tricia Russo,thomasunderwood@example.net,United States,2025-03-13,Premium,46038.53
2073,Arthur Jordan,margarethart@example.net,Germany,2023-01-01,Standard,42022.21
4794,Alison Zuniga,christopher19@example.net,United States,2021-07-29,Standard,4083.24
6830,Breanna Flores,russellrobert@example.net,Netherlands,2020-09-17,Standard,25103.39
9630,Shannon Stokes,david63@example.org,Brazil,2021-01-05,Basic,48875.07
8219,Joshua Mcgee,joyce50@example.org,Norway,2020-11-20,Standard,41212.52
7568,Diane Taylor,andrevega@example.org,Japan,2024-09-26,Basic,3230.44
5923,Carol Bowman,jamesbennett@example.net,Mexico,2023-04-24,Basic,7378.44
1551,Sharon Young,aharding@example.net,Brazil,2020-10-28,Premium,36600.26
1010,Miss Tina Gordon,andersonjuan@example.net,Argentina,2023-07-21,Premium,1576.93
3756,Mary Copeland,patrick24@example.org,Sweden,2025-12-25,Premium,37321.73
8682,Jocelyn Charles,lewisthomas@example.com,United Kingdom,2023-08-26,Premium,11722.7
9343,Lisa Curtis,fjones@example.org,Netherlands,2026-02-19,Basic,43875.06
8010,April Carter,lisa33@example.com,United Kingdom,2024-04-04,Standard,34217.17
3861,Susan Zimmerman,martha51@example.org,United Kingdom,2021-03-28,Premium,31197.57
3149,Lee Barry,parkamy@example.com,Spain,2023-03-19,Premium,3006.37
2520,Chad Dominguez,gward@example.org,South Korea,2023-11-19,Standard,1461.03
3128,Gregory Rios,jbruce@example.net,Netherlands,2022-01-13,Basic,31852.53
9085,Darrell Coleman,rmartinez@example.com,New Zealand,2025-08-16,Standard,33336.8
5317,Kurt Martinez,qgonzalez@example.net,India,2022-07-21,Basic,44291.64
1196,Brittney Rodriguez,michael54@example.org,Switzerland,2023-02-24,Premium,41427.42
9051,Erica Yang,aimee64@example.org,India,2025-12-10,Standard,48734.04
880,Robert Torres,esmith@example.org,Norway,2024-05-08,Premium,39584.83
6990,Pamela Cook,julieguerra@example.org,Mexico,2022-01-26,Basic,5497.91
2488,Joseph Swanson,troycunningham@example.org,Italy,2025-09-15,Premium,11866.35
2841,Melissa Banks,hollandmitchell@example.org,France,2025-07-08,Basic,1914.05
4330,Edwin Munoz,usimmons@example.com,India,2022-11-06,Basic,25208.42
2931,Emily Salazar,davidnichols@example.com,New Zealand,2020-07-09,Premium,8113.53
6425,Thomas Bennett,jillianhall@example.com,United Kingdom,2023-09-06,Basic,32361.09
2486,Connie Scott,brian58@example.org,Japan,2020-08-14,Standard,1743.53
5748,Riley Davenport,omills@example.org,New Zealand,2024-11-28,Basic,33810.74
884,Brian Hunt,stephen57@example.net,Spain,2021-10-15,Premium,45018.5
4915,Kimberly Morgan,sheadawn@example.net,Sweden,2026-02-20,Premium,8772.65
6211,Ruben Benton,nicole65@example.net,Canada,2023-07-06,Standard,26142.89
9579,Tammy Fernandez,rebecca77@example.org,Norway,2024-03-25,Standard,35666.6
212,Chad Scott,wyattkevin@example.com,Argentina,2022-03-24,Premium,34192.7
2276,Rebecca Lee,jamesbutler@example.com,Norway,2021-06-13,Premium,25429.66
2329,Victor Campbell,mayala@example.org,Canada,2026-01-30,Basic,3652.07
4951,Mckenzie Chavez,brandy52@example.com,Spain,2026-06-22,Standard,8061.01
3320,Jeffrey Stanton,tthompson@example.org,Canada,2024-07-01,Premium,2137.76
9835,Katherine Smith,olsoncrystal@example.net,Argentina,2024-03-11,Standard,9353.61
4608,Shawn Lindsey,jacquelineolson@example.net,Brazil,2025-03-13,Basic,34778.14
1439,Susan Cunningham,lmathis@example.com,France,2021-10-25,Basic,26917.74
468,Martha Bailey,scottvelazquez@example.com,Germany,2025-01-23,Premium,41123.34
5467,Molly Jackson,areed@example.com,Singapore,2020-10-21,Basic,38965.14
3330,Sarah Taylor,james10@example.net,France,2020-08-02,Premium,3332.95
5829,Amanda Bennett,veronica99@example.com,Brazil,2023-06-29,Premium,217.4
8608,Lynn Anderson,rdavis@example.org,Germany,2022-10-07,Basic,23662.56
697,Kimberly Myers,walkertommy@example.org,Spain,2020-07-08,Premium,17343.54
7268,Antonio Woods,taylorsamantha@example.com,Australia,2025-05-25,Basic,11492.74
9145,David Bryant,tracey72@example.com,Singapore,2025-11-21,Premium,36393.99
8181,Tina Ortiz,smithsteven@example.net,France,2021-08-31,Basic,49412.58
9939,Autumn Gomez,mark14@example.org,India,2023-07-03,Premium,15009.19
1315,Jacob Erickson,shuff@example.net,Singapore,2024-12-10,Basic,36584.57
2302,Gary Turner,anna66@example.com,India,2022-05-16,Premium,8034.35
2040,Melissa Foster,teresa05@example.org,Argentina,2024-07-26,Premium,42784.78
7109,Janice Fuentes,walter21@example.com,Australia,2022-05-07,Premium,35849.14
3667,William Marsh,ameyers@example.net,Spain,2021-12-26,Premium,41331.53
915,Katherine Gallagher,lscott@example.net,Mexico,2020-04-24,Premium,10633.62
13,Jonathan Peterson,,Canada,2022-05-22,Standard,15988.8
8584,Amber Odom,jonathon31@example.net,United States,2022-03-03,Standard,21910.37
6428,Sydney Smith,sblack@example.com,Germany,2026-06-14,Basic,17482.95
1537,Casey Blanchard,robert21@example.org,Norway,2026-01-07,Standard,22485.49
737,Keith Graham,coxjavier@example.org,Norway,2025-11-09,Basic,27206.32
8202,Tammy Graves,lorispencer@example.org,Argentina,2022-12-28,Standard,41505.61
8653,Kevin Thomas,davidcannon@example.com,Singapore,2025-09-12,Premium,18677.05
454,Laura Hernandez,thompsonjessica@example.net,Mexico,2025-06-03,Premium,7657.03
4346,Michael Nelson,schaefermichael@example.net,Japan,2020-01-17,Standard,4587.47
928,Darryl Acosta,shaneboyd@example.net,Mexico,2023-12-22,Basic,29312.26
6292,Kelsey Smith,hannahcurry@example.org,Mexico,2025-06-14,Basic,24527.63
8282,Katelyn Harper,kimsimpson@example.org,Argentina,2021-12-04,Standard,1649.3
8723,Brian Pacheco,katrinawashington@example.com,Italy,2024-11-12,Premium,7809.62
6474,Margaret Knight,nathan59@example.net,Netherlands,2025-06-30,Basic,38575.48
38,Denise Mccann,,Canada,2025-06-01,Premium,1406.44
5771,Robert Carter,richard34@example.net,Argentina,2022-01-31,Standard,8005.27
2555,Joshua Clark,hmartinez@example.org,Switzerland,2025-12-03,Premium,49000.77
7633,Katrina Mendoza,simpsonmarcus@example.net,Netherlands,2025-07-18,Standard,27793.85
9999,Amy Campbell,cbowman@example.org,Canada,2024-02-12,Standard,3343.47
6621,Patricia Hall,mendezemily@example.org,Spain,2025-04-05,Premium,5402.53
941,Dennis Mills,aallen@example.com,Japan,2021-08-31,Standard,296.83
7399,John Munoz Jr.,smithcharles@example.org,Sweden,2026-01-23,Standard,11889.98
6129,Steve Brewer,linda07@example.com,Sweden,2022-03-26,Premium,49619.0
9830,Jordan Hughes,frankcruz@example.net,France,2024-10-06,Basic,39451.71
2681,Gregory Jacobs,jacobschaefer@example.net,India,2020-12-12,Standard,16940.87
4355,Nathan Adams,jeffrey02@example.com,Singapore,2024-10-11,Standard,35757.29
3059,Justin Smith,brandyrogers@example.com,Argentina,2025-03-22,Standard,6210.64
7881,Bryan Monroe,edwardsdenise@example.com,France,2024-11-05,Basic,35248.74
739,Robert Haynes,erikacarter@example.org,South Korea,2021-12-09,Standard,28091.38
539,Timothy Edwards,richardsondonald@example.com,Japan,2020-03-24,Basic,17959.34
3326,Matthew Thomas,andrewflores@example.net,Italy,2024-03-17,Basic,49357.31
4240,Laura Harrison,reederica@example.com,Mexico,2024-04-13,Basic,5698.41
1401,Bailey Stewart,hbaldwin@example.com,Japan,2023-07-18,Standard,35909.19
4047,Thomas Kaufman,morganbridges@example.com,Sweden,2023-04-06,Basic,35598.56
5138,Allison Chavez,mariahramirez@example.com,New Zealand,2025-02-17,Standard,31038.5
4230,Nicole Moore,heatherward@example.com,Norway,2020-06-12,Premium,39669.67
4192,Elaine Martin,kevinrodriguez@example.net,Italy,2023-12-11,Premium,29328.69
9143,Dawn Daniel,bhamilton@example.com,Germany,2022-11-10,Premium,46202.23
5539,Valerie Lopez,howardmonroe@example.org,Argentina,2026-01-28,Premium,1837.2
2693,Nicholas Richardson,teresa45@example.net,France,2022-12-09,Premium,16830.7
5341,James Schaefer,danielle00@example.org,France,2020-06-07,Premium,32616.98
9918,Dustin Gregory,dholden@example.net,Netherlands,2023-01-21,Standard,38552.87
7671,Samuel Russell,ramosdavid@example.org,Brazil,2021-09-06,Premium,44694.7
9174,Michael Stokes,rodriguezerika@example.com,Brazil,2021-08-12,Premium,47537.8
1808,Ashley Stevens,christopher63@example.com,Singapore,2020-04-07,Standard,11378.09
5112,Charles Chang,marybray@example.org,Canada,2023-01-28,Standard,43406.16
3990,Melvin Flores,mooremolly@example.net,United Kingdom,2023-09-30,Standard,15351.19
3456,Holly Floyd,brenda18@example.net,Norway,2022-12-20,Standard,39332.49
2908,Christopher Johnson,irichardson@example.org,Netherlands,2023-12-02,Premium,7630.07
6652,Krista Curtis,craig27@example.net,Germany,2024-12-04,Standard,44364.65
8288,Margaret Wallace,susanrivera@example.org,Switzerland,2023-01-24,Basic,43006.47
6245,Gregory Martinez,patriciacollins@example.com,Italy,2022-05-18,Standard,39577.74
2698,Andrea Jones,mfranklin@example.com,France,2022-12-26,Basic,12705.52
4017,Michelle Smith,sharpshannon@example.com,United States,2021-01-20,Basic,41669.12
4340,Anthony Marshall,xcabrera@example.com,Brazil,2024-12-08,Basic,21785.86
4646,Derek Williams,monica00@example.com,Brazil,2024-05-21,Standard,9329.98
7740,Nicole Juarez,longchristopher@example.net,United Kingdom,2025-02-19,Premium,4206.94
7092,Bryan Paul,millerwalter@example.org,Spain,2024-05-25,Premium,24134.55
4693,Michael Baker,johnsonstanley@example.com,Germany,2025-06-01,Premium,1275.84
1740,Jennifer Cooper,dtaylor@example.org,Norway,2025-07-30,Basic,7571.76
5407,Brian Lewis,paul17@example.org,New Zealand,2023-01-26,Standard,83.65
4589,Sandra Moore,qmorrison@example.net,South Korea,2020-02-06,Basic,41005.91
3126,Nathan Hess,kelseyfrancis@example.org,Italy,2020-03-16,Premium,36658.67
2158,Jill Roman,edwardsdavid@example.com,Switzerland,2025-04-24,Basic,10920.49
5334,Deborah Simon,devinbernard@example.org,Italy,2022-08-27,Basic,15285.56
8637,Corey Clark,antonioboyd@example.net,United States,2021-11-25,Premium,31215.3
1826,Annette Lane,charleschambers@example.org,India,2024-04-27,Standard,25540.45
4231,Donna Mejia,tara25@example.com,Spain,2023-05-06,Standard,49865.83
3488,Albert Nguyen,williamsonlaura@example.net,Netherlands,2025-11-11,Standard,49763.49
9054,Ronald Baker,nguyenamanda@example.net,Germany,2020-11-20,Premium,44388.83
9769,Dylan Clark,oreyes@example.net,Germany,2020-03-16,Basic,49044.68
3648,David Walker,evalentine@example.org,Brazil,2022-08-23,Basic,48628.64
5903,Sergio Andrews,nkramer@example.org,Argentina,2024-01-12,Premium,33792.87
6386,Claudia Rice,cheryl94@example.org,Spain,2025-03-12,Standard,17552.55
5639,John Stewart,vanessabates@example.org,Norway,2020-01-26,Basic,4295.17
6424,Cody Conley,qsmith@example.com,Australia,2022-12-22,Premium,25546.65
7827,Alexander Cox,ngreene@example.org,Canada,2021-06-06,Premium,18727.7
7744,Marc Brown,lisachase@example.net,Japan,2022-11-29,Standard,19142.92
3013,Eric Jordan,stephensrebecca@example.net,United Kingdom,2023-07-18,Standard,28470.87
7672,Bryan Castro,gramos@example.net,Argentina,2024-07-08,Standard,47337.95
9549,Charles Roman,taylorsteven@example.org,Canada,2023-06-03,Basic,12028.23
9978,Elizabeth Saunders,bferguson@example.com,South Korea,2022-05-21,Basic,21877.13
3081,Phillip Obrien,michael48@example.net,Mexico,2026-06-26,Standard,32502.53
3521,Martha Arnold,robertkelly@example.net,Italy,2022-03-07,Standard,37535.93
4979,Annette Mcguire,lthomas@example.net,Netherlands,2024-05-08,Basic,34109.78
7620,William Juarez,jonesthomas@example.net,Canada,2025-07-26,Basic,31708.53
4348,Jamie Lindsey,gomezchelsea@example.org,Norway,2022-04-11,Basic,22837.26
8441,Peter Harris,patriciacox@example.com,France,2020-02-18,Standard,6442.53
1347,Matthew Guzman,nguyenjill@example.org,Switzerland,2024-08-14,Premium,11485.4
7088,Patrick Medina,ycharles@example.org,Sweden,2022-04-18,Standard,39213.63
8948,Monica Armstrong,oalexander@example.com,Canada,2023-03-06,Basic,36716.1
5652,Nathan Vargas,christopher38@example.net,Australia,2023-09-01,Premium,26405.74
8082,Rachel Castillo,haleyherman@example.org,Switzerland,2026-03-12,Basic,7151.12
1792,Barbara Hunt,qcarpenter@example.org,New Zealand,2021-09-04,Basic,35393.98
7429,Jennifer Buck,gomezdavid@example.org,France,2024-12-05,Premium,49808.28
9580,Jeremy Sanchez,jasonryan@example.net,Singapore,2025-05-02,Premium,23657.16
9960,Seth Diaz,jessicafowler@example.com,Spain,2021-03-12,Basic,37322.21
2271,Richard Rodriguez,hsmith@example.org,Japan,2024-05-02,Premium,42902.25
9767,Cody Pitts,theresagilbert@example.org,Netherlands,2025-02-12,Standard,43150.35
2956,Christian Wagner,ckelly@example.com,Australia,2021-01-27,Standard,30653.98
3444,Matthew Simmons,melaniescott@example.org,Brazil,2025-04-18,Basic,29148.8
7736,Jennifer Gonzalez,ashleywalsh@example.org,Switzerland,2024-06-22,Premium,15853.36
834,Jennifer Nichols,laurenrice@example.com,New Zealand,2024-09-28,Standard,16769.79
6499,Jeffrey Walters PhD,daviddoyle@example.com,Spain,2022-05-10,Basic,18135.92
2992,Harold Mckinney,navarrokatrina@example.com,Spain,2021-02-08,Basic,40049.45
7793,Elizabeth Jones,kimberlytownsend@example.org,South Korea,2025-12-23,Basic,22057.92
2151,Rebecca Zimmerman,jenkinsanna@example.net,Norway,2024-01-07,Basic,35216.65
4023,Mrs. Laurie Williams MD,vjackson@example.com,Mexico,2020-02-03,Premium,40064.48
7615,Michelle Schultz,nelsonkimberly@example.com,Spain,2023-09-02,Premium,22615.75
6124,Kevin Moss,gillespieelizabeth@example.net,Sweden,2022-07-09,Premium,40742.8
3339,Marcus Powell,vmcgrath@example.org,United Kingdom,2020-05-18,Premium,20260.92
4344,Harold Lee,mcculloughemily@example.com,New Zealand,2024-12-08,Standard,36502.48
4464,Julie Martinez,christina76@example.net,Brazil,2023-10-06,Premium,1580.42
2376,Brian Murphy,melody90@example.net,United Kingdom,2021-07-06,Premium,41816.15
9044,Katherine Weaver,bgonzales@example.org,Germany,2022-02-10,Basic,3557.71
5571,Melanie Smith,marshallrodney@example.org,Canada,2025-07-05,Premium,40826.03
8599,John Black,chad38@example.com,Brazil,2024-08-28,Standard,24697.11
8504,Brittany Taylor,nmiller@example.org,Canada,2020-04-08,Standard,21927.51
8880,Alicia Krueger,heather09@example.net,Netherlands,2022-05-03,Premium,31200.84
1887,Jennifer Perez PhD,johnmiller@example.com,Germany,2026-04-23,Premium,39805.4
1198,Pamela Weaver,khernandez@example.com,United Kingdom,2021-09-29,Basic,26800.89
6427,Donald Wallace,rebecca88@example.org,Spain,2020-09-29,Standard,1503.01
8911,Miss Makayla Young,riddlerebecca@example.com,Switzerland,2022-10-18,Premium,7185.6
2936,Michael Graham,pcastro@example.org,United States,2023-10-17,Standard,3363.9
6342,Melissa Harvey,morrisgloria@example.org,India,2021-05-08,Standard,20321.89
1430,Teresa Horton,joshuamcknight@example.net,Germany,2026-04-18,Basic,42382.09
6307,Sarah Fields,tkhan@example.org,New Zealand,2025-11-18,Basic,22533.17
3650,Patricia Andrews,glassalexis@example.org,Japan,2026-04-13,Standard,26852.16
1938,Sean Morrow,brian28@example.com,United States,2025-01-29,Standard,35997.19
5172,Danielle Hester,christian24@example.com,United Kingdom,2025-06-21,Premium,13515.39
7764,Steven Boyd,janet13@example.org,Australia,2021-12-20,Standard,38060.62
6393,Sandra Ingram,rmckay@example.net,United States,2024-12-14,Premium,22513.52
1154,Nicole Gutierrez,chris57@example.net,Germany,2026-05-24,Standard,9241.21
6250,Nicholas Arellano,jeffrey18@example.net,Italy,2021-05-03,Standard,36239.08
7037,Lindsey Chen,bradleyerica@example.net,Canada,2023-06-02,Basic,25807.24
4229,Rachel Oneal,sheila24@example.net,Germany,2020-02-28,Premium,24236.88
4975,Julie Rose,rmorgan@example.org,Switzerland,2021-06-14,Standard,12104.99
6401,Alyssa Guerra,gwelch@example.net,Spain,2026-05-30,Premium,11224.82
3640,Lisa Kaiser,brittanyjohnson@example.net,Japan,2025-03-31,Basic,26315.91
3972,Maureen Nixon,timothy45@example.com,Argentina,2021-10-23,Basic,23247.78
9594,Robert Lewis,sandra20@example.org,United States,2023-11-22,Premium,32099.63
3376,Brent Stephens,livingstonbrandi@example.net,Japan,2025-04-11,Premium,47388.08
2487,Steven Martinez,corey39@example.com,Norway,2022-03-15,Premium,33957.36
6954,Dr. Travis Morris DDS,edward32@example.net,Canada,2024-11-15,Premium,15001.39
606,Kevin Price,jennifer86@example.net,Mexico,2022-06-09,Premium,49946.23
7444,Carla Patterson,taylorjessica@example.net,United Kingdom,2023-10-15,Standard,44950.58
5928,Ryan White,leslierocha@example.net,Norway,2025-04-10,Premium,21611.98
2454,Carol Carter,drodriguez@example.com,Sweden,2025-07-17,Basic,31479.77
3609,Christine Moran,lgreen@example.org,France,2021-06-19,Basic,14077.39
1484,Michael Marsh,nancy96@example.com,Brazil,2026-08-09,Premium,37450.83
4519,Donna Wright,jasonthompson@example.net,Germany,2024-05-02,Standard,47016.35
3038,Ronald Santos,dawn19@example.net,Argentina,2024-10-30,Standard,45210.04
9352,Paul Patterson,townsendjames@example.com,United States,2024-07-29,Premium,43736.15
7692,Christopher Butler,staceylyons@example.net,Netherlands,2023-01-02,Premium,11522.22
4116,Angela Rodriguez,herbertbrown@example.com,Netherlands,2025-03-17,Premium,13498.39
1427,Louis Brown,fisheranne@example.com,India,2023-11-28,Basic,1943.69
497,Chelsea Gill,sean90@example.org,United States,2025-11-16,Standard,4108.46
3353,John Collins,charlesowen@example.com,Sweden,2023-06-23,Premium,15757.24
8794,Frank Munoz,marie64@example.org,South Korea,2020-10-24,Premium,9355.51
759,Joel Jackson,michelle32@example.com,Netherlands,2022-11-15,Standard,39292.61
838,Megan Oliver,josephroberts@example.org,Japan,2023-07-13,Premium,3507.92
4327,Nicole Mills,stevenfrancis@example.org,France,2024-12-09,Standard,17508.77
2128,Jennifer Baker,xsullivan@example.org,United States,2021-08-27,Premium,3544.1
1023,Donna Beck,yclark@example.com,Italy,2023-03-27,Standard,32581.96
8762,Crystal Duke,medinajanet@example.com,France,2021-08-03,Premium,23214.48
5614,Cody Lawson,gphillips@example.org,South Korea,2022-05-26,Premium,39875.36
5581,Carla Wong,laura79@example.net,Norway,2021-02-03,Basic,33864.0
1058,Brittany Stevens,emilygarner@example.com,New Zealand,2024-01-17,Standard,41491.73
9542,Elizabeth Armstrong,scotthowe@example.org,Argentina,2022-09-03,Basic,13030.95
6856,Timothy Miller,wwiley@example.com,United States,2024-11-02,Premium,6571.01
7349,Cynthia Le,pamelahampton@example.com,Norway,2026-06-06,Standard,37638.66
9045,Rachel Macdonald,ashley31@example.com,Netherlands,2020-12-31,Premium,45470.98
2129,Mr. Jeremiah Galvan MD,laura77@example.net,Brazil,2025-05-01,Basic,24278.45
2767,Sarah Johnson,allisonanna@example.org,Sweden,2021-04-01,Basic,376.92
2109,Natalie Martinez,cbrown@example.net,Netherlands,2020-09-16,Standard,12009.01
3617,Mr. Lawrence Brooks,amber36@example.org,Italy,2023-02-12,Standard,6078.37
1545,Susan Torres,angela06@example.org,Switzerland,2020-03-27,Standard,48885.09
6914,Christine Mills,john59@example.net,United Kingdom,2023-05-19,Standard,21600.33
1719,Stacy Rodriguez,schwartzjack@example.net,United Kingdom,2025-03-04,Premium,42789.25
7435,Christine Green,jennifer06@example.com,Mexico,2026-03-29,Premium,3368.88
7365,James Austin,erin72@example.net,Switzerland,2024-02-19,Basic,3869.46
6235,Evelyn Dunn,pateltheresa@example.com,India,2022-01-18,Basic,45339.21
725,Kevin Snyder,erinhogan@example.net,South Korea,2024-08-24,Basic,23544.2
6673,Tina Ellis,christophermoore@example.com,Italy,2023-08-11,Basic,33788.41
8029,Raymond Brooks III,gonzalescarlos@example.org,Switzerland,2020-04-17,Standard,30584.44
5492,Mark Smith,tracyosborne@example.org,India,2021-01-22,Standard,30817.4
1128,Mary Campbell,alyssahaas@example.com,Australia,2024-01-31,Standard,46357.94
2957,Colleen Cox,nortonandrea@example.org,France,2020-02-23,Premium,35676.95
5156,Gary Greer,tkim@example.com,Singapore,2020-05-23,Premium,23046.78
4817,Joseph Beltran,sarahmorgan@example.org,Sweden,2021-11-30,Standard,30007.55
6202,Natalie Perkins,candacejimenez@example.org,Germany,2021-09-05,Standard,41178.07
6224,Michelle Ryan,jerrymorse@example.com,New Zealand,2023-04-22,Basic,6303.96
8686,Scott Khan,ywarren@example.org,Netherlands,2024-06-24,Premium,47945.36
7114,Tammy Taylor,mccoyalicia@example.com,Argentina,2023-05-10,Standard,31288.58
5275,Victoria Keller,lewisshelley@example.com,Italy,2022-03-22,Standard,32058.78
8536,Sandy Austin,wbright@example.org,Switzerland,2022-08-31,Basic,29115.11
3044,Eric Hays,christopher29@example.net,Spain,2021-01-13,Standard,3911.46
6912,Jason Jones,cynthiagarcia@example.org,United States,2023-10-03,Basic,37411.68
150,Brandy Chavez,coopermegan@example.net,Singapore,2023-10-17,Basic,21737.77
7574,David Williams,chelsea40@example.org,France,2024-07-22,Standard,7969.8
4206,Heather Morales,thomas43@example.net,India,2020-11-22,Premium,45078.1
5493,Daniel Williams,jacksonchristopher@example.org,Argentina,2025-02-21,Premium,7783.62
2690,Kristen Montoya,perkinsdeborah@example.net,Mexico,2020-04-17,Standard,10732.16
4221,Shannon Jones,lisareynolds@example.org,United States,2023-09-14,Premium,47352.15
9102,Dawn Wolf,ewarren@example.net,Germany,2023-04-21,Premium,14430.95
842,Lori Flowers MD,hayden46@example.org,Brazil,2023-04-30,Standard,24209.33
8137,Charles Rice,tiffanyschmidt@example.org,Japan,2020-10-17,Basic,34966.71
6438,Jason Foster,jason47@example.com,United States,2021-03-09,Basic,39040.71
9700,Ian Dennis,troytaylor@example.org,India,2020-08-03,Basic,43118.99
6200,Paul Burton,melissa13@example.net,South Korea,2020-03-28,Premium,42251.43
2795,Deanna Kennedy,maryromero@example.net,United Kingdom,2026-06-28,Premium,8415.91
7626,Dana Atkins,garrettlewis@example.net,Canada,2025-05-07,Standard,9733.31
8475,Kristin Brandt,wayneparker@example.net,Brazil,2022-11-22,Premium,42966.7
7890,Mr. Nicholas Munoz,laura78@example.org,Singapore,2025-02-16,Basic,16742.48
6608,Alex Lambert,williamsmartin@example.com,Canada,2022-09-22,Standard,29119.54
9195,Andrew Miller,johnlewis@example.net,Brazil,2021-01-01,Standard,34129.03
8248,Sandra Guerra,kurt40@example.org,Australia,2021-09-22,Standard,27747.22
1393,Crystal Allen,rebecca76@example.com,United Kingdom,2024-12-31,Standard,47872.88
1922,Jessica King,donaldbanks@example.net,Argentina,2022-11-15,Standard,33249.93
7019,Amanda Hess,jeffrey22@example.org,Italy,2025-02-20,Basic,20464.73
3622,Edwin Gonzalez,crystal34@example.net,Singapore,2022-01-05,Premium,6364.52
4849,Jesse Gardner,fhicks@example.net,Singapore,2022-08-27,Basic,28592.48
2292,Jacqueline Pierce,tammy43@example.org,United Kingdom,2024-05-01,Standard,15184.7
2134,Jaclyn Crane,qgarza@example.net,France,2023-08-30,Basic,29352.16
551,Mary Miller,bowersjessica@example.org,Japan,2021-05-27,Standard,13235.76
1741,Erin Watkins,vincentcopeland@example.net,India,2023-08-15,Standard,14469.6
5290,Mr. Paul Chase,ostuart@example.org,India,2024-11-23,Basic,46507.51
1818,Ricky Palmer,rbenson@example.com,Canada,2020-12-09,Basic,13416.6
4699,Patricia Mitchell,pattonstacy@example.org,Italy,2021-10-12,Standard,39053.57
5182,Ronnie Medina,edwardwhite@example.net,Canada,2020-05-09,Standard,26872.63
3019,John Gomez,garciasean@example.net,Australia,2020-01-24,Basic,38973.27
18,Karen Graham,,Norway,2022-09-25,Premium,34283.95
1771,Gregory Madden,thanson@example.net,Australia,2024-09-06,Standard,19888.62
1889,Austin Solis,summersjeanette@example.org,Mexico,2022-08-06,Basic,29131.84
2153,Luke Ray,qdaugherty@example.net,United Kingdom,2026-02-01,Standard,14509.42
1643,Elizabeth Ferguson,qcoleman@example.com,Sweden,2020-11-11,Basic,10767.42
7847,Catherine Crane,christopherwalker@example.com,Netherlands,2020-06-29,Premium,33089.97
4194,Ryan Gonzalez,denise52@example.org,Singapore,2025-05-06,Basic,38501.17
9433,Sharon Choi,danielmorse@example.net,India,2025-10-23,Premium,34875.84
8899,Nicholas Tran,robinsonjoseph@example.com,Argentina,2021-08-12,Standard,25207.61
534,Mr. Richard Knight PhD,terrenceclark@example.com,France,2022-07-09,Basic,292.03
133,Edward Burgess,mjohnson@example.net,United States,2025-02-03,Premium,30901.5
7723,Jennifer Lopez,benjamin93@example.org,Mexico,2025-05-21,Standard,23908.57
8459,Dana Baldwin,victoria82@example.com,United States,2025-12-30,Basic,45839.11
965,Jason Williams,maria51@example.com,Brazil,2025-01-29,Standard,31074.89
8720,Rebecca Roman,rleonard@example.com,Netherlands,2022-05-22,Basic,39570.37
6413,Kenneth Clark,lopezann@example.net,Brazil,2021-04-10,Basic,20541.12
8286,Autumn Lee,bcastro@example.com,Italy,2025-09-30,Standard,34431.18
7854,John Stone,zgomez@example.net,Australia,2023-03-17,Basic,23631.18
1096,Amanda Perkins,aprilhurley@example.com,United States,2020-07-10,Premium,18206.85
6930,Patrick Huerta,hornshirley@example.org,Brazil,2024-08-25,Premium,10416.78
9255,Michael Perkins,lrios@example.org,Sweden,2020-10-31,Standard,31875.88
1562,Joanna Kelly,xschmidt@example.net,Netherlands,2020-09-24,Premium,16167.97
1671,Lori Patton,pattonkendra@example.net,Netherlands,2026-05-14,Premium,45867.74
6088,Leslie Bauer,xwebb@example.org,Argentina,2020-04-18,Basic,7563.12
6670,Matthew Barrett,rachelavila@example.org,Norway,2024-05-01,Premium,36439.01
5934,Roy Paul,nicoleporter@example.org,Japan,2021-09-30,Standard,7024.62
8830,Julia Green,harrisoneric@example.net,New Zealand,2025-06-20,Premium,43891.0
7946,Rodney Patton,lozanoanthony@example.net,United Kingdom,2020-03-24,Basic,7508.62
3509,Toni Gill,julie73@example.org,Argentina,2022-08-27,Premium,9944.26
2003,Abigail Booker,jacobkline@example.org,United States,2025-04-04,Premium,45996.56
5867,Erin White,danielhuynh@example.net,Japan,2025-12-21,Standard,23535.46
169,Anthony Harmon,lwalton@example.com,Brazil,2021-10-13,Standard,78.47
2589,Erik Davis,aparker@example.org,India,2022-10-16,Standard,42885.77
5906,Gabriel Guzman,sloanveronica@example.org,Japan,2026-06-17,Standard,37543.36
9530,Rebecca Chan,dianedavis@example.com,Canada,2021-10-02,Premium,5437.26
6385,Jason Taylor,grosscandace@example.net,Germany,2023-11-21,Premium,26098.88
7825,Chad Morales,hwilson@example.org,France,2023-08-27,Standard,11626.62
9780,Sharon Medina,connerhelen@example.net,India,2026-05-31,Standard,14858.7
4630,Patricia Hernandez,jeremiah45@example.org,Canada,2021-04-15,Standard,45280.03
8561,Rebecca Miller,grayaustin@example.org,Brazil,2021-07-10,Premium,47211.49
9292,Barry Lewis,alexandergriffin@example.com,South Korea,2024-06-28,Premium,13510.28
6875,Julia Williamson,jeffrey84@example.com,Singapore,2026-07-11,Basic,20837.09
6522,Linda French,foconnor@example.com,Germany,2024-10-15,Premium,42516.74
8980,Megan Burns DVM,ruizmark@example.com,Spain,2020-11-27,Basic,42454.3
6648,Shawn Harris,riveraandrew@example.net,Italy,2025-04-14,Standard,31015.21
9826,David Hayes,sdominguez@example.net,Canada,2021-12-28,Premium,40552.7
211,Aimee Turner,garciamark@example.com,India,2020-03-01,Standard,45776.72
5279,Robert Smith,jeffreysimmons@example.org,Canada,2026-06-16,Basic,39259.96
1920,Paul Young,daviddodson@example.org,Netherlands,2024-05-26,Premium,27568.18
719,Jake Shaw,nancy66@example.com,Italy,2022-11-27,Premium,39066.82
4869,Debra White,randolpherin@example.net,Mexico,2021-07-03,Premium,32317.04
7835,Andrea Bryant,sosastacy@example.com,Spain,2025-10-27,Standard,25718.29
1299,Edward Baker,miguel67@example.org,India,2021-04-23,Basic,31247.96
9194,Donna Stephenson,friley@example.net,Argentina,2024-11-11,Standard,5939.87
4618,Gail Johnson MD,lewisbetty@example.org,India,2020-03-21,Premium,16118.28
3129,Eduardo Obrien,josepena@example.net,Brazil,2026-07-10,Standard,7137.75
9796,Justin Swanson,elizabeth72@example.org,United States,2022-04-23,Premium,20818.39
3980,Paul Wolf,michaelgarner@example.org,Brazil,2024-03-23,Standard,23881.65
9925,Marcus Poole,lisa83@example.net,New Zealand,2026-07-08,Basic,39454.35
8318,Monica Gutierrez,brandon46@example.com,France,2025-05-07,Standard,9731.43
4394,Kenneth Williams,marisa21@example.com,Germany,2020-05-08,Basic,20319.3
1288,Brandon Montgomery,johnsonamanda@example.com,United States,2024-11-16,Premium,31418.01
4356,Thomas Davis,wperez@example.org,Switzerland,2026-05-12,Premium,1510.7
7014,Allison Fisher,dennis90@example.com,Netherlands,2025-11-13,Basic,13435.82
3886,Charles Sanchez,brittanydiaz@example.org,United Kingdom,2020-01-28,Premium,34693.63
5750,Diana Myers,adam88@example.com,Canada,2025-03-08,Basic,16876.3
9170,David Johnson,thomas61@example.com,Singapore,2020-09-13,Basic,11810.29
2408,Kevin Guerra,nparker@example.net,Norway,2020-05-21,Standard,39633.59
2014,Bonnie Wade,osanders@example.net,New Zealand,2020-10-17,Premium,15026.4
5154,Stephanie Peterson,ktucker@example.com,United Kingdom,2023-06-10,Premium,45691.15
8552,Deanna Choi,brenda60@example.com,New Zealand,2024-09-23,Basic,28530.35
4377,Christian Garcia,heather04@example.org,Brazil,2023-11-30,Standard,37582.62
8823,Andrea Abbott,jessica03@example.org,United States,2021-03-17,Premium,7556.72
4274,Samantha Harris,orobinson@example.org,Argentina,2020-04-25,Basic,35056.02
5826,Jeffrey Ford,jennifer21@example.com,Mexico,2021-09-28,Basic,31063.57
6700,Theresa Sandoval,ann02@example.com,New Zealand,2021-07-15,Premium,30161.37
7244,Kyle Johnson,adam56@example.net,Argentina,2020-02-17,Premium,27814.86
450,Colleen Wright,eric36@example.org,Australia,2023-09-16,Premium,45335.19
2228,David Peterson,shane87@example.net,Canada,2023-04-21,Premium,43357.88
5757,John Jones,jerrynorman@example.net,Mexico,2021-10-12,Premium,24421.97
811,Carla Jones,shannon27@example.com,Italy,2020-12-10,Standard,4693.01
4181,Karen Stephens,aanderson@example.com,India,2020-02-14,Basic,39657.72
9001,Mrs. Jennifer Ruiz,richardgabriel@example.org,Australia,2023-10-19,Basic,2444.4
5439,Daniel Chen,haasmichelle@example.net,New Zealand,2023-12-03,Basic,11316.35
7534,Kimberly Adams,jennifer08@example.com,Australia,2020-05-28,Standard,9333.87
6370,Robert Fischer,tthompson@example.net,Netherlands,2025-10-18,Basic,8412.55
8417,Dr. Zachary Peterson DDS,zbass@example.com,Brazil,2021-03-09,Premium,38434.5
1478,Michael Hendricks,michelle09@example.net,Canada,2021-01-22,Basic,18035.45
1791,Lori Alvarez,jasonrodriguez@example.com,Switzerland,2020-07-21,Basic,35961.63
2009,Christopher Hanna,andrew09@example.net,Spain,2026-02-03,Standard,13002.75
683,Elizabeth Holmes,rothxavier@example.org,Canada,2024-09-16,Basic,8970.98
2817,Sean Cisneros,carterjerry@example.net,South Korea,2025-01-04,Standard,49917.04
9432,Nicholas Rollins,acostawilliam@example.net,New Zealand,2024-11-06,Basic,8287.61
3775,Annette Knapp,qwright@example.org,United Kingdom,2024-12-01,Premium,23944.38
6496,Erica Huynh,sarahnavarro@example.org,Mexico,2021-02-02,Premium,46029.77
8879,Erin Rivera,bullockryan@example.org,South Korea,2023-10-02,Standard,1372.74
7362,Matthew Jones,stevenmartinez@example.net,India,2020-01-10,Basic,814.64
8367,Martha Flynn,tim71@example.com,Spain,2020-09-02,Basic,17815.97
7475,David Wallace,parkerstephen@example.com,Switzerland,2021-10-07,Premium,33672.67
47,Courtney Mills,,Brazil,2026-01-09,Basic,27880.7
31,Erin Warner,,India,2025-04-28,Standard,30579.74
8251,Joy Brooks,bedwards@example.com,Canada,2021-07-23,Basic,47712.52
6936,Patricia Fox,townsendtimothy@example.org,United States,2020-01-01,Basic,11032.4
1469,Michelle Krause,gleonard@example.net,United States,2022-07-01,Basic,19063.65
1666,Stacie Butler,jocelyn80@example.net,United Kingdom,2021-01-22,Standard,25005.28
1417,David Sullivan,anne81@example.net,Canada,2025-08-14,Premium,48408.63
6481,Brian Bullock,alyssa04@example.org,Mexico,2022-08-16,Standard,8690.21
4853,Craig Hammond,eatoncourtney@example.com,Japan,2020-09-28,Basic,43296.54
2471,Robin Smith,lolsen@example.com,Singapore,2024-12-28,Premium,11624.51
4374,Kevin Solis,kowen@example.net,Japan,2021-06-09,Basic,23812.54
8525,Kimberly Steele,sjohnson@example.net,Norway,2025-01-30,Standard,7779.43
430,Keith Rodriguez,kimberly49@example.com,Singapore,2020-08-19,Premium,1509.31
5245,David Williams,ashley70@example.com,Brazil,2020-08-25,Basic,48481.61
2120,Hayley Mitchell,alexandriacook@example.net,Australia,2020-03-14,Premium,5674.65
386,Louis Martin,donna30@example.com,Brazil,2023-08-16,Premium,46046.97
1946,Mark Edwards,kathyhall@example.org,India,2020-05-17,Premium,40332.12
4225,Jeffrey Harrell,samuel76@example.net,New Zealand,2026-05-23,Premium,49393.99
474,Molly Rodriguez,lcarrillo@example.org,France,2023-12-13,Premium,13134.83
2130,Samantha Thomas,ubutler@example.com,United States,2023-08-29,Premium,24996.16
6557,Luis Lopez V,williamsethan@example.org,Singapore,2025-07-14,Premium,26885.28
6999,Sara Flores,nathanielallen@example.com,Sweden,2024-02-19,Basic,16103.86
1056,Michele Cherry,jeanette90@example.org,Germany,2024-05-03,Standard,49976.33
3275,Robert Parker,lbright@example.net,Norway,2022-01-21,Basic,42724.99
4962,Margaret Young,angelcameron@example.org,Argentina,2020-06-08,Basic,40747.44
5364,Erin Carter,leonardwayne@example.net,Norway,2021-05-12,Basic,15912.15
5817,Thomas Wells,jonathon41@example.com,Argentina,2024-09-03,Premium,21459.43
812,Elizabeth Flores,marcuslopez@example.org,New Zealand,2024-11-30,Premium,40508.98
4574,Teresa Allen,jorgeashley@example.com,Japan,2025-12-13,Basic,9301.69
6138,Christina Mullen,powellkayla@example.com,Italy,2022-08-22,Standard,3249.65
2389,Samuel Olson,scotttravis@example.com,Sweden,2023-05-08,Premium,2595.17
9649,Duane Bates,iodonnell@example.net,India,2023-06-17,Premium,37922.63
6226,Kayla Carlson,vperkins@example.org,France,2020-05-24,Premium,31529.27
112,Elaine Brooks,torresmelissa@example.net,Sweden,2025-02-07,Basic,44400.42
8910,Jonathan Kelley,sarah28@example.org,Canada,2020-10-12,Standard,38328.36
1746,Jesus Jackson,ahampton@example.net,Germany,2020-09-13,Basic,34792.81
7852,Melissa Riley,robertmarquez@example.com,Norway,2023-10-17,Premium,4989.92
1453,Amber Butler,rachel98@example.org,South Korea,2020-04-06,Standard,15468.08
320,Mark Cox,pmartin@example.org,New Zealand,2022-06-12,Standard,8502.95
8594,Christian Woodard,brianbridges@example.com,India,2025-11-09,Standard,10404.78
3334,Kimberly Rivera,frank64@example.net,Netherlands,2026-03-25,Basic,11556.21
1923,Katherine Brooks,williamsonlisa@example.org,United Kingdom,2022-06-13,Standard,13998.37
5866,Shane Smith,serranojohn@example.net,South Korea,2026-04-30,Basic,35174.94
9529,Kevin Craig,rramirez@example.org,Germany,2026-05-15,Standard,37843.06
3686,Amanda Wiggins,oscott@example.com,Switzerland,2025-10-03,Standard,25241.33
4276,Veronica Nelson,kreed@example.com,Switzerland,2023-12-15,Basic,20536.77
4890,Kayla Ray,michaelyoung@example.net,France,2023-03-20,Basic,26558.61
5226,Madison Richardson,alvaradoshannon@example.org,Sweden,2024-03-01,Basic,36470.41
7473,Anna Chavez,patelwilliam@example.net,South Korea,2020-11-18,Premium,40085.91
3606,Philip Powell,molly80@example.org,Japan,2025-04-12,Premium,4544.92
1053,Kimberly Smith,wgutierrez@example.org,United Kingdom,2020-07-15,Standard,21312.67
4157,Joshua Dunlap,youngcaitlin@example.org,Switzerland,2023-04-30,Standard,40159.92
9677,Kyle Reed,nfoster@example.com,New Zealand,2026-07-04,Premium,31949.39
100,Shelly Alexander,floressummer@example.org,Netherlands,2026-09-17,Premium,20350.01
7509,Ashley Robertson,sharon99@example.org,Japan,2025-08-07,Basic,10392.07
1457,Anna Evans,davidfowler@example.org,Australia,2022-05-07,Basic,41769.49
7689,Debra Gonzalez,mperkins@example.org,Norway,2022-07-08,Basic,35836.26
4005,Sharon Brown,johnsonmelissa@example.com,South Korea,2025-04-22,Standard,30327.4
6867,Martin Elliott,kaitlyncastro@example.com,Germany,2021-11-10,Basic,13393.39
4510,Matthew Carroll,laurenfowler@example.net,Italy,2020-01-22,Premium,16784.1
3300,Kristina Webb,austin62@example.net,Netherlands,2025-04-04,Premium,31422.62
3800,Johnny Whitaker,robertfoster@example.net,New Zealand,2024-04-05,Standard,49863.19
4282,Micheal Ramos,emanning@example.net,Canada,2025-03-05,Basic,40545.18
9052,Jason Kirk,edwardgreen@example.com,Singapore,2022-05-01,Premium,33408.87
6463,Christopher Simmons,jorge33@example.com,South Korea,2024-07-18,Standard,26336.82
7913,Victor Ruiz,otorres@example.net,Switzerland,2023-11-02,Standard,24058.44
1415,Andrea Ho,miguelschultz@example.com,South Korea,2024-02-16,Basic,14185.89
541,Jennifer Jones,carpenterkristen@example.org,Japan,2023-05-17,Basic,31380.83
5816,Emily Hall,jeremysimpson@example.org,Canada,2020-04-26,Premium,2627.16
8200,Timothy Morris,ashleyallen@example.net,South Korea,2023-05-07,Basic,5284.67
3681,Natalie Patrick,slopez@example.org,Brazil,2020-02-25,Basic,14894.41
755,Lauren Green,callahanamy@example.net,Japan,2025-04-17,Premium,17070.96
4197,Gerald Vega,christophervilla@example.net,Italy,2025-01-26,Standard,25870.25
2651,Adam Arnold,kevin35@example.com,United States,2020-08-20,Basic,32767.73
4523,Cody Davidson,kristin92@example.net,Argentina,2025-08-11,Premium,42025.76
9520,Micheal Soto,sara45@example.net,Spain,2022-01-08,Premium,7462.98
3119,Ralph Dominguez,shawnanderson@example.net,Japan,2020-08-29,Standard,46059.27
3729,Lisa Bridges,matthew88@example.net,Norway,2024-02-06,Basic,24749.08
3887,Sonia Henderson,alexis33@example.org,South Korea,2024-06-09,Standard,8761.03
7108,Nicole Andrews,kenneth12@example.net,Japan,2023-08-17,Premium,23306.4
8069,April White,ashleyfrench@example.org,Italy,2026-02-24,Premium,16735.94
7326,Hannah Johnson,nunezshane@example.com,Japan,2020-11-09,Basic,32138.69
8484,Philip Weaver,andersonrichard@example.com,Sweden,2024-09-21,Basic,26998.27
8768,Brian Singh,jenniferkennedy@example.com,France,2026-06-10,Premium,49488.65
6501,Kevin Grant,evanstommy@example.net,Japan,2020-03-23,Premium,15755.67
8427,Kaitlyn Parker MD,julie36@example.org,Australia,2022-01-11,Standard,26254.49
7964,Tammy Bridges,hprice@example.com,New Zealand,2020-03-26,Standard,42863.13
602,Christopher Moore,debrabryant@example.org,Argentina,2026-06-21,Standard,27457.47
9250,Jim Monroe,jeffreyhughes@example.org,France,2020-05-31,Standard,9612.06
8920,Jeremy Schmidt,alexisturner@example.net,Switzerland,2020-11-06,Premium,25911.08
6815,Jeffrey Smith,christine22@example.org,Italy,2020-07-10,Basic,43500.17
5412,Phillip Padilla PhD,baileyrobert@example.org,Japan,2020-11-27,Premium,29273.32
8748,William Morse,vanessa07@example.com,Japan,2020-07-05,Premium,48762.13
5523,Danny Butler,michaelrobinson@example.org,South Korea,2021-07-29,Premium,14264.99
1045,Jill Conway,iclarke@example.net,Brazil,2022-04-12,Basic,34266.42
7335,Eric Howell,sgoodman@example.net,Canada,2024-06-05,Basic,17255.15
1558,Katelyn Kim,karen58@example.org,Switzerland,2022-07-13,Standard,13612.91
3740,Maria Myers,ryancharles@example.org,Argentina,2024-10-19,Basic,28791.65
3523,Shaun Thompson,robinbennett@example.com,Netherlands,2021-11-12,Basic,115.87
181,Patricia Le,kimberly74@example.com,Singapore,2024-10-18,Standard,44781.38
2116,Belinda Evans,skinnernancy@example.org,Singapore,2022-03-30,Basic,6347.41
1700,Garrett Riley,qgrant@example.net,Argentina,2023-12-18,Standard,17204.57
1380,Crystal James,pachecopatricia@example.net,South Korea,2026-01-20,Standard,26860.8
7230,William Werner,huynhwendy@example.net,New Zealand,2020-07-05,Basic,43114.12
9144,Eric Smith,gilbertkyle@example.net,India,2022-03-19,Standard,40045.47
619,Maria Cooke,imoore@example.org,Germany,2022-01-10,Standard,30131.32
3182,Richard Rogers,farrellalexandra@example.net,Japan,2021-01-30,Premium,26029.59
9852,George Wallace,caroline76@example.com,Canada,2021-06-04,Basic,34375.75
1601,Brett Pena,igarcia@example.org,Spain,2022-02-02,Standard,20321.24
5964,Brent Holloway,fflores@example.com,Norway,2022-06-28,Premium,19424.44
1616,Steven Carrillo,joshua50@example.com,France,2022-02-14,Premium,18867.51
5921,James Frank,david06@example.org,Mexico,2023-10-27,Basic,16561.34
9592,Gary Collins,craigmiles@example.net,Switzerland,2024-08-06,Standard,45929.54
3892,Katherine Greene,englishoscar@example.org,Brazil,2023-03-27,Premium,49963.99
2084,Jeremy Hunter,cmoore@example.com,United Kingdom,2023-04-22,Premium,26308.57
4575,Donald Jackson,andrewwagner@example.org,Switzerland,2022-03-04,Basic,21202.88
5595,Eric Ponce,garciadavid@example.com,Germany,2025-12-03,Standard,12070.01
5122,Leslie Moody,thomasanthony@example.com,Italy,2021-07-01,Premium,46746.17
4588,Sandy Reynolds,carlamassey@example.net,Norway,2024-01-05,Basic,24902.31
4903,Hector Bryant,ysmith@example.org,United Kingdom,2023-08-07,Standard,8575.52
8253,Ricky Munoz,ryankathleen@example.org,Italy,2020-05-02,Standard,41659.99
5917,Rebecca Boone,kellyrobles@example.net,Brazil,2024-08-15,Standard,26334.4
5130,Cassandra Mitchell,floresstephen@example.org,United States,2021-02-18,Basic,36205.64
8335,Kimberly Shaffer,nicholas29@example.com,New Zealand,2023-12-18,Standard,32506.56
1919,Erin Silva,nbenjamin@example.com,Spain,2022-03-29,Premium,29964.34
8331,Megan Krueger,pattonjohnathan@example.org,Spain,2020-10-13,Premium,16099.31
5708,Anthony Murphy,zwilliams@example.net,Sweden,2022-08-03,Basic,12525.92
5385,Lydia Horn,gonzalesjessica@example.net,Australia,2023-06-17,Premium,9750.12
6337,Stephanie Colon,mdurham@example.org,Spain,2022-04-30,Standard,46310.67
2055,Katherine Klein,rlee@example.com,Spain,2022-10-28,Standard,21067.39
7613,Lindsay White,rogerscindy@example.com,New Zealand,2021-05-07,Standard,39346.21
9210,Hannah Berg,michelle80@example.net,France,2023-01-21,Basic,5257.58
3964,Brandy James,annataylor@example.net,Norway,2023-07-05,Standard,34445.93
1127,Kristy Smith,kathrynbaxter@example.org,United States,2024-10-09,Premium,3582.71
3429,Dalton Davis,bcook@example.net,Singapore,2021-06-25,Premium,15082.91
4602,Edward Barton,gregory95@example.org,Norway,2020-08-03,Premium,29503.05
3722,Todd Lutz,hwilliams@example.org,Sweden,2021-01-07,Basic,48424.23
2390,Lee Richards,scottmiddleton@example.com,France,2023-12-12,Standard,34900.95
1323,Sonya Jackson,nicholas00@example.com,Norway,2021-12-14,Premium,18037.95
1604,Michael White,nancyrichardson@example.com,Mexico,2024-06-07,Standard,22483.58
7225,James Ruiz,jramirez@example.net,Switzerland,2025-08-18,Basic,42668.74
7426,John Ryan,perezanthony@example.net,Canada,2020-02-09,Basic,7492.52
4337,Mr. John Khan,tonyalewis@example.org,India,2021-04-19,Standard,26998.24
5594,Theresa Wilson,wsmith@example.net,Argentina,2024-06-15,Standard,41872.56
4412,Lauren Higgins,kelly64@example.net,Spain,2022-06-16,Standard,19199.13
5859,Vanessa Ramirez,younglisa@example.com,South Korea,2020-10-10,Basic,25483.29
9344,George Oconnor,brianwatson@example.com,Italy,2020-09-11,Basic,15924.35
3992,Ashley Jones,xbrowning@example.net,Singapore,2022-08-26,Basic,49507.68
6080,Joseph Meyers,panderson@example.org,Sweden,2025-12-18,Standard,1467.9
1560,Richard Munoz,ftucker@example.com,Netherlands,2021-02-19,Premium,12318.25
4683,Darius Khan,michele60@example.com,Singapore,2020-03-24,Premium,5484.22
7558,Sarah Holt,whitneyritter@example.org,Argentina,2020-09-21,Standard,45009.69
3773,Paula Caldwell,nunezkayla@example.com,Spain,2024-04-15,Premium,23022.44
8780,Timothy Jordan,david66@example.com,Brazil,2021-02-15,Basic,10380.99
3458,George Villa,melissabarnett@example.com,Norway,2021-11-07,Basic,28467.26
8384,Krista Hicks,bonnie38@example.org,Spain,2026-02-20,Standard,28894.67
1355,James Miller,rileystewart@example.org,United Kingdom,2023-07-27,Premium,10414.73
46,Bailey Duran DDS,,Netherlands,2023-01-26,Standard,28616.49
9873,Colleen Cochran,mwilkins@example.org,United States,2026-05-13,Basic,43998.36
749,Megan Green,ewilson@example.com,Norway,2021-06-09,Standard,5386.17
7918,Theresa Davis,fshelton@example.org,United Kingdom,2024-04-06,Premium,23119.6
4242,Lynn King,bmonroe@example.net,India,2023-08-18,Standard,44094.13
5629,William Hodge,joseph55@example.com,United Kingdom,2025-06-04,Standard,21451.02
4658,Kelsey Lewis,francolynn@example.org,Australia,2020-03-14,Standard,48415.78
4239,Tammy Jacobs,joshua24@example.org,Sweden,2023-04-15,Basic,25174.34
3461,Bryan Burns,yjenkins@example.net,France,2020-09-08,Standard,45730.54
7382,Tammy Taylor,tiffanyriggs@example.net,Canada,2022-01-03,Premium,1009.1
5550,Theresa Ward,faustin@example.net,Singapore,2020-07-26,Basic,16889.05
7076,Robin Jones,hmccarty@example.net,Spain,2025-11-21,Premium,29600.65
5839,Sheila Stephens,fconway@example.net,Sweden,2025-04-29,Premium,18003.24
8092,Christopher Wilson,frankvickie@example.net,Netherlands,2023-09-11,Basic,13128.12
5475,Justin Williams,zwebb@example.com,Australia,2020-07-18,Standard,14395.75
3615,Wesley Williams,cameron65@example.net,Italy,2025-10-08,Premium,14208.34
7502,Michelle Brown,ywhite@example.net,Australia,2022-06-01,Standard,36777.12
7054,Jessica Singh,kenneth98@example.org,Spain,2024-11-30,Premium,25858.11
7368,Erica Walter,hawkinstammy@example.org,Brazil,2023-04-07,Basic,34216.28
8020,Jeremiah Fisher,emilydixon@example.org,United Kingdom,2025-12-12,Premium,2973.42
9639,Leslie Greer DVM,grantsteven@example.com,South Korea,2024-12-14,Standard,25066.49
9056,Mrs. Julia Chavez DDS,paulking@example.org,Sweden,2020-11-01,Basic,13355.67
665,Michael Young,kingeric@example.net,Singapore,2022-08-07,Premium,32902.12
2320,Alexander Floyd,mjones@example.org,Spain,2022-05-23,Premium,25589.05
3543,Martin Jones,turnerroger@example.net,Netherlands,2021-08-11,Basic,18940.39
3678,Robert Cline,evan16@example.net,South Korea,2023-03-19,Standard,42787.55
9600,Veronica Arnold,feliciabass@example.com,France,2024-04-24,Standard,2573.31
3092,Ronnie Hudson MD,iwells@example.com,Argentina,2022-09-28,Premium,49826.43
676,Brittany Jenkins,mendozaangela@example.com,Japan,2021-10-17,Premium,46460.95
8677,Brett Obrien,tanyacoleman@example.org,New Zealand,2023-05-17,Premium,32013.62
4885,Matthew Stone,shannon54@example.net,Argentina,2026-03-12,Standard,14995.31
8080,Diane Smith,dcardenas@example.net,Mexico,2021-02-27,Basic,46528.59
1963,Donna Snyder,howellthomas@example.net,Singapore,2025-08-20,Standard,2046.66
1841,Cassie Lutz,melissajones@example.com,Japan,2023-07-07,Basic,16361.23
7169,Richard Johnson,harrisangela@example.com,Brazil,2023-02-17,Premium,13213.59
9899,Peter Brown,mmendoza@example.net,Spain,2021-12-30,Premium,33375.38
3539,Charles Baker,angelmorrow@example.net,Switzerland,2020-03-05,Basic,39697.31
8027,Susan Melendez,okeith@example.com,Japan,2026-01-18,Standard,8957.35
4867,Michael Jackson,gabrielle43@example.org,Japan,2024-11-18,Basic,1050.46
4175,John Johnson,roserhonda@example.net,Argentina,2021-11-08,Basic,31503.8
8089,Tony Barnes,nicholasvargas@example.org,New Zealand,2020-12-14,Basic,28139.85
4378,Heidi Newton,smithdaniel@example.net,Mexico,2022-11-21,Basic,25708.77
6212,Brendan Khan,vanessa65@example.org,Norway,2020-08-17,Standard,2598.86
4767,Pamela Aguirre,mark38@example.com,Canada,2020-10-19,Standard,38437.02
412,Tina Ballard,kaitlindiaz@example.org,Argentina,2023-02-25,Standard,31741.99
614,Elizabeth Mendez,dburch@example.org,Argentina,2025-08-29,Standard,5797.05
6127,Blake Crawford,stevensandrew@example.com,India,2024-04-20,Standard,5876.09
5211,William Gordon,pjohnson@example.com,Germany,2021-02-12,Standard,12121.63
1431,Jason Hayes,heather91@example.org,United States,2022-04-30,Standard,20225.44
2426,Jennifer Williams,angelasmith@example.net,Canada,2024-07-25,Basic,11558.05
8842,Melissa Wise,williamgriffith@example.com,Argentina,2020-06-22,Basic,26849.45
3834,Bryan Davis DVM,brentwilliams@example.org,Germany,2023-01-07,Standard,5460.76
4719,Robert Hicks,asellers@example.org,Mexico,2026-01-03,Premium,43361.15
7186,Elizabeth Brock,istokes@example.net,New Zealand,2020-02-13,Standard,24307.8
1418,Nicolas James,alexissalazar@example.com,France,2020-09-30,Basic,35806.29
7200,Jennifer Evans,vaughankatrina@example.net,Germany,2025-06-22,Premium,30505.74
605,Allen Mendez,lindseydaniels@example.net,United Kingdom,2023-07-09,Premium,30688.72
1273,John Lee,johnstonrobert@example.net,Australia,2022-10-05,Standard,9975.43
3965,Christopher Smith,mackenziemiller@example.net,Brazil,2023-11-26,Standard,38822.44
6368,Jeremy Johnson,johnsonjohn@example.org,France,2021-05-09,Premium,6220.05
8747,Matthew Sullivan,gmiles@example.com,Australia,2025-08-19,Basic,4884.96
248,Maria Jones,jacqueline69@example.net,Argentina,2022-04-24,Premium,37766.77
9227,Tiffany Ward,astafford@example.net,Brazil,2020-11-13,Premium,47185.03
1983,Diane Mcdowell,johnathan76@example.net,Japan,2025-03-04,Basic,44610.74
2836,William Fisher,gillespiethomas@example.com,Australia,2026-06-13,Premium,29994.55
5376,Wesley Bowers,pwilliams@example.net,Germany,2024-12-25,Basic,9550.77
200,Sergio Knight,drakeamanda@example.com,South Korea,2026-04-19,Premium,9153.36
486,Lori Simmons,cherylzhang@example.com,Japan,2025-12-28,Basic,3500.05
6084,Alejandra Thomas,brian34@example.net,United States,2020-10-18,Basic,24989.74
8957,Ashley Mejia,brentjohnston@example.com,Germany,2021-05-19,Standard,1402.91
456,Kevin Davis,scottrodriguez@example.org,Norway,2021-04-19,Standard,43211.74
9799,Gregory Ward,stanley92@example.com,Australia,2022-09-01,Basic,17115.29
8827,Richard Ferguson,jspencer@example.com,Australia,2025-05-03,Basic,37562.88
6516,Robert Peck,linda00@example.net,Sweden,2026-06-21,Basic,3169.79
1722,Christine Zavala,johnjohns@example.org,New Zealand,2025-01-28,Basic,38188.44
7051,Joe Mendez PhD,crystalpatterson@example.org,Argentina,2022-01-08,Basic,35504.36
6383,Ruben Clark,bondrussell@example.net,India,2025-04-25,Premium,34634.53
8166,James Haley,gomezkathy@example.net,Japan,2022-01-25,Basic,28194.63
5768,Travis Marsh,briana52@example.com,France,2022-02-15,Basic,23460.78
5810,Christopher Dalton,jcross@example.org,Brazil,2025-08-29,Premium,48764.79
4627,Donna Carter,hannah51@example.com,Brazil,2021-03-12,Standard,49400.96
863,Samantha Robertson,callen@example.com,Mexico,2025-07-20,Premium,12607.89
2095,Adam Drake,andrew62@example.net,New Zealand,2025-11-13,Premium,15099.46
948,David Hinton,jameswright@example.net,Australia,2020-11-23,Basic,39751.93
5642,Colleen Cruz,jonesdennis@example.net,Japan,2020-10-17,Basic,43746.85
1445,Scott Stephens,lhayes@example.com,United States,2022-05-27,Basic,14826.94
1281,Dawn Little,uburch@example.com,Switzerland,2026-01-07,Standard,13631.73
3111,Linda Salazar,brentcampos@example.org,Japan,2025-07-03,Standard,2812.91
8953,Michael Goodman,alvarezmichael@example.com,New Zealand,2020-09-08,Premium,37686.41
7610,Kim Williams,angela80@example.org,Sweden,2025-01-30,Basic,5905.93
5136,Diane Bishop,robert79@example.com,South Korea,2022-03-23,Basic,10405.8
3017,Devin Ferrell,jacqueline30@example.com,France,2024-05-23,Premium,18617.04
2303,Melinda Hill,chelseaarmstrong@example.org,Brazil,2024-08-22,Premium,30527.39
2005,Morgan Bernard,josephreese@example.net,Italy,2021-04-15,Standard,4921.84
4581,Patrick Hooper,kayla26@example.com,New Zealand,2025-12-30,Premium,37129.59
8705,Timothy French,kaufmandustin@example.com,Italy,2025-11-12,Premium,370.76
1006,Elizabeth Miles,troywilliams@example.net,India,2025-08-21,Basic,38913.41
5139,Austin Smith,eric89@example.net,South Korea,2020-11-04,Standard,23024.75
4318,Carlos Hensley,cbutler@example.com,Italy,2022-12-04,Standard,8118.59
6559,Eric Ingram,williamtaylor@example.com,Italy,2021-05-19,Premium,48385.74
4388,Bradley Miller,shawnshort@example.net,Netherlands,2025-01-19,Premium,46083.11
2133,John Francis,whancock@example.org,Italy,2020-01-25,Basic,19374.05
4266,Joshua Adams,chad03@example.com,Singapore,2024-03-10,Standard,15008.97
2058,Johnny Mcmillan,baileychloe@example.net,France,2021-05-01,Standard,680.61
5387,Jeremy Wallace,butlerjacob@example.net,Sweden,2022-08-15,Basic,48795.27
230,Kathleen Webster,reginald68@example.org,Netherlands,2023-06-29,Standard,47489.65
2890,Lisa Johnson,amandastark@example.net,Netherlands,2025-12-21,Standard,34518.85
4473,Ashley Hunt,victoria68@example.com,Brazil,2023-04-27,Standard,8279.8
6065,Sarah Jordan,fgomez@example.org,Norway,2022-06-13,Basic,46049.85
7925,Debra Caldwell,uthomas@example.net,Japan,2023-01-06,Standard,12882.46
7650,Joshua Lopez,patrickorr@example.org,Japan,2025-05-27,Standard,36190.41
8382,Jennifer Smith,johnstoncolleen@example.com,Sweden,2024-05-10,Standard,46548.17
210,Mr. Andrew Foster,allisonhogan@example.net,Switzerland,2020-12-02,Premium,8672.04
2759,Christopher Dudley,hillashley@example.org,Singapore,2026-06-09,Basic,10170.63
8472,Tiffany Jackson,knapptodd@example.net,India,2021-06-18,Premium,21775.99
2949,Bradley Hansen,timothy83@example.net,Australia,2021-05-05,Basic,3636.83
7117,Steven Clark,michael50@example.net,Argentina,2021-05-25,Standard,36215.12
6331,Debbie Estrada,kathleen44@example.org,United Kingdom,2023-01-11,Basic,28663.5
1729,Kim Carter,dana72@example.net,United Kingdom,2021-10-28,Basic,35983.05
4177,Janet Ryan,justindeleon@example.org,South Korea,2026-03-13,Premium,22049.19
338,Curtis Taylor,daniel13@example.com,Spain,2021-11-07,Basic,14333.32
4985,Patrick Bush,wendy74@example.net,Canada,2023-09-15,Standard,43401.16
6879,Amber Allen,yluna@example.com,Japan,2023-07-20,Basic,16277.24
7249,Dillon Nelson,djohnson@example.com,United Kingdom,2021-12-11,Basic,15409.7
8453,Robin Preston,rwilson@example.com,Sweden,2024-09-02,Standard,35745.0
1227,Dr. Steve James,joshuahull@example.org,United Kingdom,2022-05-18,Basic,30079.88
7609,Aaron Shepard,lauramcfarland@example.net,Germany,2021-01-22,Basic,45208.57
6828,Katherine Phillips,william65@example.net,Brazil,2023-07-25,Standard,4925.02
3541,Jason Morgan,lance24@example.org,Italy,2023-02-21,Standard,41129.18
5869,Taylor Tran,wiseamber@example.net,South Korea,2023-12-25,Standard,575.37
2112,Robert Vargas,zlynn@example.com,Germany,2024-07-13,Premium,7013.09
2692,Nicole Moore,wjohnson@example.com,United States,2025-09-03,Standard,7715.33
7154,Austin Perez,caseyjoseph@example.org,Netherlands,2021-07-23,Premium,44435.18
3708,Kenneth Webb,lewisalexis@example.com,Germany,2026-07-11,Premium,38156.15
1018,Ryan Vaughn,peter42@example.net,United Kingdom,2024-09-13,Premium,29160.76
8512,Michael Montes,davidhickman@example.org,Mexico,2020-10-16,Basic,5618.99
2808,Stephanie Marshall,wcaldwell@example.org,Canada,2025-11-07,Standard,44593.02
5016,Brian Mitchell,monica87@example.org,Mexico,2025-12-11,Standard,20242.17
1929,Melissa Mccormick,davislaura@example.com,United States,2021-05-24,Standard,40824.81
351,Krista Martinez,michael94@example.com,Singapore,2021-06-22,Basic,14061.06
5174,Jane Edwards,yhoffman@example.org,United States,2022-10-12,Standard,46141.96
4193,Gary Rodriguez,thomasmartin@example.com,India,2024-07-07,Standard,47484.25
1935,Cynthia Clark,sallyarnold@example.org,Italy,2021-06-23,Basic,45184.37
6902,Roger Bowman,sjensen@example.org,France,2024-04-20,Premium,29015.35
4824,Allison Floyd,pamelabaldwin@example.org,France,2025-09-20,Standard,12969.39
565,Mr. David Wright,davidhart@example.org,South Korea,2021-10-06,Standard,25357.2
1583,Alexis Rodriguez,gdrake@example.net,United States,2024-04-18,Premium,17449.05
4695,Jennifer Smith,johnpearson@example.org,Canada,2020-10-09,Premium,36695.21
2176,Christina Faulkner,davisemily@example.org,France,2024-09-30,Premium,9779.84
7029,Austin Snyder,mario99@example.com,Switzerland,2025-07-13,Standard,9829.34
4881,Connie Neal,alexis13@example.net,Germany,2024-01-19,Premium,5752.52
2229,Gavin Bauer,bobbywalls@example.net,Brazil,2020-08-07,Premium,6109.43
1116,Heather Parrish,amandamitchell@example.net,Brazil,2025-03-14,Basic,29940.3
3127,Cameron White,michael88@example.com,South Korea,2021-02-13,Standard,47623.92
3545,Edward Wallace,ryanshannon@example.org,Switzerland,2024-11-11,Premium,3350.28
5049,Justin Hammond,csanchez@example.org,United Kingdom,2024-08-26,Premium,7262.34
7477,Michele Stewart,umccormick@example.net,Netherlands,2021-11-13,Standard,15385.0
822,Brittany Ward,smitchell@example.com,Brazil,2023-11-15,Premium,8888.3
6533,Janet Smith,billy28@example.net,New Zealand,2026-07-19,Basic,31987.18
2273,Mary Pugh,williamsonrobin@example.com,Brazil,2025-03-26,Premium,33057.06
5546,Sydney Elliott,carrie48@example.net,South Korea,2020-03-17,Premium,24521.87
82,Kristen Davis,user031@,South Korea,2022-06-23,Basic,34450.36
1324,James Morgan,harriscory@example.net,Argentina,2024-11-14,Basic,19387.81
9406,Adam Smith,barkererin@example.com,Mexico,2022-06-05,Premium,28538.14
1615,Tammy Hill,sarah00@example.net,Germany,2023-08-13,Premium,7299.47
832,Joshua Arellano,qnorris@example.net,France,2022-10-04,Premium,48979.1
3884,Victoria Benitez,rangeljonathan@example.org,Netherlands,2022-02-27,Basic,45447.66
8642,Virginia Watson,emilylawrence@example.org,Norway,2026-05-15,Premium,33723.24
4465,Diana Miller,bryan82@example.com,United Kingdom,2022-02-22,Premium,31372.34
5340,Alicia Navarro,esims@example.net,Italy,2026-06-12,Premium,40175.29
8067,Alice May,kennethjennings@example.org,Canada,2026-07-22,Standard,24168.85
1650,Kaitlin Hardin,johnsonamber@example.com,Italy,2020-01-22,Standard,22050.66
4066,Dean Thomas,douglas87@example.net,Norway,2026-05-01,Basic,49983.05
9666,Sandra Buck,grivera@example.com,Singapore,2022-03-15,Premium,45669.71
3039,Brent Roberts,ochandler@example.net,Japan,2025-06-01,Basic,37158.35
3321,Jeff Jackson,robertorussell@example.com,South Korea,2026-04-16,Basic,11316.07
7144,Ronald Hernandez,cmyers@example.net,Netherlands,2023-06-23,Standard,21530.4
6890,Becky Smith,durantamara@example.net,New Zealand,2020-01-02,Standard,42746.16
5093,Frank White,cjohnson@example.net,Germany,2025-01-20,Standard,27541.95
3721,Sean Wagner,tparker@example.com,India,2021-08-28,Basic,36800.59
2424,Timothy Bentley DVM,ukeller@example.net,Argentina,2021-09-18,Standard,15476.82
750,Amanda Sullivan MD,jennifer46@example.net,India,2021-12-02,Basic,12169.87
5272,Tanner Decker,zgray@example.net,Norway,2023-05-26,Standard,3046.46
2374,Stephen Robles,brittanybishop@example.com,Japan,2021-06-02,Premium,813.35
4694,William Wilson,wjones@example.com,Spain,2023-01-18,Basic,39045.76
9880,Jennifer Reynolds,timothy83@example.net,Mexico,2024-05-02,Basic,44422.23
8371,Jasmine Buck,daniel03@example.net,Germany,2025-12-09,Standard,7483.92
7320,Joshua Ruiz,coopertricia@example.com,Switzerland,2021-10-06,Premium,36866.52
4369,Mary Conley,gutierrezkevin@example.net,Netherlands,2024-02-22,Standard,11993.81
6786,Andrew Cortez,kristasalas@example.com,Japan,2022-02-14,Premium,39479.33
7402,Jamie Robbins,longrobert@example.org,United States,2023-02-22,Premium,2768.35
1140,Samantha Prince,mpena@example.net,Norway,2022-02-28,Basic,18821.15
7632,John Mendoza,ecortez@example.net,Germany,2022-11-05,Basic,4020.66
2232,Antonio Johnson,robertwilliams@example.org,Canada,2023-01-24,Basic,28958.2
2165,Lucas Nguyen,emccall@example.org,Italy,2022-05-20,Premium,38031.96
5218,Alexis Pham,burgessamy@example.net,Mexico,2024-01-01,Premium,11468.38
9445,Zachary Caldwell,aaron98@example.net,South Korea,2025-05-03,Standard,37948.2
9238,Christopher Byrd,zharris@example.net,Spain,2024-03-03,Standard,45388.33
4562,Erika Hodge,aaronmontes@example.org,Italy,2022-03-22,Standard,43948.91
1571,Toni Miller,usanchez@example.org,Norway,2024-10-29,Standard,44230.42
173,Sharon Boyd,hpacheco@example.net,Spain,2021-09-22,Basic,40897.61
7164,Andrew Lopez,sodonnell@example.net,Singapore,2025-08-01,Basic,18589.42
2088,Robert Peterson,jthomas@example.net,Argentina,2022-09-22,Premium,25883.57
4668,Kathy Hull,floresmichelle@example.net,Japan,2021-05-15,Standard,39379.9
4566,Christine Gutierrez,udaniels@example.com,Netherlands,2022-08-19,Premium,36067.79
7090,Daniel Carter,jeremy77@example.net,South Korea,2020-05-27,Basic,80.74
6570,Stephen Olson,nhernandez@example.com,Netherlands,2026-08-08,Basic,15385.13
4784,Jason Thomas,brenda47@example.org,Italy,2026-03-27,Premium,16063.15
2685,Samantha Robinson,hornmatthew@example.org,Australia,2020-09-10,Basic,43018.15
1833,Darren Rodriguez,hughesjamie@example.org,India,2025-04-13,Premium,11568.78
8547,Philip Robbins,garciadaniel@example.org,Netherlands,2025-04-18,Premium,7803.82
5066,Allen Martinez,amanda86@example.org,Netherlands,2023-02-23,Basic,43619.91
9131,Ronald Jenkins,williamspears@example.com,United States,2026-03-02,Standard,39339.08
9356,David Scott,christopher86@example.org,India,2021-01-18,Premium,43841.6
4413,Bryan Newman,jamiecannon@example.org,Germany,2021-06-04,Basic,22298.36
7208,Stacy Adkins,jacksonjessica@example.net,Sweden,2024-11-26,Basic,28442.92
9891,David Davenport,angelalewis@example.com,United States,2023-06-15,Basic,33732.23
835,Karen Keith,olivialee@example.com,Norway,2024-05-07,Basic,8458.73
6822,Michael Saunders,ujohnson@example.com,Argentina,2020-12-19,Premium,42219.81
3782,Gregory Ochoa,hjohnson@example.com,France,2021-11-17,Premium,14816.83
9013,Aaron Scott,frostgregory@example.org,Argentina,2025-02-12,Basic,19687.5
7500,Gary Myers,jasonjohnson@example.com,France,2025-02-03,Premium,11641.02
3425,Tracy Parker,robertboyd@example.net,Japan,2023-08-29,Standard,27122.78
66,Yvonne Chambers,noatsign015example.com,France,2024-01-28,Standard,32493.91
2964,Derek Mcintosh,alexander73@example.net,Canada,2021-05-18,Standard,12091.01
5670,Melissa Parker,gregory57@example.org,Sweden,2025-05-07,Basic,5284.37
8963,Donald Ford,mclark@example.net,Argentina,2022-01-24,Basic,19778.04
355,Kristy Bryan,lnixon@example.net,Mexico,2023-05-30,Standard,3545.22
8172,Nicole Gilbert,garcianathan@example.com,United Kingdom,2020-07-08,Basic,2571.0
4031,Catherine Davis,nmartin@example.org,Brazil,2024-11-27,Standard,33990.25
8535,Steven Delacruz,lancejenkins@example.com,Brazil,2026-05-26,Basic,21586.97
3652,Raymond Harris,cjones@example.org,India,2023-06-19,Basic,30323.49
6740,Cory Guerrero,collinsamy@example.net,Italy,2022-01-23,Standard,5617.75
3298,Dennis Douglas,bramos@example.net,Sweden,2026-06-29,Standard,7187.71
4128,Jordan Tanner,vberry@example.net,United Kingdom,2026-05-11,Basic,46396.68
8044,Dylan Baker,rebecca19@example.com,New Zealand,2021-12-30,Premium,41240.89
4768,George Bradshaw,patrickjohnson@example.com,Italy,2023-11-18,Standard,38658.41
473,Gregory Hill,nmeyer@example.net,Canada,2021-04-08,Premium,12031.41
3762,Jon Garza,kimberlyjohnson@example.org,Canada,2023-05-12,Premium,557.16
8618,Elizabeth Jennings,xgonzalez@example.net,Switzerland,2026-03-08,Basic,38255.63
3567,Brett Rivera,johnadams@example.com,United States,2026-06-06,Basic,44453.74
2761,Manuel Robinson,johnlevy@example.org,Canada,2026-02-17,Standard,16663.73
869,Kathy Reid,jessicalee@example.com,Norway,2021-07-02,Standard,46992.63
9383,Daniel Mills,milleranna@example.net,Sweden,2020-05-20,Basic,40431.35
8689,Kent Freeman,beverly00@example.com,Australia,2023-03-01,Standard,3861.46
4053,Jorge Davis,anthony41@example.com,Mexico,2023-05-06,Premium,46468.94
6131,Amber Lee,fblackwell@example.com,United States,2022-04-04,Standard,23036.3
3245,Ricky Luna,brittany18@example.org,New Zealand,2021-10-20,Basic,43008.85
4843,Andrew Jacobs,jameskelley@example.com,Germany,2022-06-24,Premium,1425.14
9331,Joel Smith,harrisonstephen@example.net,Norway,2021-07-30,Standard,11891.88
5641,Erica Smith,ksims@example.org,Italy,2024-05-18,Premium,13804.84
5781,Gina Brennan,josechan@example.net,Italy,2025-06-22,Basic,38439.53
8541,Alexandra Jones,olivia36@example.net,Mexico,2023-10-26,Basic,30010.43
1076,Stephanie Cooper,xwalker@example.com,South Korea,2020-10-08,Basic,44803.24
2958,Shawna Palmer,austinpeterson@example.net,Netherlands,2026-04-09,Premium,40806.05
6753,William Leblanc,bbarr@example.net,Netherlands,2021-12-03,Standard,300.51
8658,Justin Rodriguez DDS,kevinstanley@example.com,United Kingdom,2021-07-03,Premium,46379.08
7273,Chad Thornton,csanders@example.com,Sweden,2020-09-17,Premium,25485.67
4760,Jessica Johnson,nicole33@example.com,Norway,2024-04-16,Premium,43984.17
4863,Rebecca Wood,jason16@example.org,South Korea,2024-02-15,Basic,27004.57
7026,Virginia Johns,lpalmer@example.com,Australia,2020-06-09,Standard,558.82
7648,Karen Hernandez,rkline@example.org,New Zealand,2022-08-24,Basic,394.29
7162,Robert Jones,brayelizabeth@example.net,South Korea,2022-07-24,Basic,48390.08
74,Frank Cordova,user023@nodotdomain,Japan,2022-12-29,Standard,45421.72
4902,Trevor Sparks,paula37@example.net,Germany,2021-01-27,Standard,24677.56
4376,Colleen Blanchard,jacobsalinas@example.com,Netherlands,2020-02-12,Premium,42184.44
6699,Jamie Galloway,tammy81@example.org,Argentina,2022-08-05,Premium,31189.45
9806,Jessica Clark,drangel@example.org,Sweden,2023-09-20,Basic,27500.62
1102,Jonathan Bates,hjimenez@example.org,Norway,2023-01-06,Premium,31926.99
9538,Stephanie Smith,garrettlisa@example.com,Germany,2021-07-09,Standard,15000.75
7656,Tyler Roy,omartin@example.net,Sweden,2022-10-13,Premium,3198.02
5236,Nancy Rowland,jeanneaguirre@example.net,Spain,2025-05-24,Basic,7955.03
5166,Monica Cline,gedwards@example.net,United Kingdom,2022-07-02,Premium,2575.08
114,Jeremy Reed,david43@example.com,Brazil,2025-08-22,Basic,2938.57
2023,Carl Leach,oscarking@example.com,South Korea,2024-11-09,Standard,11864.76
9886,Brandon White,deleonjonathan@example.org,New Zealand,2021-04-27,Standard,14716.26
2639,Crystal Anderson,victoria96@example.com,United Kingdom,2021-09-25,Premium,15184.87
2035,Shelby Rodriguez,stephen52@example.com,United Kingdom,2020-10-24,Standard,14822.6
2565,Samantha Jacobs,cynthiaward@example.net,India,2020-12-13,Basic,21786.27
8666,Ryan Morales,harrisvincent@example.org,Spain,2021-04-11,Basic,36509.38
3544,Katherine Sanchez,opark@example.net,New Zealand,2022-06-01,Basic,4042.69
1220,Robert Woods,kellychang@example.org,Australia,2024-05-01,Basic,2558.83
9715,Peter Davis,davidreed@example.com,Canada,2020-06-12,Standard,32954.31
6712,Anthony Werner,ekennedy@example.org,Mexico,2021-11-17,Standard,49133.31
2904,Katherine Andrade,nicolerandall@example.net,Norway,2026-06-24,Premium,45426.77
3027,Shawn Kim,vhill@example.com,United States,2022-10-08,Standard,15134.04
2511,Sean White,ubrown@example.net,India,2020-02-19,Basic,25617.63
4202,Alicia Warren,hprice@example.net,Brazil,2022-08-01,Standard,45815.61
3208,Sherri Smith,nicholas12@example.com,Japan,2021-04-26,Basic,10615.44
4490,James Hernandez,tduran@example.org,Germany,2022-10-30,Standard,48222.3
2756,Ronnie Frazier,olynch@example.net,Canada,2024-08-12,Standard,26266.91
8890,Dr. Brenda Frye,kevincoleman@example.com,United States,2024-04-11,Standard,26695.37
178,Kimberly Nguyen,gmoreno@example.net,South Korea,2026-06-30,Standard,13449.67
1644,Joann Forbes,villathomas@example.com,Spain,2026-04-11,Basic,45983.37
9293,Loretta Holt,zberry@example.com,Mexico,2026-01-03,Premium,41621.62
3519,Keith Kennedy,campbelldanny@example.org,Mexico,2023-05-27,Premium,3829.81
1375,Christopher Campbell,rwilliams@example.net,Australia,2023-02-22,Basic,25153.81
1721,Justin Jones,edwardharrison@example.com,Japan,2022-10-28,Standard,22101.71
3996,Brooke Sims,michaelbrowning@example.com,New Zealand,2025-08-28,Standard,49905.48
3689,Steven Davis,ashleybrown@example.org,France,2021-06-17,Standard,18881.28
2265,Cory Willis,hutchinsonerik@example.net,Japan,2020-09-05,Premium,9470.99
88,Desiree Tyler,@nodomain037,Sweden,2023-11-04,Premium,20108.7
2849,Ashley Banks,elizabeth28@example.net,Mexico,2021-04-12,Standard,28298.12
8688,Joshua Wilson,hamiltonamy@example.com,Netherlands,2022-06-23,Premium,15593.13
404,Raymond Le,jason25@example.org,United States,2026-05-22,Standard,18369.7
9901,Barbara Moore,gentryalex@example.org,Norway,2026-08-05,Basic,17206.7
4078,Laura Ware,michael42@example.org,Japan,2022-03-03,Premium,41022.3
6836,Pamela Sanders,todd34@example.net,Singapore,2025-06-17,Standard,28276.48
6538,Sheila Myers,anna66@example.org,Netherlands,2021-10-02,Premium,7867.68
2457,Antonio Walton,kbrown@example.org,Germany,2022-09-30,Premium,163.97
2752,Elizabeth Jenkins,kennedyrobert@example.net,Australia,2022-05-09,Premium,3647.57
2215,Jordan Pace,jeffrey05@example.net,Argentina,2021-12-05,Premium,24210.07
1028,Michele Holland,william62@example.net,United Kingdom,2020-02-24,Premium,15019.37
9704,Donna Hernandez,wattskathleen@example.org,Canada,2020-11-03,Premium,1376.65
1422,Amanda Forbes,draketheodore@example.org,New Zealand,2023-03-09,Basic,37576.21
2437,Sydney Sanders,schmittjennifer@example.org,Australia,2025-05-17,Standard,49632.79
4278,Christopher Thompson,montesdana@example.net,Norway,2025-02-17,Basic,27746.27
9610,Shawn Johnson,qfoster@example.net,Australia,2024-08-24,Basic,41122.93
1279,Emily Morris,nielsenapril@example.net,Canada,2023-04-19,Standard,27916.02
6221,Sharon Reynolds,kjohnson@example.com,Switzerland,2020-09-14,Standard,1457.9
4908,Selena Bailey,gonzalezmisty@example.com,Netherlands,2022-04-30,Basic,22955.87
5065,Jeffery Jordan,michaelsummers@example.net,Canada,2022-12-14,Basic,25365.81
1979,Sherry Anderson,cameronkrista@example.com,United Kingdom,2020-03-27,Basic,24538.38
1062,Jessica Smith,terrybrooke@example.net,Brazil,2024-09-30,Premium,43833.28
5015,Ashley Duran,stevenkemp@example.net,Spain,2021-05-05,Basic,38598.48
4536,David Hamilton,rowlandshannon@example.org,Mexico,2022-08-03,Premium,6360.47
6994,Joseph Stevens,nicholsjessica@example.com,Italy,2020-04-24,Basic,7390.67
9254,Lee Keller,ericajones@example.org,France,2025-12-07,Premium,37887.78
1503,Emily Lane,stevenskaren@example.org,Netherlands,2023-10-07,Standard,27226.54
8569,Elizabeth Hayes,adamsmith@example.org,Norway,2020-11-12,Premium,46827.1
9315,Ashley Bowen,christopher12@example.org,Canada,2023-10-02,Premium,18002.63
8837,Stacey Jones,denisemaynard@example.net,Argentina,2020-12-04,Standard,201.11
8921,David Scott,brett32@example.com,Italy,2021-08-28,Basic,5391.31
4919,Tracy Burnett,ttorres@example.org,Singapore,2021-07-25,Basic,10243.29
679,Victor Edwards,lori56@example.net,Mexico,2026-06-20,Basic,29047.75
5077,Becky King,hernandezmichael@example.net,Spain,2026-05-06,Standard,3058.42
8065,Alexis Watson,ukerr@example.com,Australia,2023-12-12,Premium,39964.57
7569,Melanie Diaz,debramontoya@example.net,Brazil,2021-08-18,Basic,35650.38
103,Wayne Morgan,teresadiaz@example.org,Australia,2026-08-30,Basic,2673.28
958,Mariah Robles,lwright@example.net,United States,2021-04-07,Basic,11130.89
8557,Robert Martin,christophercox@example.com,Spain,2022-04-29,Basic,39061.31
3786,Margaret Edwards,gabrielhoffman@example.com,Switzerland,2020-05-18,Standard,22229.89
9631,Anthony Braun,lmiller@example.org,Norway,2024-07-29,Standard,24654.11
7174,Chad Taylor,millererika@example.com,Sweden,2023-12-28,Standard,20980.92
4044,Wesley Brown,umarshall@example.net,Argentina,2026-05-25,Standard,37886.93
2649,Ashlee Lopez,alexis80@example.org,United Kingdom,2025-04-10,Premium,42604.46
6001,Dr. Jose Garcia,karen32@example.com,Norway,2021-08-01,Standard,41834.66
7928,Jessica Bell,hopkinsalicia@example.net,Sweden,2021-02-28,Basic,36078.77
2827,Richard Harper,robertskeith@example.org,United Kingdom,2022-01-10,Premium,37085.3
4095,Christine Aguilar,paul49@example.org,Mexico,2023-11-14,Basic,20295.16
7775,Anthony Gordon,igoodman@example.org,Canada,2020-07-19,Premium,37807.11
9259,Melissa Hughes,jonesrobin@example.net,Switzerland,2020-05-17,Premium,25784.08
8114,Tiffany Flores,joan45@example.net,Singapore,2021-12-03,Basic,35227.87
4773,Paul Smith,morrowcassandra@example.com,Canada,2020-09-21,Standard,22887.64
1948,Sandra Hines,matthew30@example.net,Brazil,2022-08-21,Basic,33631.91
6110,Cheryl Petersen,stephen77@example.net,Switzerland,2021-06-25,Standard,16883.56
2300,Tammy Garcia,megan52@example.com,Brazil,2022-01-06,Standard,28587.54
7845,Mr. Martin Morales,nicoleanderson@example.com,Sweden,2025-10-21,Basic,39845.17
4383,Andre Pace,ywheeler@example.org,Norway,2020-12-02,Standard,16055.16
5426,James Bradley,benjamin63@example.net,Japan,2021-10-22,Standard,3737.95
6772,Kimberly Thompson,rodriguezbriana@example.net,Italy,2021-05-22,Standard,27769.32
8579,Melissa Thompson,beckronald@example.com,Switzerland,2022-08-30,Premium,6835.77
4292,Julie Johnson,egilbert@example.org,Netherlands,2020-10-15,Basic,20663.5
529,Karl Branch,cartertimothy@example.net,Sweden,2024-12-11,Standard,16874.45
1234,Heidi Matthews,caitlinvargas@example.org,France,2021-02-12,Basic,38019.47
780,Alyssa Haynes,chickman@example.org,Switzerland,2021-01-11,Basic,18296.39
5860,Anne Martin,jefferyrhodes@example.org,New Zealand,2022-09-06,Standard,11699.68
3060,Matthew Barry,annlawrence@example.net,Canada,2022-02-14,Standard,23975.94
8588,Brooke Allen,ashleyallen@example.org,Argentina,2021-11-19,Premium,45633.5
1861,Thomas Reyes,traceyhill@example.net,Sweden,2022-07-11,Basic,29216.57
8439,Randall Ramos,douglasturner@example.org,Netherlands,2022-08-31,Premium,46183.13
7404,Wayne Parker,sharris@example.com,Spain,2025-11-30,Standard,42196.74
4640,Jaime Williams,sgallagher@example.com,Australia,2022-04-17,Basic,8562.4
4251,Robert Perkins,bryan78@example.net,Netherlands,2025-05-12,Premium,18090.11
1993,Sean White,shelby71@example.com,Australia,2020-01-10,Basic,22306.61
7380,Megan Carter,michaelbennett@example.net,Australia,2022-10-12,Standard,10260.15
7306,Shane Alvarez,baxtercory@example.com,India,2023-05-05,Premium,12140.85
5304,Ashlee Mendez,jonesrobert@example.org,Singapore,2024-05-16,Premium,12359.37
8193,Grace Nichols,stevenruiz@example.net,Singapore,2024-06-15,Basic,12982.57
7448,Gregory Rivers,ifrench@example.com,Germany,2025-07-07,Basic,43544.99
2472,Angel Aguirre,wilsonvirginia@example.org,Germany,2021-05-02,Basic,1472.54
7198,Jeanette Moore,allenmario@example.org,Sweden,2022-05-17,Standard,37456.98
5313,Melanie Davidson,andreaanderson@example.org,Spain,2024-12-30,Basic,19077.23
9036,Sara Yang,amartinez@example.org,Switzerland,2024-07-07,Premium,31343.31
1397,Ellen Thornton,brenda59@example.org,New Zealand,2023-12-09,Standard,40335.4
4003,Karen Gonzalez,katie28@example.com,Singapore,2023-01-03,Standard,1955.05
5372,Steven Swanson,kimberlyyoung@example.org,Spain,2023-09-02,Basic,44351.43
3236,Alyssa Orr,matthewrios@example.org,Netherlands,2024-12-31,Premium,21908.17
1043,Paul Moreno,brandon30@example.com,Norway,2023-11-28,Standard,14987.4
3299,Eddie Davis,barbaraperez@example.net,Mexico,2025-11-05,Basic,7063.7
7257,Matthew Garza,simpsonjames@example.org,Australia,2026-04-01,Premium,6842.36
258,Jack White,keithdaniels@example.net,Italy,2024-06-23,Premium,23533.96
7287,Gregory Wiley,floresveronica@example.org,United States,2022-10-03,Basic,1551.53
8617,Jennifer Griffin,smithmichelle@example.org,Germany,2024-05-03,Standard,46857.32
7817,Richard Molina,sarah73@example.com,Australia,2024-10-04,Basic,29763.52
5844,April Norton,erika76@example.org,Japan,2026-05-21,Premium,32209.33
2090,Heather Ortega,jessicahobbs@example.net,Switzerland,2024-03-11,Premium,26425.65
7703,Zachary Johnson,andersonvirginia@example.net,Brazil,2022-10-25,Standard,14638.7
504,Joseph Howard,rnguyen@example.net,Brazil,2025-12-15,Standard,10136.28
5266,Melissa Brown,haleyyoder@example.com,Germany,2023-03-31,Basic,25496.49
8815,William Payne,paul39@example.net,Italy,2021-05-25,Premium,19864.92
1346,Sean Kane,ugraham@example.com,South Korea,2021-11-13,Standard,6325.3
8456,Gregg Anderson,samantharichardson@example.net,Japan,2021-06-14,Basic,7182.5
5047,John Rodriguez,shannonanthony@example.com,Singapore,2020-09-03,Premium,41717.0
2249,Patricia Hernandez,tylergreen@example.org,Norway,2023-01-17,Standard,32787.73
4982,Julian Obrien,rachel98@example.org,South Korea,2021-12-13,Premium,41601.76
373,Johnny Khan,rchan@example.net,New Zealand,2020-02-17,Premium,29452.3
8455,Mrs. Cristina Stark,tgray@example.com,India,2026-03-22,Premium,36376.1
3371,John Golden DDS,gardnervanessa@example.com,Australia,2024-04-18,Premium,42780.91
2007,Erica Brown,ugoodman@example.net,Canada,2023-11-22,Standard,24242.3
3657,Devin Mayer,gabriel53@example.net,Singapore,2021-11-08,Basic,29185.64
8328,Michelle Marsh,brookeodonnell@example.org,France,2024-04-22,Standard,5830.01
7522,Janice Kelly,lauren12@example.net,Canada,2023-08-18,Premium,11882.56
4002,Bobby Flores,guzmanandrew@example.org,United Kingdom,2024-10-09,Standard,49133.63
6073,Scott Stephens,cwebster@example.com,Australia,2022-11-27,Standard,22516.99
8737,Amber Burns,ycastro@example.net,Italy,2020-04-08,Basic,37185.03
998,Mr. Anthony Mcconnell PhD,davidescobar@example.org,India,2025-03-13,Standard,36899.6
8180,Justin Chapman,morrismaria@example.com,Australia,2024-10-14,Basic,5468.65
3291,Patrick Nelson,jamesle@example.org,New Zealand,2020-01-09,Standard,43963.78
1177,Destiny Obrien,fpena@example.org,Spain,2020-03-13,Basic,19375.07
552,Rebecca Marquez,sbraun@example.org,India,2023-06-14,Standard,19671.08
745,Bryan Moore,smithadam@example.org,India,2021-12-04,Premium,25483.8
7224,Alexander Drake,jstone@example.org,United Kingdom,2023-07-28,Standard,28052.1
4555,Tyler Murphy,ddavis@example.org,Sweden,2020-03-13,Basic,29615.16
2860,Jennifer Allen,dramirez@example.org,Italy,2022-08-03,Basic,9514.07
8821,Mark Lawson,farrelllori@example.com,Australia,2025-01-16,Standard,39433.07
3460,Jordan Williams,thompsonamber@example.net,Spain,2025-05-10,Basic,31944.21
2725,Angela Smith,jeffrey30@example.org,India,2025-12-29,Basic,11498.41
6848,Jonathan Davis,sgregory@example.com,United States,2021-04-02,Basic,22386.26
7616,Brandon Townsend,paige45@example.org,Japan,2020-06-25,Premium,5776.18
7548,Sarah Clements,xjohns@example.net,Sweden,2023-03-05,Premium,40947.13
9175,Michelle Kerr,cbell@example.com,Spain,2023-07-02,Premium,20584.44
6394,Kenneth Harmon,shannonwood@example.org,Spain,2025-05-30,Premium,23816.8
5359,Keith Gonzalez,knightamanda@example.net,France,2022-06-02,Premium,39923.38
9489,Patrick Richardson,droberts@example.com,Japan,2022-08-23,Standard,16146.23
2969,Kirk Moreno,sarah61@example.net,Italy,2026-01-18,Premium,48085.21
694,Michael Miller,rgutierrez@example.org,United States,2023-03-01,Standard,35118.6
2534,Bradley Burns,misty73@example.com,Norway,2025-01-17,Basic,14485.61
6400,Jeffrey Jones,andrew77@example.org,Sweden,2023-08-17,Standard,21762.98
983,Christine Powers,lauriereese@example.com,Switzerland,2020-09-06,Standard,38913.15
5365,Brenda Bradley,yhorton@example.com,Switzerland,2025-01-11,Standard,33664.39
80,Barbara Dudley,justtext029,United Kingdom,2025-08-04,Premium,32575.9
4054,Loretta Miller,kathrynrivera@example.net,Singapore,2022-12-17,Standard,37378.83
6259,Beth Ellis,emily64@example.org,New Zealand,2021-11-05,Basic,34367.78
9577,Corey Daniels,fporter@example.org,United States,2024-04-15,Basic,4379.02
9026,Jade Rogers,weberjeff@example.net,United Kingdom,2023-08-05,Basic,33857.18
3108,Cynthia Jones,sarah78@example.org,Argentina,2023-01-24,Basic,37508.99
3602,Timothy Kennedy,christy47@example.com,New Zealand,2024-01-08,Premium,24551.62
6074,Ralph Gray,whitakerjohn@example.net,Japan,2021-06-01,Basic,48141.38
8127,Jason Garcia,fisherronnie@example.org,Italy,2020-04-02,Basic,4361.64
2143,Rachael Alvarez,bakerjessica@example.org,Sweden,2024-02-06,Basic,39523.58
6311,Alison Livingston,ngoodman@example.org,Argentina,2020-01-09,Basic,19533.22
2269,Alex Cameron,kcarlson@example.net,Mexico,2020-07-28,Standard,9089.35
446,Elizabeth Mendez,nayala@example.org,Singapore,2021-08-23,Basic,43389.53
4884,Michael Wood,charles22@example.com,Singapore,2021-12-06,Basic,30098.79
4467,Tony Swanson,daniel39@example.org,Germany,2026-03-25,Premium,11532.28
9027,Brian Mejia,hfranklin@example.org,Mexico,2020-05-20,Premium,40865.64
6633,Lawrence Martin,wilsonsophia@example.org,Argentina,2020-08-12,Basic,15470.81
3317,Wendy Miller,francismason@example.org,New Zealand,2025-09-16,Standard,24078.78
1702,Abigail Baird,lisamorton@example.com,Brazil,2026-08-05,Basic,46551.74
2527,Miss Leslie Booker,oliviabrooks@example.org,Brazil,2020-08-31,Premium,1154.65
69,Kevin Walters,user018@nodotdomain,South Korea,2023-10-25,Standard,45209.97
1169,Regina Mitchell,pruittmichael@example.com,Singapore,2023-09-20,Premium,29685.94
49,Elizabeth Oliver DDS,,Japan,2020-05-09,Standard,21507.43
1054,Michael Ayala,susanwarner@example.com,Spain,2022-08-04,Basic,36911.68
4030,Mary Thompson,davidmartin@example.com,United Kingdom,2022-08-19,Standard,39262.85
881,Maria Coleman,tjackson@example.net,Norway,2022-04-25,Standard,27836.41
2652,Erin Figueroa,derek72@example.net,Norway,2023-03-25,Basic,46495.52
7760,David Ruiz,sbell@example.net,Japan,2024-01-05,Premium,24080.55
2440,Eric Ponce,dbenson@example.com,Australia,2020-04-13,Standard,28164.47
4925,Rebecca Oneill,teresa75@example.net,United Kingdom,2024-08-20,Basic,16031.85
1468,Katherine White,bfreeman@example.org,Japan,2025-01-29,Basic,8209.05
7293,Eric Jones Jr.,tanyahernandez@example.org,Japan,2021-04-17,Premium,34213.77
5036,Alison Perez,lauradickson@example.net,Switzerland,2025-08-20,Basic,41904.52
2442,Shawn Luna,julie32@example.net,Mexico,2024-03-17,Premium,26355.4
6555,Gerald Hunt,johnsonchristian@example.com,Brazil,2021-03-03,Basic,7867.37
231,Joann Glass,ryan18@example.net,Singapore,2022-01-03,Basic,41250.56
1321,Jennifer Garcia,tatedaniel@example.com,Italy,2025-05-10,Basic,35754.24
42,Anthony Everett,,Spain,2022-04-20,Standard,27961.75
778,Sarah Thompson,umorris@example.org,South Korea,2024-09-12,Basic,43848.13
8951,Erin Long,willisjames@example.org,Sweden,2022-03-24,Basic,34148.54
8405,Mark Peters,craigmartin@example.net,Italy,2024-07-23,Basic,34359.32
1730,Rebecca Dougherty,qortiz@example.net,France,2022-08-31,Premium,5719.51
3911,Edgar Brown,melissa69@example.com,United Kingdom,2020-12-01,Premium,16457.51
580,Jennifer Porter,chadcox@example.com,South Korea,2026-02-13,Standard,6367.94
9942,Sean Burton,jacobhoward@example.net,India,2020-08-16,Premium,12577.19
5840,Wendy Evans,taylor33@example.org,France,2025-10-02,Premium,23540.06
8272,Deborah Alvarado,tlee@example.com,United States,2021-07-08,Standard,23829.67
7276,April Arellano,regina32@example.com,Australia,2023-12-22,Premium,20416.81
1492,Eric Rodriguez,xlloyd@example.com,Italy,2024-11-29,Basic,2282.53
9110,Crystal Wallace,bradleylisa@example.net,Singapore,2025-02-13,Basic,32846.43
5611,Darrell Simmons,truiz@example.org,Australia,2020-06-15,Basic,25552.29
62,Kathryn Snyder,user011@,Australia,2022-07-07,Premium,46804.41
5472,Joshua Miller,crystaladams@example.com,France,2021-08-31,Basic,31657.0
3906,Timothy Wang,agarcia@example.com,Spain,2021-05-21,Premium,24426.44
6532,John Miller,robert16@example.com,France,2020-09-05,Basic,20803.8
403,Thomas Peterson,yphillips@example.net,Italy,2024-09-09,Basic,31445.17
333,Brandon Fleming,sydneyramirez@example.net,Switzerland,2026-02-04,Standard,21161.28
2085,Annette Holland,james67@example.net,Mexico,2025-08-23,Premium,9825.43
9558,Jessica Cortez,smorgan@example.com,Italy,2025-02-03,Premium,36194.72
165,Scott Thomas,cbaker@example.com,Italy,2020-10-19,Basic,37722.76
4380,John Hebert,zrose@example.com,United Kingdom,2026-03-02,Basic,1838.11
2716,Ashley Jackson,zbaldwin@example.com,Netherlands,2025-07-19,Standard,48348.4
8924,Russell Reynolds,xobrien@example.org,Singapore,2025-02-10,Standard,48119.1
7347,Daniel Guerrero,matthewmills@example.org,United States,2023-10-23,Premium,44439.93
5454,Joyce Webster,andrewsdale@example.com,Italy,2023-08-13,Standard,26118.52
7047,Crystal Hill,brian18@example.org,New Zealand,2021-12-15,Premium,27370.85
1335,Desiree Spencer,fostertracey@example.org,Argentina,2020-10-04,Basic,47955.69
8699,Andrew Hahn,kevin51@example.org,India,2026-01-25,Premium,13952.06
1660,Bryan Thomas,allen47@example.net,Norway,2022-06-04,Standard,31155.65
3579,Christina Wilson,martinstacy@example.net,Germany,2020-12-13,Basic,39944.17
754,Jacqueline Mccoy,hansondiane@example.net,Japan,2022-02-04,Premium,28402.94
6585,Jake Holmes,suzanneweaver@example.com,Australia,2022-03-30,Premium,13927.25
707,Patricia Johnson,kevin66@example.com,Norway,2025-08-16,Standard,36770.06
3015,Douglas Trevino,fgilmore@example.org,Switzerland,2023-12-27,Standard,21240.25
8559,Maria Morris,asoto@example.com,Germany,2020-10-24,Premium,37274.05
9876,David Patel,rosejenkins@example.com,New Zealand,2021-10-10,Premium,6187.8
9583,Paul Brown,millerselena@example.com,Australia,2024-04-21,Standard,25745.2
8929,Catherine Nguyen,brandon58@example.net,Norway,2022-01-27,Standard,29282.21
9557,Amanda Smith,brooksphyllis@example.com,United States,2026-01-08,Basic,28680.4
8984,Cheryl Sandoval,pbradford@example.org,Australia,2020-07-08,Basic,4130.94
1835,Michele Hawkins,mercedesortega@example.net,Netherlands,2023-02-11,Standard,21030.42
2997,Jonathan Sanchez,cynthia47@example.net,Netherlands,2023-04-19,Standard,32082.74
5428,Victor Hudson,xcox@example.org,Argentina,2021-01-14,Premium,6906.44
3880,Dalton Clark,wmcdonald@example.com,India,2025-06-14,Premium,47412.86
7157,Andrew Powers,harringtonnancy@example.net,South Korea,2023-01-27,Premium,37938.97
5082,Zachary Jones,blackjames@example.net,United Kingdom,2022-09-04,Basic,46949.1
9115,Randall Stokes,sherrytran@example.net,Brazil,2026-07-04,Standard,18614.03
7245,Ashley Bell,kmitchell@example.com,Switzerland,2023-08-18,Basic,46418.11
5401,Tara Hale,rbrown@example.net,Canada,2021-05-06,Basic,41948.56
5396,Anna Andersen,crystalchan@example.com,Mexico,2023-06-24,Basic,12610.1
9428,Wyatt Martinez II,ecrawford@example.com,France,2021-11-30,Premium,19489.34
2247,Eric Graham,dalehudson@example.org,Brazil,2025-08-03,Basic,23738.94
836,Blake Orr,campbelljoseph@example.com,Brazil,2021-04-19,Basic,49888.32
8395,Thomas Sanchez,maria46@example.com,Italy,2024-01-16,Basic,30389.59
9043,Anthony Mitchell,aadams@example.net,United Kingdom,2025-03-01,Premium,24251.69
433,Brian Martin,ksmith@example.net,Singapore,2021-07-03,Basic,41933.71
3379,Susan Matthews,johnsonbrooke@example.net,Spain,2021-03-26,Basic,2045.88
6818,Joshua Martinez,phillipsderek@example.org,Mexico,2022-02-06,Standard,23742.91
8132,Patrick Sullivan,marthacannon@example.org,South Korea,2020-06-21,Basic,47347.9
9622,Travis Harper,dawn26@example.org,Mexico,2025-08-10,Basic,142.51
6067,Matthew Valencia,gregory56@example.net,Germany,2024-10-14,Basic,9097.18
1194,Nicolas Salas,xjenkins@example.com,New Zealand,2022-03-30,Premium,10630.31
6935,Jonathan Vasquez,mallory73@example.net,Netherlands,2023-06-04,Premium,32970.92
5462,John Johnson,jefftaylor@example.org,Mexico,2026-05-20,Basic,42141.79
3072,Beverly Nguyen,cristinaphillips@example.com,Netherlands,2021-02-08,Standard,8542.47
3045,John Watts,hamiltonamy@example.net,Australia,2022-02-14,Standard,42431.9
3264,Brian Ibarra,jrodriguez@example.org,New Zealand,2023-09-28,Standard,25194.4
2730,Zachary White,juangould@example.net,Mexico,2020-11-02,Premium,23734.78
3434,Pamela Davis,mjohnson@example.net,Netherlands,2022-07-29,Premium,45012.62
434,David Lopez,peterpayne@example.org,Singapore,2023-07-21,Basic,3795.09
3273,Jeremy Ross,kleinjesus@example.org,Argentina,2020-11-19,Standard,12068.58
7002,Matthew Robinson,zhines@example.com,Mexico,2025-03-21,Basic,9512.61
9727,Briana Curry,ebryan@example.net,Australia,2025-07-07,Standard,32760.85
105,Shannon James,joseph49@example.net,Norway,2026-12-01,Basic,39767.26
3316,Michael Robertson,stephenmcmillan@example.net,France,2024-09-15,Standard,31172.9
1657,Erika Daugherty,millsdavid@example.net,Norway,2024-09-20,Standard,18688.75
1534,Cynthia Bates,williamsdavid@example.org,Canada,2025-10-01,Standard,19011.65
4681,Kevin Mccoy,trevinodillon@example.net,Mexico,2026-02-10,Premium,36582.64
8814,Larry Martinez,xfrost@example.com,Mexico,2025-12-25,Premium,17130.81
9003,Rebecca Elliott,ryancheryl@example.org,Australia,2020-08-03,Basic,30757.72
6623,Samantha Parker,davidstrong@example.org,Singapore,2020-08-14,Standard,22704.12
1444,Marcus King,dennisanderson@example.com,New Zealand,2025-05-18,Premium,19613.92
215,Sandra Drake,marilyn55@example.com,Singapore,2021-03-09,Standard,29935.53
5357,Spencer Manning,glennkristina@example.org,Canada,2021-08-18,Basic,25793.93
9219,Tim West,susan75@example.com,Switzerland,2025-03-12,Basic,12946.34
6323,Kimberly Nunez,lpaul@example.net,Germany,2023-11-05,Standard,17755.64
4990,Thomas Brewer,kathleen16@example.org,Singapore,2022-06-21,Premium,47428.44
1420,Kelly Liu,dpatrick@example.com,Italy,2024-04-24,Premium,39664.28
9517,Brianna Richardson,eosborn@example.com,Sweden,2025-11-30,Basic,43076.22
8607,Jessica Hall,tonyabriggs@example.net,South Korea,2022-07-01,Standard,15833.36
182,Jesse Perez,wilsonangelica@example.com,United States,2024-08-21,Basic,5126.32
4353,Andrea Donaldson,wigginsnathan@example.org,Germany,2021-08-30,Basic,9800.45
8701,Christian Shelton,ewalter@example.org,Italy,2024-10-14,Basic,3493.37
2447,Kelly Pena,lhodges@example.org,France,2024-09-19,Standard,6870.55
5322,Abigail Acevedo,lauren64@example.net,India,2022-04-05,Standard,5949.53
8046,Jenny Sanchez,linda00@example.org,Germany,2022-10-17,Basic,31343.35
5685,Jason Gomez,anamoore@example.net,Argentina,2020-09-09,Standard,21558.0
3533,Mike Martinez,jonesanna@example.net,Norway,2024-02-07,Premium,34636.6
8245,David Dunlap,ashley91@example.net,Spain,2024-02-29,Basic,8328.32
7977,Maria Brennan,joshuahoffman@example.org,United Kingdom,2020-03-11,Standard,9602.51
3699,Ashley Perez,marissa21@example.com,Germany,2020-05-27,Standard,42320.01
71,Shannon Rivera,noatsign020example.com,South Korea,2020-07-24,Standard,15170.66
545,Kathryn Mccann,davidrobertson@example.com,Brazil,2025-05-01,Standard,526.82
1205,William Wolfe,stoutjennifer@example.org,Singapore,2023-10-16,Premium,49525.38
3079,Jennifer Brown,jamesobrien@example.net,Canada,2024-11-07,Basic,18749.05
9107,Todd Buchanan,brian38@example.com,Netherlands,2025-05-04,Premium,25097.36
9121,Andrew Kelly,morrischristina@example.org,New Zealand,2026-06-03,Basic,47730.89
9681,Stefanie Flores,matthew27@example.org,Sweden,2025-03-10,Basic,31336.96
6181,Jamie Mclaughlin,jason49@example.com,United States,2023-01-26,Standard,2597.57
8330,Todd Garcia,pramirez@example.org,France,2026-02-26,Basic,25487.51
4285,Katherine Clarke,calderoncraig@example.org,Mexico,2024-08-25,Standard,32488.66
4008,Melissa Warner,amber02@example.net,South Korea,2025-06-23,Premium,27648.56
8714,Scott Bond,tiffanypatterson@example.net,Argentina,2025-04-13,Premium,46605.33
878,Alexa Buck,huynhdeborah@example.com,France,2021-01-28,Premium,44622.62
8061,Maria Dixon,piercejames@example.net,India,2025-08-12,Standard,45328.27
197,Allison Hickman,shannon56@example.org,Japan,2023-11-03,Premium,45580.69
9747,Angela Weeks,catherineallison@example.com,United States,2026-03-20,Standard,42581.25
4011,Katie Mitchell,jenny20@example.org,India,2025-10-20,Premium,5364.87
9963,Andrew Brown,whitematthew@example.com,Italy,2025-06-01,Standard,25797.76
2572,Wayne Gray,caitlin23@example.net,Singapore,2025-09-20,Basic,22058.16
3754,Brian Bright,wjackson@example.net,New Zealand,2021-12-30,Basic,48928.7
9248,Steven Kelley,tylersmith@example.org,Singapore,2026-05-05,Standard,3167.2
8629,Robert Gomez,thompsonnathan@example.org,Switzerland,2022-05-30,Basic,23642.08
9369,Sherry Jones,amanda59@example.com,Italy,2021-09-01,Standard,37006.08
6160,Rodney Salinas,denise05@example.com,Norway,2023-05-28,Basic,19128.45
4792,Tammy Hendrix,stuartkhan@example.net,France,2024-09-28,Basic,15552.32
5338,Ryan Thomas,samueljimenez@example.com,United States,2023-06-27,Standard,5430.86
3025,Elizabeth Miller,jonesshannon@example.org,France,2024-12-15,Basic,528.69
2719,Tamara Huang,jonathanryan@example.org,United States,2022-05-23,Standard,34061.17
8656,Randy Warner,sullivanwilliam@example.com,India,2023-06-08,Standard,19282.32
6917,Sarah George,john77@example.com,Australia,2026-07-18,Standard,33047.45
3985,Melissa Rogers,paynelisa@example.org,United States,2024-05-30,Standard,13392.43
7309,Robert Hicks,davidclark@example.com,Canada,2020-02-08,Premium,23166.91
5954,Jacqueline Turner,vmartin@example.com,Switzerland,2021-08-02,Standard,31613.22
3845,Shannon Sosa,jessicahodges@example.com,Singapore,2024-01-02,Standard,21740.98
2683,Miranda Ortiz,callahananna@example.net,Australia,2024-11-19,Standard,29633.3
4025,Valerie Ford,stevenschneider@example.com,Brazil,2025-05-18,Basic,38384.93
8716,Brady Padilla,twebster@example.org,Canada,2022-12-22,Basic,14743.56
3140,Robert Thomas,krista48@example.net,Japan,2022-10-31,Premium,7162.18
4238,Seth Barker,jacob11@example.net,Netherlands,2022-08-31,Premium,11384.42
219,Brian Smith,elizabethhudson@example.org,Sweden,2021-06-15,Basic,640.75
6619,Caitlin Wilson,ortizwilliam@example.org,Italy,2023-02-15,Basic,45345.74
9607,Emily Smith,julie67@example.org,Norway,2025-12-23,Standard,37877.74
5269,James Johnson,eric41@example.net,Canada,2020-03-30,Basic,39672.67
2544,Paul Sheppard,vanessahuerta@example.net,Singapore,2021-09-28,Standard,2301.02
2871,Lori Green,ghoward@example.org,Argentina,2020-10-01,Premium,31776.37
1245,Erika Alvarez,washingtonjohn@example.net,Sweden,2025-10-07,Basic,7093.73
421,Tanya Russell,tammy23@example.org,Norway,2021-12-03,Premium,34549.84
6228,Brenda Schmidt,aguirredawn@example.org,South Korea,2026-02-12,Premium,19710.44
2059,Michael Smith,castillowilliam@example.org,Italy,2023-06-24,Standard,42057.4
8494,Patrick Chan,stuarteric@example.org,Spain,2022-04-23,Basic,17367.68
6435,Bailey Hughes,bmedina@example.org,United States,2024-05-03,Premium,34916.59
3423,Christina Compton,alexanderchristopher@example.org,Mexico,2023-02-20,Premium,32996.5
4511,Lynn Smith,cole83@example.org,Spain,2025-03-28,Basic,25239.2
1167,Theresa Wilkins,camachokathryn@example.com,Japan,2021-11-21,Premium,25098.86
255,Robin Santiago,staffordcorey@example.org,United States,2025-12-08,Premium,25405.46
416,Melissa Taylor,joseph26@example.net,United Kingdom,2023-08-20,Premium,35016.14
9176,Jason Wong,kathryn30@example.org,Japan,2023-02-27,Basic,2227.28
3470,Melissa Sanchez,melaniephillips@example.net,Sweden,2025-02-09,Standard,47158.9
3051,Melanie Villarreal,marcrose@example.net,Spain,2024-05-15,Basic,27089.49
760,Samantha Foster,paynedominic@example.net,United States,2022-01-04,Basic,4572.21
1386,Harold Garrett,morganarthur@example.net,Germany,2024-09-18,Standard,8770.33
655,Derrick Clayton,hernandezscott@example.net,Germany,2022-12-27,Premium,14412.14
1202,Kenneth Brown,whitepedro@example.org,United Kingdom,2020-03-29,Basic,37649.47
2414,Jennifer Jackson,nandersen@example.org,Australia,2022-05-18,Premium,5333.2
5580,Amber Crawford,whitejonathan@example.com,India,2020-08-01,Basic,23064.74
5994,John Nichols,tmitchell@example.net,Brazil,2024-05-23,Standard,38207.06
5295,Clarence Wood,jillarnold@example.org,Brazil,2025-10-09,Basic,42458.71
3056,Katherine Contreras,tmitchell@example.org,Italy,2024-12-08,Basic,35172.34
2831,Jimmy Hernandez,ksalazar@example.org,United Kingdom,2022-09-03,Premium,10813.18
2971,Colleen Brown,bjones@example.com,United States,2020-01-19,Basic,22801.88
329,Mr. Justin Green III,ewalters@example.net,Sweden,2020-06-21,Standard,41276.81
4271,Laura Adams,djohnson@example.org,Germany,2025-02-28,Premium,33436.16
5995,Thomas Jones,llee@example.org,Spain,2026-07-02,Standard,46237.53
4393,Michael Serrano,michaelgonzalez@example.org,Japan,2026-03-27,Basic,45733.34
2064,Toni Whitaker,mariereynolds@example.net,Canada,2021-12-12,Basic,4678.08
8302,Joshua Haynes,lconner@example.com,Switzerland,2021-01-25,Premium,48517.64
9014,Robert Peterson,stephanie76@example.com,Sweden,2021-07-07,Standard,12917.84
9330,Raymond Brown,mjohnson@example.org,Italy,2026-04-04,Standard,3517.76
5170,Lori Valentine,rodriguezphyllis@example.net,Switzerland,2024-05-03,Premium,48081.77
4430,Kathryn Clark,jeffrey36@example.org,Japan,2022-06-08,Basic,40755.76
1282,Stephen Boyer,pamela07@example.net,Spain,2021-09-21,Standard,48650.34
3382,Roger Mason,dorothybruce@example.net,France,2025-01-17,Basic,34128.27
2637,Meredith Shaw,leah46@example.org,Canada,2025-08-23,Premium,32995.68
3329,Timothy Ho,timothyreed@example.net,Mexico,2021-12-24,Standard,2111.95
6437,Jessica Martinez,jodi43@example.org,Spain,2025-03-23,Basic,6620.95
5019,Vicki Hernandez,baileychristopher@example.net,Norway,2023-12-30,Basic,49022.31
7325,Richard Bush,bryan75@example.org,Sweden,2021-01-28,Premium,3554.05
3796,Thomas Garcia,nelsonlaura@example.org,India,2021-08-20,Basic,24746.6
2664,Susan Jones,pricetiffany@example.com,Canada,2024-01-24,Standard,25916.47
8283,Heidi Mason,lewismichael@example.net,Switzerland,2020-02-24,Basic,33955.15
1283,Brian Chen,lindahurst@example.net,Japan,2021-04-28,Standard,11474.02
4149,Maria Hayes,brenda46@example.com,Italy,2026-07-22,Premium,31352.35
1363,Eric Huerta,matthewreed@example.com,New Zealand,2023-10-19,Premium,33997.12
1438,Jamie James,arnoldwilliam@example.org,Spain,2025-02-28,Premium,27775.74
9629,Vernon Williams,rosshannah@example.com,Spain,2022-08-28,Standard,34025.04
3442,Maria Taylor,clarkamber@example.org,Brazil,2022-12-17,Standard,34194.22
57,Jessica Stephens,user006@,Singapore,2021-05-02,Basic,31246.06
4598,Mary Lewis,timothyproctor@example.org,India,2026-07-22,Standard,46340.04
8480,Robert Shaffer,ucole@example.com,Mexico,2025-12-02,Standard,1356.57
5366,Kevin Berry,ymora@example.com,Switzerland,2023-11-14,Basic,11537.98
1845,Amy Hester,renee82@example.org,France,2025-04-12,Standard,3146.43
5516,Julia Mullins,qweaver@example.com,Australia,2021-03-25,Premium,45175.37
8574,Trevor Shepherd,millerrobert@example.org,Norway,2023-06-05,Premium,3076.47
6264,Dr. Lisa Ramos,juangray@example.com,Spain,2020-10-22,Basic,36137.69
2881,Lori Little,randerson@example.net,France,2021-04-01,Basic,36461.93
1744,David Washington,wardjohn@example.org,Argentina,2024-11-25,Basic,45781.4
8399,Jordan Vasquez,lsmith@example.org,South Korea,2021-09-13,Standard,48482.63
4170,Andrea King,erik08@example.com,France,2022-07-30,Basic,20612.32
5198,Renee Johnson,rthompson@example.com,Italy,2024-08-12,Basic,27035.74
8994,Erin Wilson,castanedajames@example.net,Norway,2021-07-25,Standard,22677.98
741,Dale Chan,davidlarson@example.com,Japan,2025-01-16,Standard,36775.3
9067,Aaron Gonzalez,dawn84@example.org,Mexico,2024-06-24,Basic,20337.7
1625,Jeremy Mosley,laurie58@example.org,Canada,2020-10-26,Basic,1064.15
525,Renee Browning,joshualewis@example.org,Mexico,2023-11-25,Basic,6257.75
8000,Yvonne Patterson,barnettolivia@example.org,Argentina,2021-01-19,Standard,1991.85
4420,Casey Murphy,pattersonmichael@example.org,India,2024-02-01,Premium,26821.56
5427,Isaiah Jones,carolynscott@example.net,Germany,2021-03-26,Standard,40221.61
6690,Reginald Cordova,johnmoore@example.net,Argentina,2025-09-27,Standard,28779.34
7383,Angel Smith,deleonteresa@example.net,India,2023-08-05,Basic,44007.32
436,Casey Chase,oford@example.net,Switzerland,2021-02-21,Premium,27438.19
2961,Bridget Walter,chenmargaret@example.net,Australia,2020-12-27,Basic,17719.18
309,Evelyn Martinez,ybridges@example.com,Italy,2020-06-22,Basic,20172.75
1566,Laura Bush,mdickson@example.com,Sweden,2022-08-02,Standard,34625.81
2632,Dylan Tucker,gmadden@example.net,Brazil,2021-01-12,Premium,42622.79
5598,Wyatt Kerr,dmoss@example.org,Singapore,2023-06-21,Premium,46049.55
9478,Cheryl Cook,alexanderalex@example.net,United States,2021-07-16,Standard,9734.84
402,Kelly Edwards,michaeljames@example.net,Argentina,2023-12-07,Basic,4064.65
3827,Brianna Ryan,ryansmith@example.net,Germany,2022-04-08,Premium,15169.13
882,Gregory King,wjones@example.net,Canada,2023-06-24,Standard,41290.03
3998,Ashley Martinez,zmartin@example.org,Japan,2025-02-22,Premium,9520.06
7119,Hunter Yang,patriciamorrison@example.net,Argentina,2021-03-11,Premium,13769.98
3266,Matthew Wilson,aaron24@example.com,Norway,2020-09-18,Premium,11216.45
8407,Peter Chavez,wesleywhitaker@example.org,Switzerland,2023-06-09,Standard,12373.15
5010,Olivia Randolph,williamsmith@example.com,Switzerland,2025-06-14,Basic,40527.57
5737,Jason Douglas,frymiranda@example.org,Spain,2020-12-06,Standard,6106.76
5555,Greg Wood,anne99@example.org,Argentina,2020-03-30,Standard,39509.32
289,Riley Bryant,wcortez@example.org,Argentina,2021-06-20,Basic,7269.75
5565,Zachary Mckay,nicole34@example.com,Netherlands,2023-04-16,Basic,23181.16
8325,Kayla Mccann,joneslaura@example.com,Spain,2022-03-13,Basic,17072.84
2624,Deborah Fisher,ythomas@example.com,Brazil,2021-07-16,Basic,34167.26
8860,Brittany Kelly,crystalcarroll@example.com,Brazil,2023-12-18,Basic,23697.4
477,Andrew Harper,carloslee@example.net,Netherlands,2020-07-09,Standard,20140.15
8592,Herbert Ferguson,hparsons@example.net,India,2025-04-25,Standard,11239.63
9714,Kimberly Norris,bridgetcannon@example.org,New Zealand,2024-03-20,Basic,49760.81
6523,Mary Foster,yhall@example.com,Netherlands,2020-07-07,Premium,40043.06
3112,Juan Potts,gibsonbryan@example.net,United States,2020-10-15,Premium,25378.51
9471,Jason Brown,ifrost@example.net,Singapore,2025-02-03,Standard,35007.44
738,Cynthia Green,lisafoster@example.net,Canada,2021-07-08,Premium,12610.55
3134,Eileen Valdez,hoopernancy@example.net,Singapore,2026-01-25,Premium,24380.21
8048,Jason Riggs,howekevin@example.org,Italy,2023-11-14,Premium,30413.73
6552,Christine King,rachel18@example.net,Netherlands,2020-11-07,Basic,47973.06
5408,Catherine Johns,christopher74@example.org,Sweden,2024-05-29,Standard,11793.41
5564,Mrs. Janice Fitzpatrick,tcruz@example.com,Japan,2024-03-22,Premium,39422.74
5329,Kristen Ramirez,megan48@example.net,Netherlands,2023-04-11,Basic,49680.65
6719,Mark Stephens,kwest@example.net,Sweden,2021-11-16,Basic,37699.39
5119,Jamie Miller,lewismary@example.com,United States,2026-02-04,Basic,15252.28
4620,Amanda Morris,josephpowell@example.org,Switzerland,2025-07-07,Premium,49483.9
3690,Ashley Alvarez DVM,vancechristina@example.net,United States,2020-07-04,Basic,1141.29
7717,John Baker,danielleshea@example.org,Spain,2025-03-05,Basic,2383.48
1840,Ryan Alvarez,mckinneymorgan@example.net,Mexico,2023-05-19,Basic,261.59
1996,Kelly Duncan,xhumphrey@example.org,Australia,2024-04-04,Standard,45595.25
2400,Maria Roberts,xrosario@example.net,New Zealand,2025-12-22,Basic,7889.64
6511,Carol Torres,rodriguezstacy@example.net,Sweden,2022-07-14,Basic,40500.99
9357,Eric Fisher,stephensbrandi@example.org,Canada,2021-09-14,Premium,19232.86
4120,Jacob Brewer,wrodriguez@example.org,South Korea,2025-10-25,Basic,49814.76
5895,Julie Wallace,amberbutler@example.com,Australia,2021-08-16,Standard,25159.34
801,Taylor Taylor,cynthia81@example.org,France,2021-05-21,Standard,19427.75
8424,Heather Riley,theresaellis@example.com,Australia,2021-03-28,Standard,49155.92
7681,Tracy Woodward,benjamin04@example.org,Brazil,2024-01-03,Premium,24830.34
1406,Cody Farmer,michael86@example.org,Netherlands,2022-10-06,Basic,15138.02
5432,Andrew Dominguez,tammybaker@example.com,Australia,2021-07-22,Standard,28359.95
70,Brandon Bailey MD,justtext019,Germany,2024-04-30,Standard,33082.92
9544,Donna Harris,daviddennis@example.com,Brazil,2020-05-12,Premium,12994.47
2760,Vanessa Martinez,john69@example.net,Norway,2022-11-28,Premium,32653.35
8295,Kelly Robinson DVM,kyle83@example.net,Canada,2022-01-17,Standard,5921.16
1587,Grace Miller,ellisonjohn@example.net,Switzerland,2021-09-02,Standard,15283.55
6667,Maria Cook,parkerjohn@example.org,India,2020-06-07,Standard,2291.13
8015,Nicole Lewis,michaelperkins@example.net,Singapore,2024-10-03,Standard,18051.69
1075,Theresa Torres,scottblackburn@example.org,Singapore,2026-03-16,Premium,27326.82
3064,Kathy Bailey,andersonkayla@example.net,United States,2023-12-02,Premium,4419.41
6488,Evan Nelson,xballard@example.org,India,2020-12-03,Standard,36172.61
4706,Melissa Mathews,chodges@example.net,Spain,2023-03-05,Basic,41693.7
9070,Dakota Vaughn,courtney34@example.com,Switzerland,2025-09-12,Basic,28014.34
2604,Brian Sloan,walllarry@example.org,United Kingdom,2024-12-17,Basic,10001.58
7739,Victor Ball,coryadams@example.net,Argentina,2020-01-21,Basic,48382.59
1580,Lori Mitchell,fpotter@example.net,Italy,2021-10-08,Standard,16638.94
5059,Joel Perez,boyddiane@example.net,Spain,2026-06-29,Basic,27304.15
5754,Chad Taylor,stephentate@example.org,Switzerland,2021-06-26,Basic,36653.89
3549,Eddie Duffy,petersonrichard@example.com,South Korea,2022-05-21,Basic,49996.9
410,Denise Martinez,charlesleonard@example.com,Norway,2024-09-25,Basic,29185.99
4098,Joshua Herman,jennifergomez@example.org,Brazil,2020-11-23,Premium,30272.35
6462,Christopher Horn,tara13@example.org,Norway,2021-11-09,Premium,30588.54
5602,Nicholas Chase,murraycrystal@example.com,United Kingdom,2026-01-26,Premium,27456.78
5232,Matthew Morgan,davewilliams@example.com,Canada,2021-09-25,Basic,20000.16
3778,Danielle Griffin,tfrancis@example.org,Switzerland,2023-07-19,Basic,218.18
2727,James Griffith,sullivanrachel@example.org,Spain,2021-02-04,Basic,34811.75
478,Amber Yang,stephanie86@example.net,Argentina,2020-01-13,Basic,27287.95
1330,Dawn Nixon,umoore@example.net,Mexico,2024-05-07,Standard,49417.37
4036,Wayne Brown,nancy14@example.com,Japan,2026-07-03,Standard,25500.19
9643,Bonnie Barnett,hernandezdonna@example.org,United States,2021-04-27,Standard,46955.27
1778,Tyler Avila,xtownsend@example.com,Switzerland,2023-10-13,Standard,14656.68
6097,Kimberly Orozco,zwiley@example.net,Sweden,2026-03-26,Premium,37358.27
752,Brenda Smith,esmith@example.org,India,2026-08-04,Basic,48145.8
5793,Scott Roy,jareddickson@example.net,Sweden,2023-05-12,Premium,30251.47
4061,Miss Kimberly Holloway,edwardsconnor@example.net,Sweden,2021-12-17,Premium,33865.57
9042,Jill Ramirez,jessicawaters@example.com,Mexico,2022-02-08,Basic,38897.43
6031,Rachel Norton,theresajones@example.net,Sweden,2020-05-21,Basic,9378.14
5899,Matthew Thompson,stephanie57@example.com,New Zealand,2022-01-29,Premium,11462.34
9339,David Robinson,smiththomas@example.net,Netherlands,2022-07-05,Basic,14836.27
9161,Lauren King DVM,syoung@example.org,Mexico,2026-02-04,Premium,38661.76
9997,Brian Burton,kimcarolyn@example.net,South Korea,2023-12-15,Basic,20047.02
5152,Yvette Marks,ehopkins@example.org,Spain,2023-07-03,Standard,9327.2
469,Joshua Rice,rolson@example.org,Spain,2026-07-31,Standard,4144.21
1546,Jessica Haas,bowersedward@example.org,India,2023-01-20,Basic,46818.46
6312,Megan Hood,kendrahoffman@example.org,Spain,2024-09-05,Standard,29095.4
2684,Erika Brown,maxwelljacob@example.org,Norway,2020-06-06,Basic,1841.73
8967,Brandy Bowman,johntaylor@example.net,Switzerland,2026-06-11,Standard,16467.0
6182,Taylor Mack,tiffanyodom@example.com,New Zealand,2023-12-06,Premium,38799.13
1026,David Oliver,alexandersanchez@example.net,Mexico,2023-08-12,Standard,13490.83
5113,Spencer Kelly,kenneth96@example.net,India,2023-08-08,Basic,17891.11
8563,Jeffrey Durham,rebeccahill@example.net,United States,2022-10-31,Standard,15973.54
5369,Nicholas Chung,ehenry@example.org,Singapore,2026-03-06,Standard,41339.32
2355,Benjamin Neal,oanderson@example.net,Brazil,2024-10-12,Standard,3236.75
7279,Elizabeth Taylor,jennifer42@example.org,France,2026-03-03,Premium,21279.32
3603,Elizabeth Thomas,hamiltonvanessa@example.org,Netherlands,2022-05-10,Premium,17329.23
774,Ariel Sandoval,webblindsay@example.com,Japan,2020-11-24,Standard,21716.14
6774,Randy Wang,ylarsen@example.org,United Kingdom,2024-11-09,Premium,25964.25
8810,Dennis Martinez,courtney92@example.org,Brazil,2021-04-28,Standard,3767.77
3383,Angela Ramos,zacharywest@example.com,South Korea,2024-06-26,Premium,41586.36
642,Anna Estes,thomas35@example.com,New Zealand,2024-05-24,Basic,17401.51
4234,Jaclyn Long,pwilliams@example.org,Spain,2020-08-05,Standard,25136.75
3816,Victoria Marshall,karen32@example.org,Brazil,2023-03-30,Standard,6907.48
4105,Robert Newton,hzamora@example.com,United Kingdom,2024-11-18,Standard,33610.15
9926,Wendy Oneal,canderson@example.com,Japan,2020-08-18,Standard,15179.26
1109,Terry Ward,vhowell@example.net,New Zealand,2022-04-02,Basic,4175.52
3528,Larry Rivera,reginaldevans@example.org,Argentina,2026-05-05,Standard,9202.64
3496,Lynn Hoffman,brandongonzalez@example.com,South Korea,2026-01-15,Standard,2662.29
1421,Kelly Hayes,dominicperry@example.org,Argentina,2023-08-05,Premium,36790.7
6924,Stephanie Garcia,christophercastro@example.org,Germany,2022-10-04,Premium,48539.59
3882,Michael Glass,david19@example.com,United States,2023-05-05,Premium,26752.12
8354,Daniel Price,maria45@example.com,Switzerland,2023-09-08,Basic,10926.97
6246,Deborah Patel,christopher22@example.net,Sweden,2024-05-03,Basic,19674.58
4939,Arthur Gonzalez,gabrielle43@example.com,France,2024-10-11,Basic,47011.41
6799,Adam Woods,xmartin@example.com,South Korea,2024-10-12,Standard,30228.14
7813,Derrick Diaz,jamescarpenter@example.org,Singapore,2025-09-17,Standard,30037.72
1681,Patrick Buckley,walkerandrew@example.net,New Zealand,2020-04-02,Premium,31744.06
6716,Shelby Simon,ytownsend@example.org,France,2026-04-04,Premium,41831.02
634,Robert Gonzales,qjohnson@example.com,Italy,2024-10-02,Premium,40148.08
2570,Gavin Nelson,hfarmer@example.org,Argentina,2020-01-03,Premium,15505.14
7360,Steven Miller,weissgregory@example.net,Netherlands,2024-01-13,Basic,2681.18
2167,Jason Nguyen,munozerik@example.org,Germany,2022-09-21,Premium,18234.31
8170,Thomas Olson,plee@example.com,Italy,2022-03-06,Premium,4506.47
8846,Deborah Price,jason30@example.com,India,2025-04-25,Standard,5645.78
2826,Michael Price,palmerkatherine@example.net,Canada,2021-07-15,Basic,5584.5
4088,Kristin Williams,qdavis@example.com,Australia,2024-12-01,Standard,27477.92
6244,Mrs. Nancy Schaefer,gary14@example.org,Germany,2025-06-03,Basic,384.62
8365,Robin Walker,michael69@example.com,New Zealand,2024-01-17,Standard,11820.12
3942,Loretta Williams,colemanashley@example.net,Netherlands,2025-04-20,Standard,8146.97
9180,Katherine Boone,nicolemarshall@example.org,Singapore,2021-06-09,Premium,33081.29
8076,Cindy Garza,tina36@example.net,Switzerland,2020-11-26,Premium,21325.05
9196,Michael Olsen,april74@example.org,Singapore,2020-05-18,Basic,13410.72
4129,Denise Johnson,jimenezjeffrey@example.com,Singapore,2023-11-29,Basic,35655.93
1173,Penny Gomez MD,mwalker@example.org,Germany,2021-04-24,Premium,46392.15
8669,Ricky Campbell,paul74@example.org,Norway,2020-09-23,Premium,20890.16
4223,Paul Franco,wmorgan@example.net,Switzerland,2025-03-22,Premium,24801.13
4835,Jennifer Hernandez,sheltondanielle@example.net,Argentina,2022-11-05,Standard,4305.43
2577,Travis Price,ttrevino@example.net,Japan,2026-03-19,Basic,45643.92
1990,Tammy Williams MD,sparkspatrick@example.org,India,2025-03-13,Basic,3063.55
6974,Nicole Lewis,jimenezaudrey@example.org,Australia,2025-06-03,Basic,26074.35
5837,Jacqueline Phillips,stephaniefrancis@example.com,India,2022-06-30,Basic,41441.53
4533,Mark Clark,john12@example.org,Netherlands,2021-06-20,Basic,48106.26
3210,Natalie Martinez,gcamacho@example.net,Mexico,2023-06-21,Basic,43397.2
3856,Kimberly Price,wendy32@example.com,Spain,2024-06-10,Premium,30342.15
2629,Christopher Porter,paul42@example.org,Japan,2022-11-29,Basic,31909.58
7804,Mandy Walker,andrew47@example.net,Brazil,2022-12-08,Basic,7405.57
1411,Samuel Henry,lisa57@example.com,Norway,2021-11-15,Basic,39288.53
8258,Jeffrey Gray,aliciastevens@example.org,Singapore,2022-03-20,Standard,42722.16
7387,Charles Anderson,william72@example.org,United States,2022-01-01,Standard,3869.51
4304,Scott Ramirez,riverasteven@example.com,Switzerland,2025-12-15,Basic,30814.74
6751,Jeffrey Wallace,lisalynch@example.net,Spain,2021-07-12,Standard,18292.01
6556,Zachary Huff,yharrison@example.net,Japan,2021-01-25,Standard,38691.35
816,Karen Johnson,dthompson@example.org,France,2026-04-22,Basic,18580.36
2405,Jeremy Smith,dcurry@example.com,Australia,2021-11-15,Standard,49377.93
5398,Melanie Brown,qmartin@example.com,Spain,2021-08-19,Standard,772.37
9957,Dr. Cole Robertson,wtran@example.org,Canada,2023-02-21,Standard,22997.86
2132,Sharon Wilson,monroegary@example.com,Spain,2022-02-07,Standard,31092.36
1798,Pamela White,oross@example.org,Sweden,2022-02-04,Premium,40514.7
3091,Susan May,ann01@example.org,United States,2025-03-28,Basic,13445.23
4185,Richard Bond,ywalker@example.org,Italy,2022-05-07,Premium,23406.75
4565,Steven Hall,martha49@example.org,South Korea,2023-01-18,Premium,42495.0
5031,Allison Branch,gonzalezbradley@example.org,Singapore,2021-02-20,Basic,25905.09
8049,Suzanne Lambert,brownkristy@example.com,Japan,2024-10-22,Standard,9899.72
123,Laura Haney,andreafrazier@example.org,Japan,2024-03-07,Basic,23232.11
180,Michael Farrell,gregory20@example.org,Singapore,2025-12-01,Premium,7673.38
9251,Jamie Smith,fmitchell@example.org,Netherlands,2025-05-25,Premium,12106.76
8096,Christopher Bolton,calvarado@example.org,Norway,2022-01-09,Basic,23309.71
6430,Erika Brown,villegascrystal@example.org,Germany,2020-02-07,Standard,41873.12
9738,Kathryn Miller,pgarrett@example.com,Germany,2021-11-22,Standard,34382.41
4993,Daniel Luna,tina16@example.org,Mexico,2023-02-26,Basic,95.85
1158,Mary Adkins,tmejia@example.net,Spain,2021-10-29,Premium,32637.37
9004,Rebecca Rodriguez,richard11@example.com,Germany,2025-02-26,Basic,21125.39
1533,Jessica Cobb,kelly82@example.com,India,2020-04-25,Basic,47062.67
8993,Jimmy Edwards,huberregina@example.net,France,2026-03-07,Standard,6092.14
7860,Dustin Mendez,tnelson@example.org,India,2022-10-30,Basic,8073.77
9111,Paul Figueroa,orobinson@example.net,Switzerland,2021-08-29,Basic,6738.77
1536,Mr. Joel Peters,peterarmstrong@example.com,Germany,2024-06-10,Premium,23090.58
9260,Lynn Ramos,susan40@example.com,Mexico,2021-11-24,Standard,39528.19
5518,Angela Hunt,lisadennis@example.net,South Korea,2024-10-10,Standard,12925.59
2606,Edwin Carter,lisajohnson@example.com,Netherlands,2026-01-02,Premium,469.03
6128,Charles Roberts,garciajennifer@example.com,Norway,2020-05-13,Premium,7946.39
9142,Peter Campbell,vjensen@example.org,Germany,2022-04-27,Basic,15416.63
7459,Cameron West,diana50@example.net,Sweden,2025-11-20,Standard,11007.87
2178,Jessica Buck,robertpaul@example.net,India,2024-11-23,Standard,30191.21
7991,Maria Harrington,gpugh@example.com,Italy,2026-07-08,Standard,26705.2
2352,Whitney Jones,brittanyparker@example.net,Spain,2021-04-12,Premium,20753.69
9178,Scott Marsh,denise32@example.org,Australia,2023-05-10,Standard,6467.95
3503,Sarah Davis,wcampbell@example.org,Argentina,2025-08-27,Standard,15790.67
2135,Jennifer Martinez,xsherman@example.net,South Korea,2022-04-12,Basic,17495.75
1481,Richard Gutierrez,crystal58@example.net,Norway,2021-03-27,Standard,3981.75
2794,Brandon White,kathrynchapman@example.org,Singapore,2021-09-09,Basic,28149.93
4844,Mary Daniels,matthew27@example.net,Singapore,2024-06-21,Premium,25948.59
9781,Dr. Phillip Anderson,robert38@example.org,Sweden,2022-06-29,Basic,39679.16
9935,Daniel Chung,davismelissa@example.org,Brazil,2023-01-27,Basic,14956.88
4763,Anna Pierce,sotowilliam@example.org,South Korea,2020-04-12,Premium,44011.57
7192,Dana Stanley,james62@example.org,United Kingdom,2025-07-15,Basic,41882.76
6042,Jill Ray,hoodjustin@example.net,Netherlands,2022-06-21,Premium,44316.97
9637,Rachel Yang,moorelisa@example.com,Netherlands,2021-01-21,Basic,36207.04
3446,Tyler Fisher,raymichael@example.net,Spain,2022-10-02,Premium,35289.94
8150,Maria Mccarthy,millerheather@example.com,India,2021-11-11,Standard,37421.78
7766,Jacqueline Herman,johnburgess@example.com,Brazil,2026-07-16,Premium,16052.39
3621,Jennifer Hernandez,mcarter@example.com,Italy,2025-12-04,Premium,32896.98
1953,Shawn Duffy,perrylisa@example.net,Switzerland,2025-12-15,Standard,47260.31
556,Derrick Anderson,zzimmerman@example.com,India,2021-08-28,Standard,45567.38
4265,Amy Boone,kmoore@example.net,Mexico,2025-04-18,Standard,44236.63
1164,Austin Walker,krose@example.org,India,2025-11-07,Standard,49642.06
1585,Robert Green,danielwelch@example.net,Italy,2021-05-25,Premium,12995.34
6152,Aaron Scott,kellijones@example.org,Brazil,2020-04-22,Basic,11180.31
9721,William Cooper,agross@example.com,Mexico,2024-05-07,Standard,5046.21
5838,Sophia Dawson,ghodges@example.com,New Zealand,2026-02-07,Premium,27255.37
5262,Jesus Shaw,orobertson@example.net,Italy,2023-01-25,Standard,23885.93
5240,Natalie Burns,austin27@example.net,Brazil,2025-02-03,Basic,3846.13
7914,Jodi Mendoza,tonya93@example.com,Norway,2026-06-24,Standard,2201.97
9163,William Mitchell,drodriguez@example.org,United Kingdom,2026-02-15,Basic,32976.16
1599,Tina Reynolds,joshuafrost@example.com,Norway,2024-06-18,Basic,5879.66
7183,Brooke Quinn,steven01@example.com,Sweden,2023-02-13,Premium,31912.53
301,Robin Thompson,sclark@example.com,Norway,2022-09-15,Standard,25505.99
9661,Levi Meadows,kennethwagner@example.org,India,2021-09-27,Premium,15558.75
6948,Tamara Moore,sstewart@example.com,Canada,2024-09-02,Standard,36909.91
3795,Mike Patel,earlowens@example.com,Germany,2020-11-10,Basic,5516.58
4573,David George,neaton@example.org,Sweden,2023-08-28,Basic,32274.58
4336,Darren Gonzales,michael38@example.net,Italy,2021-06-13,Standard,17331.8
2859,Deborah Roberson,chelsea44@example.com,United States,2021-11-11,Basic,10782.89
5695,Lisa Hendricks,joseph56@example.com,Germany,2025-05-10,Basic,22226.39
3143,Donald Cruz,ireed@example.org,Argentina,2020-03-12,Basic,41508.77
1360,Erica Glass,urios@example.net,South Korea,2026-02-19,Standard,41685.44
4534,Sergio Hodge,meyermartin@example.org,France,2024-04-18,Standard,5829.36
9750,Timothy Lewis,vhill@example.com,United States,2025-06-07,Premium,28370.51
5688,Tonya Alexander,amanda55@example.org,Germany,2024-03-17,Basic,6626.43
487,William David DDS,harmonzachary@example.org,Japan,2021-08-28,Basic,35578.15
7837,Jade Phillips,jason50@example.org,India,2020-10-04,Premium,14181.13
9555,Daniel Petty,ramseyamy@example.net,France,2021-07-09,Basic,8249.65
5901,James Richardson,hannah86@example.net,Mexico,2022-04-22,Basic,40309.22
8117,Stephanie Jensen,williamsspencer@example.org,India,2023-09-10,Standard,16263.56
7363,Kristen Taylor,cassandra19@example.net,United States,2025-06-09,Basic,41045.14
1153,Jacob Hill,joshuamorris@example.org,Japan,2021-02-06,Premium,48418.89
5383,Kimberly Ponce,wsanders@example.org,France,2021-03-07,Basic,21121.93
9742,Jacob Brady,richardjensen@example.org,Switzerland,2025-03-13,Basic,24398.27
5425,Heather Wolf,james51@example.net,India,2020-09-23,Basic,1668.31
8808,Sarah Woods,ydavis@example.org,France,2024-12-16,Standard,35285.75
5187,Kristopher Curtis,warrenpeter@example.net,United Kingdom,2022-04-29,Premium,1860.81
8410,Frederick Finley,julierandall@example.net,Brazil,2026-02-05,Standard,40709.03
6190,Christopher Paul,tiffanysolomon@example.org,India,2021-05-21,Premium,2258.2
9703,Gary Yu,raylisa@example.org,Switzerland,2026-06-24,Basic,11948.03
8270,Travis Schneider,isaiah91@example.net,Mexico,2025-11-29,Basic,39440.3
5315,Jessica Cox,jeffrey83@example.org,Mexico,2024-09-21,Basic,37320.54
9904,Joel Cox,lambertxavier@example.net,Netherlands,2025-02-28,Premium,9194.23
666,Michele Smith,welchsteven@example.org,Sweden,2025-04-02,Premium,21919.19
3354,Kerry Ware,robinsonmichael@example.net,United Kingdom,2025-03-21,Basic,46654.0
8852,Katherine Hammond,wellsdavid@example.com,Argentina,2023-05-10,Basic,1611.71
8062,Diana Murray,iwatts@example.com,Argentina,2023-01-27,Premium,11518.13
643,Tamara Riddle,angela14@example.com,Australia,2025-03-02,Basic,28252.64
9243,Nathan Perez,stephanie23@example.net,France,2024-11-05,Premium,21991.85
177,Ana Hill,chawkins@example.com,India,2022-04-20,Premium,48130.26
6432,Mrs. Melissa Robinson,gardnerkrystal@example.org,United States,2020-01-25,Basic,11472.85
9911,Martin Wilson,steven39@example.net,New Zealand,2024-10-21,Basic,20684.47
3439,Connie Franklin,mmitchell@example.org,South Korea,2024-12-31,Basic,34129.25
787,Erica Johnson,scottgibson@example.net,Singapore,2022-08-25,Premium,35722.95
6392,Gregory Johnson,brooksamy@example.com,Switzerland,2020-03-26,Standard,29581.13
9066,Nicole Scott,hstrickland@example.org,India,2023-04-25,Premium,9528.51
9928,Laurie Johnson DVM,iromero@example.com,Netherlands,2022-04-27,Standard,37169.07
3203,Beth Medina,bowmananthony@example.com,Italy,2022-09-15,Basic,24236.32
4804,John Payne,leroy28@example.net,Italy,2022-04-24,Standard,6541.55
7836,Melinda Thompson,rreyes@example.org,New Zealand,2020-03-13,Basic,49788.39
7941,Tyler Allen,lfuller@example.org,Singapore,2020-01-09,Premium,37329.54
92,Joshua Reed,jeffreymorales@example.com,France,2027-06-04,Basic,20148.47
5763,Anthony David,hamiltonjohn@example.com,Australia,2024-12-12,Basic,20268.68
9028,Mason Moon,colleenjackson@example.net,Singapore,2021-11-23,Premium,13645.47
9505,Alexandra Gonzalez,kennedymark@example.net,France,2026-08-03,Basic,39506.84
8238,Mark Vega,megan19@example.org,Canada,2024-08-04,Standard,39681.54
1972,Anthony Cook,rsalinas@example.org,Mexico,2022-08-15,Basic,39671.53
2906,Lisa Patterson,lewisamanda@example.org,Norway,2021-09-17,Standard,33779.88
531,Shannon Malone,ybrooks@example.net,Italy,2025-06-08,Standard,2879.18
3636,Katherine Andrews,balexander@example.net,Mexico,2023-01-03,Premium,46767.85
997,Tina Taylor,brendaperry@example.org,Japan,2025-08-05,Standard,46090.34
5853,Austin Mitchell,mason67@example.com,United States,2021-01-25,Basic,20661.07
4227,Jeanette Obrien,tjones@example.net,United States,2022-08-26,Basic,4797.05
5617,John Moore,johnroberts@example.org,India,2021-02-15,Standard,21090.07
2313,Emily Lopez,michaelwatson@example.com,France,2022-07-03,Premium,23456.61
2155,Steven Martinez,wintersjeffrey@example.com,Germany,2022-11-28,Basic,19918.21
5318,Brandi Ibarra,waltervargas@example.net,New Zealand,2024-08-20,Standard,43920.29
1428,Brenda Gallegos,andersonpaul@example.net,Spain,2025-12-26,Premium,22337.45
8631,Mary Reyes,rbradley@example.com,Argentina,2020-05-04,Premium,48536.83
6033,Jeanne Mills,bennettkeith@example.net,Italy,2026-06-07,Basic,48509.93
4416,Christopher Lee,corywilliams@example.net,Norway,2024-04-18,Standard,21247.12
8819,Vanessa Walker,guzmanandrea@example.org,Japan,2022-01-25,Basic,13225.71
3086,Robert Stokes,newmanbeth@example.org,Spain,2023-01-12,Standard,37965.6
7799,Eric Hernandez,rebecca22@example.net,France,2020-01-22,Standard,38644.11
9154,Gary Scott,michael51@example.org,Switzerland,2024-07-27,Standard,23764.2
8210,Randall Osborne,anthony04@example.org,United States,2025-12-01,Basic,1348.14
9574,Stephanie Dawson,pamelakelly@example.com,Canada,2023-04-18,Standard,3790.57
9535,Kathleen Ruiz DVM,michele00@example.net,Norway,2023-12-01,Premium,4432.14
496,Michael Morrison,hshah@example.com,Japan,2022-08-02,Standard,15915.74
3750,Dillon Travis,alvarezscott@example.org,Sweden,2022-04-07,Premium,13025.85
2322,Mark Morrison,qkelly@example.net,Singapore,2026-07-04,Standard,47136.52
4268,Steven Knight,ericblair@example.net,Mexico,2020-02-29,Standard,42563.17
3406,Deanna Mcdonald,rosalesandrew@example.com,United States,2021-01-04,Standard,41469.71
152,Patrick Moore,milleremily@example.com,United Kingdom,2023-09-09,Premium,544.89
7370,Stephanie Thompson,william82@example.net,Singapore,2021-12-19,Premium,41086.76
695,Lisa Ramirez,douglas64@example.org,Spain,2021-11-18,Standard,40059.82
4418,Cody Jimenez,geoffreycohen@example.net,Canada,2020-01-06,Basic,42248.29
5698,Jeffrey Evans,phillipspaul@example.org,Japan,2024-10-20,Standard,42738.11
1739,Crystal Meza,amber02@example.org,Norway,2026-04-08,Standard,28149.28
3002,Kelsey Baker,mary34@example.org,Argentina,2022-08-10,Basic,36939.5
168,Cynthia Morris,nathanmunoz@example.net,Australia,2026-06-07,Standard,6964.96
6112,Casey Baker,zacharydawson@example.org,Singapore,2025-09-26,Basic,47468.63
4623,Richard Ryan,megan85@example.net,Singapore,2023-08-27,Basic,40481.59
2866,Rebecca Lane,cherylhuynh@example.com,Mexico,2023-05-14,Premium,13777.91
8545,Dennis Moore,mcgeedeborah@example.com,Singapore,2024-06-29,Premium,38329.75
4703,Teresa Obrien,kylerobinson@example.org,Spain,2026-07-03,Standard,30298.81
2884,Anna Snyder,xchavez@example.com,United States,2025-08-13,Basic,8311.99
3032,Peter Gilbert,zlove@example.org,Germany,2026-05-16,Standard,35032.05
8184,Robert Scott MD,jennifer55@example.org,Japan,2024-03-12,Standard,42517.22
8981,Zachary Pearson,jeffreygreene@example.com,Argentina,2020-10-03,Premium,19111.36
8529,Karen Macias,antonio00@example.org,Italy,2024-09-13,Premium,46094.71
5682,Stacey Davis,jonathanhansen@example.org,Germany,2024-10-13,Basic,42625.41
7210,Jasmine Bradshaw,jsmith@example.com,Norway,2023-02-12,Premium,13402.49
5992,Cynthia Newman,gdawson@example.net,United States,2025-03-27,Basic,24249.71
2277,James Greene,dhardin@example.net,India,2021-10-05,Basic,4675.33
7133,Andrew Robinson,geraldcortez@example.net,Italy,2022-05-25,Standard,6636.67
5706,Deborah Fox,edwardwilliams@example.net,Argentina,2024-07-23,Standard,42983.77
7999,Shannon Ryan,benjamin26@example.net,United States,2022-07-25,Standard,25093.06
5293,Amanda Gonzalez,dbarton@example.com,Netherlands,2022-04-14,Standard,14759.33
4305,Crystal Collins,aaron24@example.org,South Korea,2021-03-01,Standard,2838.37
7446,Shelby Wood,markfields@example.com,Norway,2025-01-25,Standard,33530.12
429,Tammy Mcdowell,evasquez@example.com,Sweden,2024-05-27,Standard,43089.01
7069,Mark Johns,sstark@example.com,Norway,2023-12-25,Standard,27063.01
6365,Richard Graham,kenneth33@example.net,Sweden,2022-08-31,Standard,7028.39
4216,Breanna Mccall,cjohnson@example.com,Brazil,2026-04-27,Premium,30920.69
427,Casey Gillespie,xstokes@example.com,Italy,2022-11-20,Basic,30354.92
2224,David Martin,cgreen@example.com,Italy,2020-04-03,Basic,5465.77
101,Joyce Bowen,christophermills@example.com,Brazil,2027-06-07,Standard,38796.06
9245,Nathan Wagner,perkinschristopher@example.org,Japan,2025-05-22,Basic,25833.66
3308,Katherine Wright,jeffreyfigueroa@example.net,Norway,2025-07-06,Basic,48781.15
2763,Rose Mcdonald,rgarcia@example.org,Germany,2026-02-09,Standard,21005.21
5858,Roger Sullivan,ffreeman@example.net,United Kingdom,2022-09-01,Premium,45871.97
4739,Megan Juarez,kgrant@example.com,Italy,2025-05-23,Premium,8731.59
7093,Kimberly Santos,dawnlong@example.com,France,2023-01-30,Standard,25845.53
9633,Kathleen Boyd,kcox@example.com,Singapore,2024-10-28,Premium,18115.97
3287,Ashley Sanders,mhancock@example.net,Netherlands,2020-06-22,Basic,20194.6
7713,Ashley Johnson MD,savannahsmith@example.org,United Kingdom,2023-04-12,Basic,23029.12
7869,Christina Davis DDS,amycruz@example.com,New Zealand,2026-04-24,Premium,9814.97
6068,Cynthia Freeman,lhess@example.org,Spain,2021-06-23,Basic,23641.46
9236,Heather Marshall,jacob23@example.net,Germany,2025-04-16,Standard,46259.72
3578,Rachael Flores,john21@example.org,Australia,2020-09-27,Premium,30300.47
1466,Whitney Gomez,othompson@example.com,Canada,2023-08-20,Premium,43748.7
7676,Michael Taylor,erica45@example.net,France,2026-06-03,Premium,32472.47
2235,Mark Jones,taylorlawrence@example.org,Sweden,2025-12-30,Basic,40864.25
1745,Patricia Williams,bethany10@example.net,India,2023-01-02,Standard,16426.82
9755,Julie Davis,nataliehall@example.org,Italy,2026-03-23,Basic,32152.59
6095,Francisco Woodward,loriwilliams@example.net,Brazil,2021-01-17,Standard,33667.29
8782,Samantha Ford,philip09@example.org,Australia,2022-02-27,Standard,3197.26
9402,Jessica Murphy,hannahwright@example.org,France,2025-07-13,Basic,11487.16
8372,Laura Sanford,christopher37@example.org,Spain,2020-10-25,Premium,40467.4
5028,Gabriel Richardson,spearsbrittany@example.com,Switzerland,2025-08-13,Premium,22659.14
9235,Michael Campbell,pwells@example.com,Germany,2021-04-03,Basic,10367.99
3945,Michael Cruz,hpadilla@example.com,Sweden,2025-07-16,Premium,33313.47
6863,Adriana Parks,freynolds@example.com,Spain,2022-01-27,Premium,44238.69
5351,Rebecca Brooks,holmessamantha@example.com,France,2026-04-14,Basic,41972.68
9423,Stacy Sanchez,chansen@example.com,Australia,2024-06-29,Standard,47637.84
2122,Kelly Wright,melissa43@example.com,United States,2020-11-16,Basic,278.84
4973,Cody Thompson,ian96@example.com,Mexico,2022-04-07,Standard,14247.69
8577,Destiny Nash,gibsonedward@example.net,Singapore,2021-02-02,Basic,13858.87
3785,Ronald Garcia,jay07@example.com,Canada,2021-06-10,Premium,22385.45
6873,Tammy Morris,mortonshannon@example.net,Japan,2024-07-28,Standard,13849.81
917,Vincent Reyes,joseph70@example.org,Mexico,2025-12-04,Standard,17030.67
9395,Alicia Hill,oneillshane@example.org,Italy,2025-08-29,Premium,939.62
7253,Rebecca Baker,holly14@example.org,France,2024-11-20,Basic,9389.0
8013,Olivia Williams,kyle89@example.org,Germany,2023-08-26,Standard,1160.22
5822,Brittany Mitchell,roger61@example.net,Sweden,2022-05-21,Standard,18780.9
4404,Melissa Patrick,qguerrero@example.net,Argentina,2023-04-24,Basic,11631.21
4864,Sonya Alvarado,brownemily@example.com,Canada,2020-08-28,Basic,9363.66
8516,Vincent Welch,sullivanbrenda@example.com,New Zealand,2024-04-11,Premium,38885.1
5423,Tina Mooney,lhill@example.org,Sweden,2022-04-12,Basic,45324.36
7734,Jesse Johnson,johnsonjohn@example.org,Brazil,2021-12-29,Basic,15578.41
1204,Jennifer Parks,cheyenne53@example.net,New Zealand,2021-01-15,Standard,21861.56
3769,Stephanie Fisher,terrinavarro@example.com,Mexico,2023-01-19,Standard,48239.2
5358,Robert Bauer,meganbennett@example.com,Germany,2024-07-19,Standard,2986.9
3853,Eddie Bailey,qhoward@example.org,India,2020-03-26,Basic,45.18
1927,Alisha Rasmussen,ambergonzalez@example.net,Switzerland,2021-09-25,Standard,31333.28
3115,Samuel Mata,pgray@example.com,Germany,2022-10-08,Basic,42892.74
2642,Jason Torres,pamelascott@example.net,United States,2022-10-20,Standard,6559.98
7640,Jeffrey Robertson,jason40@example.net,New Zealand,2026-03-04,Premium,5798.59
7361,Jeremy Davis,sphillips@example.net,United States,2021-12-19,Premium,17114.94
8183,Beth Cross,brownabigail@example.org,Norway,2022-10-10,Basic,1370.29
7611,Vickie Hall,steven89@example.net,France,2023-10-30,Standard,32078.74
2729,Tina Ramirez,romerochristine@example.net,United States,2026-02-20,Standard,12282.33
9598,George Mercer,aprilgarcia@example.net,Singapore,2021-10-28,Premium,9516.12
4986,Jose Lopez,brian44@example.org,Mexico,2020-03-10,Basic,30871.32
6847,Michael Walters,beltranstephen@example.com,Norway,2026-05-18,Standard,26604.11
7699,Darlene Sanchez,duanenewman@example.net,Italy,2021-08-29,Standard,40360.98
4013,Mary Donaldson,erika44@example.net,Mexico,2021-05-04,Basic,12522.94
2627,Tammy Cameron,hannakimberly@example.org,Australia,2024-02-26,Standard,19452.17
7239,Kathy Ortega,fgross@example.com,United States,2020-05-19,Standard,30782.41
8256,Olivia Holmes,jesus01@example.org,Australia,2023-04-11,Basic,25170.32
9566,Craig Davis,jasonramos@example.net,Singapore,2020-05-23,Basic,37018.16
806,David Rodriguez,davisbenjamin@example.org,South Korea,2026-08-08,Basic,3001.07
4635,Glenn Ward,heidiparker@example.com,Singapore,2022-03-07,Standard,18716.87
5248,Kathryn Thomas,jeffrey35@example.com,Australia,2026-05-26,Premium,23745.89
5567,Teresa Velasquez,smithcourtney@example.net,New Zealand,2021-12-28,Premium,41628.28
5740,Jennifer Underwood,tbarr@example.org,Italy,2024-10-14,Premium,38439.17
5144,Joseph Patel,shaneallen@example.com,Spain,2021-11-12,Basic,2135.79
8266,Stephanie Tucker,lrogers@example.com,South Korea,2025-01-25,Premium,31284.0
4460,Dr. Sarah Smith,christophermendez@example.com,Sweden,2024-02-17,Basic,3285.97
1243,Mark Anderson,webbkeith@example.com,Brazil,2020-04-15,Basic,33656.66
6946,Rebecca Lee,jerry97@example.org,United Kingdom,2024-05-18,Basic,28978.9
5741,Amanda Moody,williamstiffany@example.net,France,2020-03-19,Premium,34693.17
5326,Michael Lambert,beckjean@example.com,Singapore,2021-08-18,Premium,23515.81
548,Raymond Johnson,bsolis@example.org,Germany,2023-03-10,Premium,19937.0
3023,Erica Lane,christopherhernandez@example.com,Australia,2020-04-16,Standard,25610.13
5762,Amy Ramirez,dunderwood@example.com,France,2025-03-18,Premium,48059.35
4032,Chris Rogers,michael58@example.org,South Korea,2022-10-13,Standard,28745.75
27,Melissa Brewer,,Canada,2026-05-05,Basic,33761.17
4953,Joshua White,taraellis@example.com,Singapore,2025-12-23,Basic,26612.05
5153,Ashley Lewis,carlosherrera@example.org,Japan,2023-01-30,Premium,37704.11
2509,Ronald Clark,jasonrandolph@example.org,United Kingdom,2025-04-17,Basic,46461.16
1434,Susan Hogan,kburch@example.net,Switzerland,2021-05-28,Premium,41628.83
2583,Vanessa Zimmerman,xrivera@example.com,Germany,2020-02-28,Standard,36307.38
1303,Mary Ryan,cwood@example.org,Germany,2022-05-09,Premium,49511.85
5813,Michael Crawford,williegarcia@example.net,Brazil,2020-07-07,Basic,21463.63
7350,Alexis Olsen,jason93@example.net,Norway,2024-01-27,Standard,45679.06
5282,Thomas Romero,ruizrichard@example.com,Germany,2024-02-27,Basic,18031.93
6115,Lisa Ramsey,jessicagonzalez@example.com,Singapore,2021-05-07,Premium,18567.19
1222,Justin Frederick,kellydesiree@example.org,Switzerland,2023-03-01,Premium,31104.28
7436,Matthew Shaw,kellychristopher@example.org,Canada,2021-04-26,Premium,5130.37
2549,William Hunter,shawn53@example.net,Australia,2022-11-26,Standard,19978.19
751,Danielle Murray,wilsontiffany@example.org,Brazil,2026-06-10,Premium,22766.46
438,Michael Lopez,taylorandrew@example.com,Mexico,2023-12-13,Standard,48515.63
4372,Dillon Case,jgreen@example.net,France,2026-05-01,Standard,13451.45
4449,Amber Zhang,angelicachase@example.net,Spain,2020-11-09,Basic,30499.77
2848,Shannon Cowan,anthonyjacobs@example.com,Argentina,2023-07-26,Standard,12449.47
1174,Kelly Mclaughlin,ryanlee@example.net,New Zealand,2024-03-30,Premium,24817.31
7496,Sean Thomas,awatkins@example.com,Japan,2024-08-06,Premium,31849.99
2700,Joseph Acosta,frankalvarez@example.org,Australia,2026-02-25,Standard,49617.3
9889,Deborah Ibarra,carteralexander@example.net,India,2021-04-02,Basic,32487.31
9507,Kimberly Cochran,christopherreese@example.com,Italy,2025-04-04,Premium,39585.31
6396,David Smith,charles35@example.net,South Korea,2021-08-04,Standard,6092.77
2482,Matthew Allen,maciasmaria@example.org,South Korea,2023-09-16,Standard,38167.92
5457,Linda Henderson,herreradavid@example.com,Netherlands,2024-03-18,Basic,20630.11
8445,Angela Potts,gerald08@example.com,Singapore,2025-02-09,Premium,40701.35
2707,Christina Castillo,scruz@example.net,Singapore,2020-03-28,Premium,19015.98
4662,Sharon Williams,mlane@example.org,India,2023-01-31,Standard,38957.88
327,Jennifer Banks,andrew17@example.org,Japan,2022-10-13,Premium,3437.62
1040,Jonathan Perry,ericking@example.com,New Zealand,2022-05-13,Premium,6007.26
2638,Willie Garza,qholland@example.org,Singapore,2020-10-30,Premium,22880.46
5023,Patrick Rios,larryblackwell@example.org,Singapore,2022-11-17,Premium,20704.32
2500,Michael Hogan,jacqueline24@example.org,United Kingdom,2026-04-16,Standard,5452.19
1005,Jason Graves,dspears@example.com,United States,2021-12-06,Basic,20473.22
2862,James Montoya,jessica78@example.com,Norway,2021-09-06,Standard,40991.02
3234,Tammy Estrada,jessica48@example.com,Sweden,2020-10-15,Standard,25864.61
1871,Russell Bailey,christine89@example.net,South Korea,2024-08-03,Premium,9358.36
4246,Roger Holmes,xandrews@example.net,Canada,2020-02-09,Basic,33179.43
6928,Timothy Perez,kroberts@example.org,Norway,2023-09-25,Basic,8080.49
8386,Tanya Hall,iwood@example.net,Canada,2023-02-18,Premium,26177.17
535,Joseph Williams,xwilson@example.com,Brazil,2023-06-23,Premium,45034.98
9828,Christopher Lee,jeffsoto@example.com,Switzerland,2022-07-24,Standard,36840.25
7149,Jon Graham,hbrown@example.com,Japan,2022-04-24,Basic,14710.96
7366,Sarah Phillips,wilsonwayne@example.com,Sweden,2021-11-13,Basic,39331.78
586,Margaret Miller,obowers@example.net,Netherlands,2020-07-24,Basic,41468.92
9915,Kayla Gonzalez,aprilmoore@example.org,Brazil,2023-12-17,Basic,17099.61
3036,Aaron Aguirre,erica09@example.com,South Korea,2021-04-14,Standard,17451.81
4429,Aaron Webb,wsanchez@example.org,Norway,2024-04-13,Standard,912.07
4090,David Hernandez,kristin83@example.com,Spain,2023-09-12,Premium,47714.78
1704,Joseph Mendoza,larrythompson@example.com,Sweden,2026-07-03,Basic,42154.38
4296,Susan Davis,iscott@example.net,Brazil,2021-12-31,Standard,38906.78
5720,Donald Reynolds,ruth44@example.org,Argentina,2022-06-03,Basic,27361.97
492,Tracy Grant,savagesherry@example.org,South Korea,2025-07-15,Basic,30288.45
6900,Lucas Jackson,bgordon@example.net,Italy,2025-05-06,Standard,13185.09
4354,Jamie Guerrero,browndeanna@example.com,Italy,2024-12-11,Standard,8501.29
2837,Carol Gray,whughes@example.net,Italy,2025-12-11,Premium,6752.34
2267,Christopher Mcclure,amyadams@example.com,Japan,2024-11-13,Standard,30901.66
7719,John Garrison,bferguson@example.org,France,2026-06-12,Premium,22522.54
9524,Cindy Lang MD,samanthaking@example.org,Canada,2026-08-04,Premium,45922.81
8023,Douglas Howard,monicagomez@example.org,Germany,2026-05-22,Premium,2743.83
4708,Sandra Mccoy,rebecca95@example.net,Japan,2024-09-25,Basic,49120.01
9844,Kathryn Downs,marroyo@example.net,Japan,2024-03-19,Basic,36039.15
2901,Michael Clay,nmcmillan@example.com,Italy,2022-02-26,Basic,20648.61
9619,Laura Patel,pateljacob@example.net,Sweden,2026-02-22,Standard,1234.94
2945,Jennifer Griffin,carriemejia@example.org,United States,2022-03-28,Standard,38504.86
1917,Tara King,jamie13@example.com,India,2023-10-17,Basic,14635.4
3186,Lee Morton,ortegajohn@example.net,Australia,2024-06-09,Premium,49098.36
8627,Joseph Russell,lcollins@example.com,Norway,2023-09-03,Standard,17042.49
9435,Angel Griffith,xray@example.net,New Zealand,2025-01-22,Basic,13275.57
7256,Ashley Smith,mnicholson@example.org,Singapore,2021-09-07,Premium,15157.6
4247,Dennis Coleman,wgreen@example.net,Switzerland,2020-04-04,Standard,45517.22
8616,Janice Stokes,mcruz@example.net,Spain,2021-09-10,Basic,32040.44
5147,Nicole Wallace DDS,nhester@example.com,Sweden,2022-03-08,Standard,10745.64
8566,Justin Andrews,james07@example.com,Canada,2026-07-29,Premium,21570.88
2519,Michelle Ellis,toni32@example.org,South Korea,2020-12-23,Standard,29032.94
398,Christian Vaughn,hannah51@example.net,United States,2024-09-22,Standard,18592.67
1318,Anne Hardy,michaelklein@example.org,Japan,2023-11-22,Standard,25774.59
4561,James Weber,matthew78@example.com,India,2022-05-19,Premium,45476.8
122,John Young,scott12@example.com,Germany,2021-02-09,Basic,33789.24
2450,Joanne Olsen,yrobinson@example.org,Italy,2025-02-24,Premium,18688.07
8856,Maria Thomas,lorireese@example.org,India,2024-08-19,Basic,20498.35
8109,Nancy Garcia,john28@example.org,Netherlands,2022-09-06,Basic,29443.65
1567,John Vaughn,ericgrimes@example.net,Italy,2024-08-02,Premium,1100.1
1985,Steven Stewart,george60@example.com,Italy,2023-11-24,Premium,46181.26
4334,Rachel Curry,moorecraig@example.com,Italy,2023-07-15,Premium,43577.86
7911,Tracy Frost,woodsalexis@example.net,United Kingdom,2020-01-27,Basic,16134.97
9287,Cynthia Moore,bcollier@example.com,Australia,2025-06-01,Basic,16015.02
3919,James Hart,daniellecooper@example.org,New Zealand,2021-02-26,Standard,15729.62
2174,Justin Glover,gloriawilliams@example.net,Netherlands,2021-09-21,Basic,9734.14
3284,Robert Lozano,robertburns@example.org,Sweden,2022-11-15,Basic,13487.23
8496,Donald Bryan,sotoantonio@example.org,Switzerland,2025-01-17,Standard,41098.31
8585,Brian White,edavis@example.net,South Korea,2020-03-29,Basic,42879.78
2334,Troy Glenn,fowlermichael@example.org,Germany,2025-11-05,Standard,11484.59
574,Dana Bennett,mitchell67@example.net,Norway,2020-09-04,Standard,5216.31
3661,Jamie Griffin,donnamartinez@example.org,United States,2023-01-02,Premium,710.91
9076,William Chambers,spencerryan@example.org,Argentina,2026-02-25,Standard,6762.81
982,Lisa Torres,elizabethsmith@example.com,France,2023-10-05,Basic,3961.08
9371,Gary Morgan,michaelbennett@example.org,Netherlands,2024-05-30,Premium,44221.58
1408,David Mcdaniel,ruizdylan@example.com,South Korea,2023-12-26,Basic,36124.95
536,Sean Clay,ebranch@example.org,United States,2020-03-06,Basic,8706.26
4316,Alicia Wagner,williamsmary@example.com,New Zealand,2025-05-17,Standard,36267.01
4599,Christopher Copeland,dean99@example.net,United Kingdom,2024-05-15,Premium,20916.43
8623,Lindsay Washington,robertsmary@example.com,New Zealand,2021-09-30,Basic,5838.15
8759,Darren Hall,roberttaylor@example.org,United States,2026-05-27,Basic,39229.07
1435,Becky Wilson,beasleyrobert@example.com,India,2020-01-24,Premium,31828.44
6995,Tina Wilson,turnermichael@example.com,Brazil,2025-07-22,Basic,26329.2
2580,Cameron Smith,suttonwilliam@example.com,Netherlands,2025-07-12,Basic,49817.6
9404,Sarah Wolfe,kelleyjonathan@example.net,France,2026-05-06,Basic,39257.62
3270,Earl Romero,leeseth@example.net,Germany,2021-02-18,Standard,30597.88
9554,Dominique Wagner,nelsonheather@example.com,Japan,2020-07-01,Premium,30239.36
3839,James Perez,douglas13@example.com,Canada,2021-08-10,Premium,2189.25
1868,Katie Myers,urobles@example.org,Spain,2025-08-14,Premium,29326.62
1455,Linda Cobb,ybrown@example.net,India,2022-11-27,Premium,673.04
1787,Jennifer Vasquez,cadkins@example.net,France,2024-01-07,Standard,15312.58
9913,Jesse Harris,oguzman@example.com,Brazil,2020-09-17,Standard,15981.67
7096,George Vaughan,sherry42@example.com,Germany,2022-10-20,Premium,29974.2
2522,Nancy Smith,lisahernandez@example.net,France,2026-05-19,Standard,3842.6
4440,Kevin Cole,michelle41@example.org,Canada,2023-07-13,Basic,37899.43
1821,Tamara Harris,moralesjessica@example.org,Japan,2025-02-21,Premium,38121.77
5616,Scott James,james18@example.com,Singapore,2024-03-23,Basic,14070.58
2930,Paul Ross,pmoore@example.org,Canada,2021-07-26,Basic,14320.96
52,Benjamin Smith,user001@,Italy,2022-07-18,Premium,21956.84
4727,Nancy Rice,jackpatterson@example.com,Netherlands,2025-03-25,Standard,37366.46
5717,Mark Mueller,martinjeffrey@example.net,Singapore,2023-11-14,Standard,40358.1
5466,Tyler Garcia,ipugh@example.com,South Korea,2026-08-07,Basic,33174.23
470,Courtney Smith,colleenflores@example.com,Netherlands,2022-02-03,Premium,21689.59
2630,Cynthia Gregory,shawkathryn@example.net,India,2026-03-16,Standard,39020.38
6514,Christopher White,mcfarlandmichael@example.net,South Korea,2022-08-13,Premium,17168.39
7468,Monica Smith,hartkristen@example.org,India,2024-04-07,Premium,27818.58
3946,Denise Reese,heather41@example.com,New Zealand,2024-10-22,Basic,27157.04
6205,Morgan Evans,arodriguez@example.com,United Kingdom,2024-01-05,Basic,27770.29
4263,Karen Hughes,gabriellasmith@example.com,Italy,2021-10-31,Basic,43440.4
1859,Dennis Cooper PhD,fowleramanda@example.net,United Kingdom,2023-06-07,Standard,48865.15
9533,Kelly Little,gabrielfletcher@example.net,Netherlands,2023-04-13,Standard,40912.44
866,Corey Whitaker,cruzalbert@example.org,Switzerland,2024-07-22,Basic,33325.95
6391,Penny Waters,foleypatricia@example.org,Spain,2021-04-26,Premium,36638.58
7213,Tiffany Mcgee,justin10@example.org,Netherlands,2024-12-30,Basic,32246.11
4922,Jacqueline Hall,nicolemcdaniel@example.com,Sweden,2026-03-31,Basic,21943.8
8102,Steven Cannon,kimberly94@example.org,Brazil,2020-09-02,Basic,24736.64
4793,Tara Jones,christopher31@example.com,United Kingdom,2023-01-21,Premium,1070.52
8855,Emily Reed,petersoncurtis@example.net,Spain,2025-06-27,Premium,17505.35
6251,Christopher Thomas,johnsonlarry@example.net,France,2022-05-07,Premium,43923.65
5937,Suzanne Williams,hartchad@example.org,United Kingdom,2024-01-03,Basic,23027.89
426,Susan Thompson,willisnicole@example.net,Spain,2023-10-22,Basic,17966.24
189,Bryan Gomez,stewarttammy@example.net,Argentina,2021-09-08,Standard,42553.82
5630,Michelle Ortega,ldoyle@example.net,Australia,2024-04-25,Basic,30767.62
4360,Joshua Scott,sarahsavage@example.com,Norway,2022-04-25,Standard,14978.45
229,Mary Thompson,gabrielschultz@example.com,Japan,2023-01-23,Basic,45295.26
7758,Jacob Trevino,chelseaanderson@example.net,United Kingdom,2025-08-25,Basic,7464.68
7678,Ricky Reid,edwardrichardson@example.org,Mexico,2020-12-01,Premium,21078.34
2742,Charles Castaneda,gpeters@example.org,Australia,2022-06-26,Premium,40163.36
1042,Gary Ward,robert19@example.net,Netherlands,2025-09-06,Basic,2305.39
4076,Jennifer Nguyen,bradfordmichael@example.com,Canada,2024-05-09,Premium,13756.8
9141,Michelle Thomas,robinsonheidi@example.net,Argentina,2024-04-04,Basic,46105.78
6119,Karl Moore,bkhan@example.com,Brazil,2022-02-26,Standard,33922.15
6903,Elizabeth Brown,vwalter@example.org,Sweden,2025-12-03,Basic,43041.32
472,Kim Morrow,ylee@example.org,Norway,2024-02-27,Premium,15623.92
2922,Kathleen Mooney,kim74@example.net,India,2022-10-31,Basic,15580.78
1906,Ronald Marshall,hendersonerin@example.org,India,2023-08-26,Basic,30481.44
8877,Jessica Barron,mromero@example.org,Singapore,2023-07-15,Basic,20824.3
802,Cynthia Haas,rayrobin@example.org,Sweden,2023-09-09,Premium,6733.36
1488,Kurt Hancock,caleb34@example.org,Norway,2020-09-17,Basic,32067.39
8442,Samantha Thomas,kari76@example.org,India,2023-08-22,Premium,1117.09
228,Craig Morrison,cynthia12@example.org,Italy,2022-02-22,Basic,37449.0
7891,Thomas Waters,micheal66@example.org,United States,2024-02-06,Standard,15761.89
1129,Jerry Haney,linda40@example.com,South Korea,2022-02-14,Standard,7630.1
5071,Angela Richards,vazquezaaron@example.net,Norway,2021-04-02,Basic,1647.91
9167,Brandy Anderson,alexander57@example.net,Mexico,2026-05-20,Basic,27751.39
2209,Juan Keller MD,florescrystal@example.org,Italy,2020-04-07,Basic,34354.89
7994,Nicole Baker,darrenstewart@example.org,Australia,2023-04-13,Standard,27187.99
9843,Megan Wells,michaelbrown@example.net,Germany,2021-02-02,Premium,44838.41
6560,Jon Robinson,henry09@example.com,United States,2024-04-18,Standard,25246.82
9922,Danielle Alvarado,xward@example.com,Australia,2024-01-21,Premium,26563.43
3154,James Griffith,darren06@example.net,Brazil,2024-08-14,Basic,10451.68
4442,Tanner King,gmeyer@example.org,Argentina,2025-09-20,Basic,34463.13
7506,Dillon Brown,joanna44@example.com,Canada,2021-02-16,Standard,27407.43
8958,David Johnston,tammyalvarez@example.com,Mexico,2024-06-14,Premium,1591.49
6216,Chelsea Green,sharon62@example.net,Netherlands,2024-01-18,Premium,27253.35
9599,Kenneth Becker,angela56@example.org,Norway,2021-09-11,Standard,10162.26
2145,Julia Cole,katie67@example.net,Netherlands,2026-02-26,Standard,45083.6
7412,Richard Wilson,hmyers@example.com,Italy,2025-02-25,Basic,14238.99
8930,Kristy Ramos,davidmendoza@example.net,Germany,2021-01-11,Basic,16301.38
2375,Carol Jackson,marcuscole@example.net,Singapore,2025-02-09,Standard,6371.35
2578,Patrick Faulkner,achaney@example.org,Australia,2020-07-20,Premium,44.2
1633,Heather Maldonado,stewartamy@example.net,Mexico,2026-03-11,Premium,15622.33
4833,Mary Smith,davenportphilip@example.net,Singapore,2026-03-10,Basic,49838.28
2299,Kayla Schneider,darrylmendez@example.com,Spain,2025-09-10,Standard,16436.93
5034,Kyle Brown,zjennings@example.net,Brazil,2023-02-07,Basic,38782.45
157,Vanessa Howard,peter91@example.net,Italy,2024-10-18,Basic,21953.28
8047,Suzanne Hancock,idorsey@example.com,Argentina,2025-09-27,Basic,11475.12
6707,Amber Meza,gonzaleskevin@example.com,New Zealand,2026-01-29,Standard,22789.43
3350,Jorge Gonzales,allenrosario@example.com,Australia,2022-04-06,Standard,17715.08
2880,Mary Hill,alexgonzalez@example.net,France,2025-04-18,Basic,39061.9
3414,Alex Lamb,michael80@example.net,Norway,2026-04-16,Premium,37841.28
7769,Marvin Flores,bmaynard@example.org,New Zealand,2020-04-12,Basic,38686.85
4190,Martha Williams,bartlettgary@example.com,Argentina,2025-02-22,Basic,13090.54
9611,Edward Gomez,pgriffin@example.com,Canada,2024-03-24,Standard,18015.3
9735,Mrs. Kaitlyn James,susannoble@example.org,Australia,2022-02-24,Basic,12303.55
7252,Ashlee Williams,estradaerin@example.org,Sweden,2025-02-15,Premium,26933.11
7614,Lisa Hall,hbutler@example.net,Japan,2022-08-08,Basic,506.82
6920,Erik Delacruz,miguelanderson@example.com,United Kingdom,2022-05-15,Basic,15025.35
9682,Brandy Casey,joseph75@example.org,France,2022-10-17,Basic,46068.61
9672,Luke Smith,johnwilson@example.net,France,2026-06-03,Premium,47050.87
4795,Deborah Waller,haynesryan@example.com,United Kingdom,2021-10-16,Premium,9800.5
5655,Chad King,jacksonkristina@example.org,Norway,2021-01-16,Basic,20027.21
2496,Audrey Richardson,eoneal@example.org,Germany,2023-03-02,Standard,5861.78
7305,Heidi Richardson,tmorgan@example.net,Netherlands,2024-03-22,Premium,49114.18
2373,Corey Caldwell,ncastaneda@example.org,Singapore,2020-12-01,Standard,49186.01
4092,Meagan Smith,toddmclaughlin@example.net,Sweden,2023-12-01,Standard,4465.47
9472,Dustin Boyer,hamiltonivan@example.com,New Zealand,2023-06-06,Basic,3954.73
3462,Stephen Parks,kevin33@example.net,Brazil,2020-02-16,Standard,34510.51
7007,Michael Cruz,cindy40@example.org,United States,2025-12-06,Basic,27877.45
5392,Ralph Rodriguez,kwebster@example.com,Mexico,2021-11-12,Standard,43636.78
7173,Christine Singh,christopher88@example.net,Japan,2023-07-04,Premium,25260.3
5697,James Livingston,pcooper@example.org,Norway,2024-07-10,Standard,14521.04
5665,Matthew Leonard,grantdustin@example.org,Norway,2026-05-05,Premium,11566.48
4504,Jennifer Barrett,pmoran@example.net,India,2021-08-16,Basic,20195.89
2551,April Turner,martin25@example.com,Brazil,2025-03-10,Basic,35973.34
4716,Christian Bryant,friedmanjoseph@example.com,Singapore,2022-12-19,Premium,9947.36
848,Olivia Ayers,marcuspearson@example.net,Australia,2024-04-16,Standard,47260.9
3345,Robert Savage,johnsonjonathan@example.org,France,2023-06-25,Premium,8768.53
939,Nathan Wilson,sarahwashington@example.net,Japan,2021-03-28,Basic,40073.7
4826,Wendy Chavez,ocarlson@example.org,New Zealand,2024-06-25,Basic,14006.4
9694,Christopher Harris,bross@example.com,Germany,2022-07-07,Premium,4341.14
8864,Kimberly Ward,stevengriffith@example.org,Italy,2020-02-12,Basic,32489.89
8611,Megan Salas,englishchristopher@example.org,India,2026-01-23,Basic,35824.44
5355,Stacey Rodriguez,cartersteven@example.net,Spain,2021-08-08,Standard,8337.45
5478,Cindy Kelley,michaelreeves@example.org,France,2026-04-26,Premium,35843.58
9724,Jocelyn Campbell,martinezanthony@example.net,France,2023-06-15,Standard,18372.97
757,Jill Anderson,whitejamie@example.org,Japan,2025-07-29,Basic,32438.85
4751,Jason Snow,dan28@example.com,Netherlands,2023-02-15,Standard,13311.84
2645,Derrick Ramirez,tony41@example.com,United Kingdom,2026-06-07,Basic,20602.71
4163,Ruben Woodard,moranmelissa@example.net,Brazil,2024-05-14,Basic,23246.37
8649,Hector Williams,lauragriffith@example.net,Canada,2024-02-03,Premium,19628.87
3166,Vincent Castillo,kimberly97@example.com,United States,2020-07-12,Standard,40994.5
6498,Elizabeth Daniels,ohughes@example.org,India,2022-06-20,Premium,43318.93
5988,Christina Roberts,robertwilliams@example.net,France,2024-04-01,Standard,41.35
3874,Amber Turner,vsullivan@example.org,Japan,2025-02-27,Standard,34191.37
7752,Robert Meza,contrerasdaniel@example.org,Netherlands,2024-07-05,Standard,25889.71
6524,Jill Taylor,michelleanderson@example.org,Italy,2023-05-13,Premium,37940.03
3419,Stephanie Hunter,treilly@example.org,United Kingdom,2024-08-23,Premium,28184.76
9905,Kelly Evans,qrodriguez@example.com,Mexico,2025-03-05,Basic,41472.47
2062,Lance Kirby,mallory90@example.org,Canada,2025-01-15,Premium,37851.39
550,Todd Reynolds,kristin37@example.org,Mexico,2020-08-30,Standard,1301.34
4454,Theresa Smith,rmarquez@example.com,United Kingdom,2020-03-17,Premium,27119.9
2813,Christopher Harrison,kellerjames@example.org,United States,2021-08-29,Standard,350.1
8778,Denise Gonzalez,matthewrios@example.com,Australia,2023-03-01,Premium,28840.77
8996,Charles Anderson,bentleyjamie@example.com,Argentina,2023-03-29,Premium,39288.39
2550,Joshua Henderson,yconner@example.com,Japan,2021-08-14,Premium,44112.01
6070,Dylan Long,lindsay71@example.org,Argentina,2023-06-01,Premium,24611.79
3170,Desiree Booth,martingutierrez@example.com,India,2021-05-28,Standard,46927.61
7055,Sara Barrett,paul65@example.org,Norway,2020-11-05,Premium,17204.42
4829,Ricky Diaz,ofuentes@example.org,Australia,2022-07-30,Basic,31386.69
9571,Sara Scott,hannahgarcia@example.net,Italy,2021-10-01,Premium,49185.81
1260,Dennis Henderson,robinsonjoy@example.com,Sweden,2022-04-25,Premium,5926.63
8713,Perry Black,james98@example.net,Germany,2021-01-21,Basic,8113.51
3662,Daniel James,daniel61@example.org,South Korea,2023-11-10,Standard,5359.97
7923,Mariah Collins,jenkinstiffany@example.org,New Zealand,2025-09-10,Premium,34898.05
1025,Emily Arnold,jmiller@example.net,Switzerland,2026-02-23,Standard,40068.34
4966,Elizabeth Butler,jamesclarke@example.org,Singapore,2023-12-11,Basic,24002.47
753,Vickie Anderson,rebeccaanthony@example.org,Argentina,2025-10-16,Basic,5492.56
3943,Juan Moore,wayne29@example.com,Spain,2021-12-02,Premium,14976.41
3711,Kimberly Wilson,klee@example.com,South Korea,2024-04-04,Basic,38835.47
9961,Jason Rose,lucaskevin@example.org,Sweden,2023-04-18,Basic,9845.88
1952,Christina Perry,parmstrong@example.org,Singapore,2022-08-06,Premium,34785.38
6315,Tony Rodriguez,vbrady@example.org,Italy,2026-08-09,Premium,9919.92
352,Joseph Shaw,jocelyn68@example.org,United States,2021-02-11,Standard,32531.4
1512,John Lowe,uadams@example.com,United Kingdom,2024-11-09,Premium,38042.94
4830,Joshua Miller,vmanning@example.org,Netherlands,2023-03-31,Premium,4293.6
9617,Gabriella Johnston,jhoward@example.org,Spain,2021-10-27,Basic,23212.01
3747,Matthew Evans,weisskylie@example.com,Canada,2024-03-31,Premium,44843.81
5800,Justin White,donnaarnold@example.net,Mexico,2023-01-09,Standard,29451.57
702,Patrick Yang,angelajohnson@example.com,Singapore,2022-03-30,Premium,854.37
3694,Holly Austin,huertajohn@example.com,New Zealand,2024-05-11,Premium,27316.56
4615,Charles Ramos,yjimenez@example.com,Japan,2021-05-06,Standard,32043.13
7214,Courtney Nelson,lisadavis@example.org,Spain,2023-03-17,Premium,40830.83
562,Laura Jackson,nthompson@example.net,United States,2020-01-03,Premium,9921.61
2319,Richard Medina,cfields@example.net,India,2021-01-18,Standard,44419.34
3099,Michael Jones,maria99@example.com,Canada,2020-09-17,Standard,35856.14
4839,Kevin Barton,cbishop@example.org,Netherlands,2024-10-07,Basic,43214.31
3151,Nicole Peterson,andersonjason@example.org,Germany,2024-12-31,Premium,15997.56
5609,John Steele,williamsmark@example.net,Japan,2024-04-13,Standard,33912.74
4300,Veronica Diaz,melissa96@example.com,Australia,2021-02-26,Standard,9765.93
4619,Maurice Johnson,xallen@example.com,Brazil,2022-11-27,Basic,21277.09
4075,Krista Fuller,ryoder@example.org,Italy,2020-07-17,Standard,24272.65
3995,Robert Berg,rodney41@example.org,New Zealand,2025-02-24,Basic,7118.51
6374,Jeremy Nicholson,cody14@example.org,India,2021-11-17,Standard,36344.93
6168,Andrew Rodriguez,jessica58@example.com,Singapore,2024-09-11,Premium,8531.55
1048,Janice Fernandez,ernest98@example.org,Switzerland,2021-07-31,Premium,18315.38
2940,Ashley Valentine,vthomas@example.net,Japan,2025-05-13,Standard,22224.17
1809,Robert Mclean,josephallen@example.org,United Kingdom,2023-02-24,Premium,15817.34
3167,Claudia Brown,xwright@example.com,United Kingdom,2024-08-22,Premium,1818.19
415,Dale Ryan,elizabeth99@example.net,South Korea,2026-05-27,Premium,35890.02
1341,Carrie Petersen,floreslaura@example.com,South Korea,2021-01-03,Basic,37719.22
9372,Jamie Bell,qsanchez@example.net,India,2023-07-26,Basic,17963.86
7741,Brian Mullins,greenemelanie@example.com,Netherlands,2026-01-04,Premium,30702.87
5061,Joseph Hill,lhenry@example.org,Argentina,2023-09-08,Basic,39818.85
4634,Dean Sanchez,jbryant@example.org,France,2022-05-15,Basic,9368.66
4610,Angela Ryan,bbaker@example.net,Switzerland,2025-07-10,Standard,3741.09
7367,Raymond Porter,bradley14@example.com,Japan,2021-03-25,Basic,4484.45
1470,Alexander Garrett,wware@example.com,Switzerland,2021-12-09,Standard,11816.51
1711,Raymond Sawyer,fcortez@example.org,Canada,2020-02-10,Basic,13589.98
6271,Robin Parker,tyler54@example.net,Canada,2023-12-18,Standard,39044.05
8733,Cody Mccoy,glenda36@example.org,Mexico,2022-10-15,Premium,7268.29
2272,Elizabeth Allen,schmidtjoseph@example.net,Germany,2022-05-17,Basic,23232.53
1584,Kevin Hernandez,rebecca57@example.org,Brazil,2022-07-14,Standard,48750.21
1413,Alexis Nelson,wattsmelissa@example.org,United States,2023-04-30,Premium,49437.59
4112,Jonathan Cortez,vallen@example.net,Australia,2023-08-19,Premium,39388.63
7653,Donna Mejia,cthomas@example.com,Canada,2022-09-23,Standard,6859.67
6694,Anthony Scott,richard56@example.net,Sweden,2020-03-28,Basic,13640.37
1723,Brian Mendoza,uwest@example.com,Norway,2020-05-23,Basic,42487.83
2025,Billy Williams,abruce@example.net,Netherlands,2024-12-11,Basic,29662.25
2213,Cheryl Gregory,reyeswilliam@example.net,Mexico,2022-01-28,Premium,38460.51
1508,Christine Bell,yluna@example.com,Switzerland,2022-12-06,Basic,26480.24
2623,Cristian Mendoza,johnsonangela@example.org,Switzerland,2021-01-12,Basic,37803.19
5291,Chloe Parker,tara55@example.net,Italy,2021-05-04,Basic,19689.48
9129,Jorge Spencer,scott33@example.net,Canada,2025-10-21,Standard,30581.04
1322,Heather Ellis,jackiescott@example.org,Sweden,2025-01-19,Basic,47902.97
843,Suzanne Jones,nolancharles@example.net,Mexico,2021-09-20,Basic,5528.34
1147,Diane Mcdowell,williamclark@example.org,Singapore,2026-05-24,Basic,47496.66
3625,Alex Barton,matthewbrock@example.org,United Kingdom,2026-04-22,Premium,33760.91
4281,Daniel Garcia,mitchelllowe@example.com,Italy,2021-12-08,Standard,49256.1
9011,Mackenzie Diaz,devin23@example.net,Spain,2025-04-14,Standard,31885.21
8987,Michael Morris,youngdonald@example.net,Australia,2022-04-24,Premium,27206.38
4682,Daniel Sullivan,sallywilliams@example.com,Canada,2024-05-16,Standard,43043.33
464,Randy Cannon,williamkrueger@example.org,India,2026-05-18,Premium,47345.91
1755,Mr. Jimmy Flores Jr.,mosesdavid@example.org,Japan,2023-07-20,Basic,33288.42
3937,Shane Hopkins,jeremy63@example.com,Switzerland,2020-08-07,Premium,47991.1
7934,Julie Flores,riddlejodi@example.org,Switzerland,2023-05-09,Premium,36744.94
9461,Alisha Williams,nancyshaw@example.net,Sweden,2023-09-02,Basic,34411.64
4402,Anne Obrien,melissajordan@example.org,Brazil,2021-12-13,Basic,48782.59
4701,Ryan Willis,barajasmitchell@example.org,Brazil,2022-06-29,Basic,6548.91
8992,Melinda Long,michaelparrish@example.net,United Kingdom,2023-01-22,Standard,4989.14
379,Diana Hays,andrea67@example.org,Australia,2025-10-10,Basic,19092.9
3107,Tammy Alvarado,smithjohn@example.org,New Zealand,2023-10-20,Premium,35869.99
8216,Andrew Blake,kathleenwilson@example.net,Italy,2024-07-14,Premium,36345.83
1336,Tammy Moore,floreskyle@example.com,Italy,2025-10-18,Premium,8085.18
1224,Tracey Gonzalez,wilsonlisa@example.com,United Kingdom,2025-02-01,Standard,43871.81
3849,Michelle Hobbs,lawrencewilliam@example.org,Norway,2022-06-07,Premium,39058.22
2717,Brian Sosa,robertjones@example.net,Brazil,2021-04-10,Standard,12157.67
6838,Brittany Snyder,jordanwallace@example.org,Canada,2025-11-24,Premium,29866.55
2953,Chelsea Garcia,misty25@example.net,Argentina,2025-04-28,Basic,31841.3
1351,Nicholas Long,diazpamela@example.org,Norway,2023-03-27,Basic,19173.81
1083,Mr. Carl Rios,charlesking@example.net,Australia,2021-05-08,Premium,25974.83
6454,Hunter Williams,johnsoncory@example.com,Mexico,2024-09-07,Standard,26568.81
1812,Gloria Mckinney,vperry@example.com,Norway,2025-01-12,Standard,36627.55
4122,Matthew Evans,smithkimberly@example.net,Spain,2025-06-08,Premium,10570.84
1352,Kurt Wagner,mckayshawn@example.org,Singapore,2021-03-26,Premium,32529.3
7818,Rebecca Torres,hannahlee@example.net,Canada,2023-01-05,Basic,33054.22
8797,Bobby Mullen,jose86@example.org,Singapore,2021-07-14,Standard,20587.57
1895,Shari Ray,rebekahgarcia@example.com,Italy,2024-06-06,Standard,30415.58
6640,Brian Ware,hughesbrent@example.org,Italy,2020-09-11,Standard,41903.26
566,Linda Gonzalez,murraylynn@example.org,Japan,2021-05-21,Basic,44524.46
3904,Dana Gilbert,orodriguez@example.com,Germany,2023-08-18,Premium,31928.06
7101,Michael Brown,qgonzalez@example.org,Singapore,2025-05-21,Standard,84.63
3674,Trevor Hill,kylelong@example.org,India,2020-12-04,Standard,11943.24
4367,Justin Small,jessica14@example.org,Singapore,2023-07-06,Basic,23088.08
7546,Stephen Kirby,angela13@example.org,Brazil,2020-02-16,Standard,27748.4
1213,Crystal Garcia,mcdanielkatelyn@example.net,New Zealand,2025-06-16,Standard,19742.72
1190,Samantha Jones,fcampbell@example.net,Singapore,2022-01-27,Basic,38385.42
3956,Heidi Blankenship,zpeck@example.org,Germany,2022-05-16,Basic,41960.06
899,Catherine Davis,noahroberson@example.com,United Kingdom,2025-03-05,Standard,21631.64
4787,Christopher Klein,susanelliott@example.org,United Kingdom,2020-05-06,Premium,16734.41
8093,Erin Mcdowell,joe40@example.org,Sweden,2025-03-11,Standard,26647.53
4603,Brandon Perkins,uford@example.org,Australia,2022-07-21,Standard,30558.15
8897,Jeffrey Baker,jeremy55@example.com,Argentina,2023-03-30,Basic,33030.9
3455,John Rogers,melissa65@example.net,Brazil,2023-01-05,Standard,30925.53
3610,James Morris,wilsonvalerie@example.com,France,2025-03-25,Basic,40854.19
8158,Madison Stanton,trevorbarry@example.org,Italy,2024-01-14,Basic,27068.19
8766,Laurie White,wmedina@example.com,Singapore,2021-03-14,Standard,15680.39
9678,James Gates,keitharnold@example.org,New Zealand,2020-09-28,Basic,17417.63
7573,Alex Steele,mitchell07@example.org,Mexico,2021-02-13,Standard,34818.08
3910,Mathew Myers,lindathompson@example.com,United Kingdom,2023-02-27,Premium,33855.39
4029,Jennifer Smith,nhouston@example.net,Switzerland,2025-07-15,Premium,17215.87
3932,Heather Mcmahon,sarahnichols@example.net,Switzerland,2020-03-05,Premium,37487.58
2333,Joshua Mendoza,qdavis@example.com,Switzerland,2024-10-03,Premium,36559.79
7303,Cathy Little,randywalter@example.com,France,2026-03-17,Premium,22923.0
2263,William Cox,williamsantos@example.com,Australia,2023-01-02,Standard,29375.51
9261,Jacob Wu,smolina@example.net,Italy,2022-02-26,Premium,38180.92
5782,Christopher George,hicksanthony@example.com,Germany,2024-10-13,Standard,37719.97
2596,Nichole Klein,david72@example.com,Netherlands,2026-06-17,Standard,21750.67
7201,Richard Wood,adammorales@example.org,Mexico,2022-12-18,Premium,1717.51
3594,Catherine Maxwell,dylan92@example.org,Mexico,2024-12-04,Basic,12269.28
5217,Teresa Wallace,ebenjamin@example.org,Sweden,2023-10-06,Premium,31432.41
1031,Michael Lopez,owenslaura@example.org,United States,2021-01-05,Basic,10609.41
7434,Brittany Sanchez,cruzalejandro@example.org,South Korea,2022-07-15,Basic,43616.52
7878,Kathryn Simmons,justin53@example.net,South Korea,2023-03-05,Premium,22472.41
8824,Adrian Sanchez,melissa08@example.com,Spain,2024-10-02,Premium,42592.78
8237,Samantha Bailey,fhunt@example.org,Canada,2021-05-15,Basic,32172.22
5734,Clifford Poole,shelia28@example.com,Canada,2020-01-25,Standard,41699.79
5379,Joseph Sullivan,wrightaaron@example.com,Japan,2023-08-27,Basic,30536.08
7763,Alexander Mitchell,nroth@example.com,Singapore,2026-05-08,Standard,44299.42
1756,Vanessa Rivera,antonio57@example.net,Japan,2025-12-16,Premium,33236.15
7356,Heather Hernandez,kristy56@example.net,Switzerland,2025-03-08,Basic,26851.14
4162,Ashley Bowman,frankwilson@example.com,Mexico,2020-06-03,Premium,36060.29
232,Madison Weber,joseph33@example.net,New Zealand,2022-05-05,Standard,10253.26
8105,Michael Hendrix,robert27@example.org,Sweden,2020-07-18,Premium,45917.35
111,Stephanie Williams,jocelyn90@example.org,Spain,2021-10-24,Premium,40214.94
5458,Anthony Ashley,gkelley@example.com,Switzerland,2022-02-14,Premium,34794.32
6709,Curtis Rice,charlesrobinson@example.net,Singapore,2025-05-19,Basic,8187.59
2515,Jeanne Rose,christophermills@example.org,Italy,2021-06-10,Premium,4983.1
5962,Mr. Joshua Cohen,johnbrooks@example.net,Japan,2021-12-21,Basic,48705.44
4280,Kevin Greene,gbrown@example.org,France,2020-03-28,Premium,37195.26
4721,Jessica Hoffman,kelly55@example.org,Japan,2024-06-30,Basic,19096.3
2918,Donald Franklin,mariapatel@example.com,Canada,2024-03-18,Standard,15156.74
9391,Mike Berry,lukekim@example.org,United States,2023-04-07,Standard,9378.67
2993,Patricia Vincent,rlittle@example.com,France,2023-03-12,Premium,6056.73
2318,Jason Jennings,hernandezronnie@example.com,Norway,2023-05-13,Premium,38116.81
4848,Lori Holland,deankathleen@example.net,France,2021-01-21,Standard,20557.5
4293,Dana Wolfe,robersondaniel@example.net,Singapore,2023-10-01,Standard,43801.48
6992,Erik Williams,alexander01@example.org,Sweden,2025-03-10,Basic,42294.29
1516,Robert Marquez,preston44@example.org,Norway,2025-08-08,Standard,35829.56
217,Thomas Atkins,rivasmatthew@example.com,Japan,2023-12-16,Standard,19278.26
9214,Matthew Wang,coryduran@example.org,Japan,2023-06-05,Basic,9559.56
9062,Jordan Morse,justinwoods@example.com,South Korea,2020-08-09,Basic,2303.0
8418,Douglas Ferguson,curtisjohnson@example.net,Sweden,2023-04-01,Premium,30791.71
2264,Alvin Wilson,ysmith@example.com,United Kingdom,2020-03-11,Basic,32037.07
5327,Edward Guzman,richard34@example.net,Germany,2024-01-14,Basic,42162.38
6841,Emily Henderson,ypatterson@example.org,Netherlands,2022-08-29,Premium,31185.27
8499,Teresa Lopez,cgraham@example.net,India,2021-01-26,Standard,3179.14
6011,Joseph Spencer,anne32@example.org,Germany,2024-03-06,Standard,37483.49
894,James Johnson,ymontgomery@example.com,United Kingdom,2020-11-11,Premium,44388.44
1491,Jesse Sampson,johnbowen@example.org,Netherlands,2024-06-08,Premium,22096.87
3004,Xavier Parker,cobbmelinda@example.org,Spain,2020-11-29,Premium,45139.83
1851,John Ramirez,dylan74@example.com,Germany,2020-05-06,Premium,46111.79
5200,Sherri Logan,laura09@example.org,Switzerland,2020-02-24,Basic,39591.22
6381,Adam Delgado,amy18@example.org,India,2024-02-01,Premium,40081.5
325,Meghan Rush,byrdsamantha@example.org,Spain,2023-10-14,Standard,20425.42
1216,Robert Thompson,amber33@example.net,Italy,2020-12-06,Premium,37829.69
2900,Jennifer Lee,lindaperez@example.com,Norway,2021-05-04,Standard,187.31
2934,Luke Johnson,brownveronica@example.net,India,2025-08-17,Basic,10610.04
3659,Jessica Flowers,nelsoncraig@example.org,Australia,2020-01-22,Standard,33804.0
8679,Lynn Brown,kimfranco@example.org,United States,2022-12-10,Premium,1668.12
6674,Clayton Blankenship,cpatterson@example.com,South Korea,2024-08-08,Premium,25044.96
7973,Lisa Morales,orogers@example.com,Norway,2022-08-16,Basic,12165.65
8587,Kimberly Lee,denisewilson@example.com,Switzerland,2020-06-26,Premium,4430.59
6170,Tammy Davis,scottwebb@example.com,Japan,2025-08-11,Basic,8669.11
9725,Hannah Anderson,ublankenship@example.net,Brazil,2021-06-01,Standard,27582.46
1130,Carolyn Greer,johnhuff@example.org,India,2022-01-21,Basic,24121.49
8857,Debra Miller,lsmith@example.com,Argentina,2021-05-20,Premium,37277.05
2919,Shannon Jones,crawfordveronica@example.org,Argentina,2021-11-27,Basic,36572.02
3903,Cathy Farmer,mmorgan@example.org,United Kingdom,2021-06-23,Premium,47061.7
7948,Rachel Torres,donnaacosta@example.net,New Zealand,2021-02-12,Basic,48052.77
9098,Kara Wong,justinlee@example.com,France,2024-11-07,Premium,40302.05
3828,Emily Smith,jimmybates@example.org,Sweden,2026-02-06,Standard,34110.68
4924,Shawn Ware,jennifercarlson@example.com,India,2022-07-07,Standard,7044.74
209,Douglas Gregory,mikemaddox@example.com,Mexico,2022-03-06,Premium,38392.1
3255,Craig Liu,brewermarcus@example.com,Sweden,2021-04-09,Basic,29891.06
2796,Shawn Santos,torrestravis@example.org,Singapore,2021-05-13,Premium,43787.31
5107,Brian Daugherty,lmcintosh@example.org,Japan,2025-07-28,Standard,45890.67
9012,Jason Neal,adkinserin@example.net,Norway,2020-05-01,Premium,2174.57
799,Amanda Guzman,crystaldavis@example.com,United States,2022-01-10,Premium,27107.26
9106,Richard Clark,shelly71@example.org,Italy,2026-05-03,Standard,814.98
735,William Miller,codyduran@example.org,France,2022-12-04,Premium,46359.42
2245,Jason Hardy,andersonalan@example.org,United States,2026-08-07,Basic,20644.81
179,Kerry Chavez DDS,pbrooks@example.com,Italy,2025-11-21,Basic,7263.59
5831,Kristen Davis,christina73@example.org,Canada,2025-08-29,Standard,2986.18
7009,Melanie Watson,qsmith@example.com,Brazil,2022-09-30,Basic,13296.28
1175,Brandon Mitchell,monica04@example.com,Switzerland,2026-05-25,Basic,48107.75
6643,Raymond Mccall,fosterdustin@example.com,Brazil,2023-09-07,Basic,37724.21
5849,Barbara Graham,ernestsandoval@example.com,United States,2020-06-25,Standard,27820.39
1832,Henry Gray,fpowell@example.com,Switzerland,2022-12-23,Standard,38592.1
7996,Kimberly Jackson,zdixon@example.org,Argentina,2025-07-09,Basic,38486.54
9280,Mathew Bauer,meadowsmelanie@example.com,Germany,2021-12-05,Standard,1232.37
7898,Michelle Sullivan MD,skinnerjohn@example.org,New Zealand,2025-10-20,Standard,36199.67
8598,David Owen,cmartin@example.org,France,2022-06-11,Basic,47522.4
8523,Samantha Aguilar,hendersonelizabeth@example.net,Argentina,2023-10-15,Standard,39151.59
199,Ellen Morgan,ywu@example.com,France,2022-07-29,Standard,11397.97
7929,Ann Barnett,brendajones@example.org,Netherlands,2022-04-04,Basic,8113.74
7077,Chad Flores,timothy38@example.com,New Zealand,2021-11-19,Basic,31580.46
9285,Diane Roth,ipowell@example.org,Argentina,2025-01-09,Premium,18685.64
1098,Kimberly Lutz,crystalchandler@example.com,United States,2025-12-30,Premium,3876.49
549,Willie Henry,jimenezsheila@example.org,Japan,2023-12-06,Standard,13790.81
6909,Jared Ballard,johnny23@example.org,India,2024-03-21,Premium,23690.89
8230,Alan Sanchez,erin18@example.com,Sweden,2023-08-10,Standard,39724.44
4707,Joseph Russell,samantha00@example.org,Mexico,2021-09-06,Standard,36190.22
6913,Debra Larson,mcclainelizabeth@example.com,Argentina,2020-04-03,Premium,34199.52
3370,Yolanda Chen,dustingonzales@example.com,United Kingdom,2025-01-15,Basic,7482.43
7584,Steven Greene,ogarcia@example.org,Italy,2023-02-16,Standard,9512.04
2533,Matthew Richardson,bjohnson@example.org,South Korea,2023-05-21,Basic,37659.58
4056,Jerry Waters,gregory23@example.net,United Kingdom,2025-04-09,Basic,49426.42
2315,Justin Brooks,mccarthymarissa@example.net,Spain,2026-04-19,Standard,18814.17
6654,Travis Guerrero,donaldhoward@example.net,Mexico,2023-09-06,Standard,46982.7
6886,Bradley Cameron,fwhite@example.org,Canada,2022-01-05,Premium,38439.25
5938,Michael Cortez,hernandeztimothy@example.net,Italy,2025-08-03,Premium,46901.3
2816,Jeffrey Kennedy,fpark@example.net,United Kingdom,2021-06-02,Standard,29585.7
3438,John Yang,onealjohn@example.net,Japan,2023-06-14,Premium,23925.06
3881,Alexis Weeks,dylan21@example.org,Sweden,2025-03-05,Basic,16982.88
4158,Melinda French,nwarner@example.com,Norway,2021-03-07,Standard,43257.94
67,Andrew Avila,user016@,Brazil,2021-12-08,Premium,43757.7
7867,Melinda Rosario,msmith@example.org,Singapore,2025-11-06,Premium,30314.61
617,Jennifer Taylor,mli@example.org,United States,2026-03-29,Basic,45132.72
1119,Christine Lopez,cynthiasalas@example.com,Netherlands,2021-02-15,Standard,34250.53
3261,Eric Hall,patrickallen@example.net,United States,2024-05-24,Premium,22036.4
3402,Christine Park,millermargaret@example.org,Sweden,2026-03-22,Standard,19986.35
3693,Steven Anderson,antoniogarrett@example.com,Spain,2026-06-30,Basic,22463.55
938,Breanna Rivas,gabriellejones@example.net,Norway,2021-10-25,Basic,12259.77
6605,Melissa Oneill,johnnywells@example.net,Mexico,2022-02-08,Basic,41325.74
2573,Timothy Thompson,xjohnson@example.com,Singapore,2025-02-16,Basic,29039.83
7537,Richard Peterson,lfrench@example.org,Brazil,2021-09-04,Standard,15884.04
6325,Kathryn Smith,bobbyknox@example.org,United States,2026-03-03,Premium,8158.65
623,Tracey Wagner,myersronald@example.org,Argentina,2025-09-24,Premium,37447.17
1682,Richard Washington,noah12@example.net,South Korea,2022-06-14,Standard,29007.65
2127,Joseph Chapman,cheryl60@example.org,Brazil,2023-12-30,Basic,2713.85
788,Sylvia Schroeder,usanchez@example.org,Switzerland,2020-08-16,Premium,9460.8
3333,Emily Lopez,john12@example.org,Brazil,2024-04-29,Premium,34011.32
7237,Shannon Chapman,gwhite@example.org,United States,2020-03-02,Basic,40673.9
1093,Shannon Taylor,colliercharlene@example.com,United Kingdom,2024-03-27,Standard,39276.21
9104,Natalie Caldwell,amysilva@example.net,Mexico,2026-07-10,Basic,40314.12
5021,Mercedes Richardson,whitneymartin@example.org,Spain,2022-09-01,Basic,49595.8
9354,James Hart DDS,allisonhall@example.com,Canada,2025-07-07,Premium,22276.08
5945,Kathryn Castillo,nsimpson@example.org,Singapore,2020-03-10,Premium,37108.69
3281,Kristen Pena,myerspaula@example.org,New Zealand,2020-07-12,Basic,8845.39
8187,Brittany Macdonald,juan92@example.com,Netherlands,2025-02-09,Premium,35300.05
2202,Alejandro Campbell,yclay@example.com,India,2023-08-12,Basic,19753.27
1161,Melissa Mann,rjohnson@example.net,Switzerland,2023-11-14,Standard,37694.22
5582,Allison Rice,christopher61@example.com,United States,2026-07-07,Basic,16066.4
3593,Jessica Little,hillmikayla@example.net,Brazil,2025-09-06,Premium,44503.58
3953,Scott Brown,antonio05@example.org,New Zealand,2025-10-10,Basic,27354.93
9692,Timothy Crane,michael81@example.net,Japan,2021-10-22,Standard,33810.76
6248,Courtney Briggs,debrajohnson@example.org,Spain,2021-08-25,Standard,42354.74
4154,Rebecca Summers,uevans@example.org,France,2024-10-06,Standard,37296.63
479,David Robinson,vmata@example.org,Italy,2023-10-08,Basic,47038.6
1353,Dylan Foster,walkerkimberly@example.com,Canada,2024-07-25,Basic,7871.12
4310,Robert Gonzalez,ericmoore@example.com,India,2026-04-05,Premium,4699.07
5699,Dennis Santana,amymorris@example.com,United States,2023-08-18,Standard,6103.44
2648,Christy Kennedy,boyermichael@example.com,Singapore,2022-12-19,Premium,4459.3
8461,Joseph Clayton,kenneth78@example.org,Norway,2020-06-15,Standard,6111.85
8199,Bobby Howard,ybarrett@example.com,Argentina,2022-12-05,Standard,47184.28
7690,Patrick Perez,ifitzgerald@example.net,Spain,2025-04-19,Standard,3718.33
9258,Steven Nguyen,brittanywalker@example.net,France,2023-12-11,Premium,10078.81
2590,Nicholas Duffy,andersonjason@example.org,Singapore,2026-02-24,Basic,36985.65
1034,Dawn Rivera,timothy81@example.net,South Korea,2022-02-12,Standard,48721.41
4687,Jonathan Russell,pberry@example.net,Brazil,2026-04-12,Basic,24676.63
5012,Kenneth Reynolds,matthewperez@example.org,United Kingdom,2021-05-20,Basic,46858.7
2599,Kelsey Lynch,lguzman@example.com,South Korea,2023-04-06,Standard,40657.83
5820,Bradley Pacheco,amber22@example.org,Australia,2022-08-13,Premium,18169.57
4609,Anthony Garrison,lucerobrandon@example.net,Sweden,2021-10-27,Premium,5674.73
8471,Michael Williams,leejoseph@example.org,Sweden,2025-11-30,Basic,26405.16
9041,Stacey Dixon,colemandavid@example.net,Switzerland,2022-02-15,Standard,42412.56
7451,Vanessa Green,scott93@example.org,United Kingdom,2025-12-08,Standard,45931.9
4672,Amy Watts,joseph81@example.net,Norway,2020-08-12,Premium,29361.02
5584,Jeremy Chavez,anthony90@example.com,United States,2026-04-20,Basic,26988.6
3718,Jim Rodriguez,kathrynmiller@example.com,Australia,2021-09-20,Standard,11193.89
9328,Vanessa Maddox,hperez@example.org,Norway,2023-09-02,Basic,16075.63
3929,Dr. Isabel Smith PhD,williammills@example.org,New Zealand,2022-07-19,Premium,29852.47
3618,Mark Hill,wuvalerie@example.com,Netherlands,2021-12-24,Basic,2668.63
1426,Ronald Murray,millershawn@example.org,United Kingdom,2020-04-02,Premium,1557.77
9379,Sarah Gomez MD,cobbdeborah@example.net,Germany,2025-10-30,Standard,646.2
2920,Jennifer Avila,kimberlyduarte@example.com,United Kingdom,2026-05-07,Basic,2116.66
3820,Sean Hernandez,lwhite@example.org,United Kingdom,2022-10-24,Premium,47038.42
1872,Alyssa Vance,badams@example.net,Singapore,2025-07-06,Standard,40771.91
5488,Daniel Anderson,whitneycarpenter@example.org,Canada,2023-11-25,Basic,6993.34
481,Robert Dennis,danieljohnson@example.org,Mexico,2026-02-27,Basic,9272.23
5973,Raymond Herrera,durhamcheryl@example.com,South Korea,2024-04-01,Premium,8589.52
9601,Jonathan Howe,rojasjeremy@example.org,France,2022-07-14,Standard,5045.42
2889,Adam White,michellegilbert@example.com,Germany,2025-07-29,Standard,18565.42
6687,Destiny Joseph,johnayala@example.net,Mexico,2023-07-29,Standard,4484.37
6316,Michael Rodriguez,ujones@example.org,Canada,2025-03-15,Premium,30929.38
528,James Watson,rpayne@example.com,Brazil,2024-09-28,Premium,18593.76
4130,Amy Holt,hallvincent@example.org,Brazil,2026-04-08,Standard,10792.56
723,Aimee Gonzalez,nbender@example.org,Switzerland,2023-09-21,Premium,31339.82
5121,Christopher Macdonald,brownwendy@example.net,United States,2025-01-08,Basic,39961.7
4723,Donna Mccarty,mhamilton@example.net,Netherlands,2020-01-29,Premium,45940.59
221,Tamara Davis,elizabethperez@example.com,Netherlands,2022-03-12,Standard,38042.23
9189,Kimberly Reynolds,briannarodgers@example.org,Brazil,2021-10-16,Standard,41352.73
1936,Sydney Welch,maxwellanthony@example.net,Argentina,2025-06-27,Basic,11622.83
345,Penny Bowman,calvarez@example.com,Norway,2023-11-16,Basic,43450.76
8333,Erica Moore,jason37@example.com,Netherlands,2025-05-28,Premium,29896.35
9675,Megan Burton,hedwards@example.org,United States,2023-10-29,Premium,24025.67
4484,Audrey Taylor,amymccormick@example.com,Brazil,2021-03-11,Premium,20450.43
9707,Denise Scott,nguyenmark@example.net,India,2026-06-21,Basic,41788.2
8487,Michael Hernandez,drew87@example.com,Mexico,2023-07-10,Standard,36619.6
9217,Patty Walker,cooperjuan@example.com,Canada,2022-03-05,Premium,43946.26
6904,Debra Leonard,xmoreno@example.org,Australia,2025-01-30,Standard,31099.43
9155,Edward Jones,masseytamara@example.org,Singapore,2023-04-10,Standard,22782.47
5961,Allen Porter,john67@example.com,Australia,2024-08-23,Standard,30922.04
7035,Chris Wheeler,hebertkenneth@example.net,New Zealand,2021-07-14,Standard,29852.12
6052,Victoria Parker,sandovalemily@example.net,United Kingdom,2020-09-16,Premium,34245.92
2392,Virginia Hall,christinehowell@example.org,Brazil,2021-08-28,Standard,47154.35
7182,James Dudley,sheppardlisa@example.net,Japan,2025-02-05,Premium,26435.48
4329,Christine Greene,sharonfrank@example.com,Spain,2025-03-05,Basic,37916.72
6453,Daniel Smith,martinjennifer@example.org,United Kingdom,2023-05-28,Basic,7469.85
1984,Pam Baker,kennethfaulkner@example.com,Switzerland,2023-01-09,Premium,46121.52
8247,James Griffin,stephanie83@example.com,Mexico,2023-04-27,Basic,19828.9
1555,Tim Larsen,lutzstacy@example.net,United States,2024-07-23,Standard,37296.63
4851,Jessica Kelly,mhudson@example.net,Canada,2026-05-12,Premium,18200.7
9096,William Jackson,ehodge@example.net,Netherlands,2025-10-15,Basic,15144.08
9923,William Sanchez,usullivan@example.com,Netherlands,2025-12-17,Basic,44657.6
7533,Frances Williams,fbeltran@example.net,Netherlands,2024-08-13,Premium,39358.32
6854,Robert Benson,benjaminmichael@example.org,Australia,2020-08-02,Premium,14603.06
4642,Jason Chase,kingjohn@example.net,India,2021-06-05,Basic,38429.89
2882,Ashley Stevens,nturner@example.com,Australia,2024-05-31,Premium,48903.3
1678,Michael Williams,rodgersbrent@example.net,Mexico,2024-01-31,Standard,46871.04
4886,Tiffany Hansen,hollysingh@example.org,Spain,2023-06-09,Basic,8112.05
1965,Diane Byrd MD,alex81@example.net,Australia,2020-12-27,Standard,29791.4
902,Brandon Kelly,toni93@example.com,Canada,2022-06-22,Basic,36044.98
7131,Clayton Jennings,jesseyoung@example.com,Canada,2020-07-11,Basic,17901.59
3069,Thomas Brewer,vblack@example.org,Australia,2023-10-29,Premium,38813.51
2297,Christopher Hall,aking@example.org,New Zealand,2025-01-23,Premium,28830.17
6238,Max Mcclain,gordonkathryn@example.net,Brazil,2021-02-04,Standard,9481.6
5863,Michael Jackson,kristy03@example.net,Norway,2021-10-13,Premium,21706.61
297,Veronica King,andrea54@example.net,Sweden,2025-09-17,Basic,4748.96
8779,Phillip Lowery,stephanielewis@example.org,Australia,2020-05-28,Premium,10968.14
58,Susan Serrano,@nodomain007,Japan,2022-05-06,Standard,2454.54
7243,Stephen Walker,jonathan29@example.com,Mexico,2025-04-23,Standard,41500.14
4386,Donna Bishop,joanna39@example.com,Australia,2020-06-15,Basic,26157.34
2985,Lauren Freeman,zwilliams@example.org,Singapore,2021-03-03,Basic,31513.88
28,Ricky Davis II,,United Kingdom,2024-06-23,Premium,21735.74
4408,David Hernandez,steelescott@example.net,Singapore,2026-05-29,Basic,46150.81
9878,James Campbell,davisdonald@example.com,Spain,2023-12-09,Standard,12941.87
2677,David Williams,michaelandrade@example.net,Singapore,2023-10-21,Basic,40005.55
8546,Jason Greene,cherylgriffin@example.com,Canada,2026-05-17,Basic,25824.61
5263,Shelly Moss,steven60@example.org,South Korea,2022-05-13,Basic,31651.3
5842,Justin Brown,lopezamanda@example.net,Australia,2021-11-03,Standard,24820.72
7022,Michael Arnold,daniel37@example.org,Sweden,2025-07-12,Premium,9269.62
3249,Timothy Bauer,ndawson@example.org,India,2021-09-06,Standard,33543.45
5668,Heather Pittman,alicia69@example.net,Argentina,2025-06-13,Standard,8332.87
3885,Jacqueline Monroe,chavezcraig@example.net,Netherlands,2021-04-08,Premium,14393.79
7664,Anthony Hall,laurabaker@example.org,India,2022-09-29,Premium,31583.2
296,Jeanette Harrison,rhonda51@example.net,France,2020-02-03,Premium,49735.61
3162,Matthew Patton,johnsonhannah@example.com,Norway,2021-04-07,Premium,21573.77
2581,Brittney Martinez,williamphillips@example.org,New Zealand,2023-10-03,Standard,36407.49
3871,Amanda Arroyo,wendy16@example.com,South Korea,2024-11-09,Basic,17444.64
9211,Tina Padilla,angela96@example.org,New Zealand,2024-11-08,Standard,14729.74
4405,Jordan Carter,jgrant@example.net,Netherlands,2023-02-23,Basic,26408.16
6953,Jennifer Ramirez,mholmes@example.net,Norway,2025-07-25,Basic,28761.52
649,Jose Ramirez,danahudson@example.com,New Zealand,2021-08-24,Premium,40098.43
1371,Joshua Harris,robert16@example.com,Australia,2022-10-24,Premium,34604.78
9856,Denise Ramos,jeremyjones@example.com,New Zealand,2026-03-31,Standard,39253.54
6993,Patrick Ortega,brianaanderson@example.com,United States,2026-06-19,Premium,23773.52
5533,Lisa Singh,david33@example.com,Netherlands,2025-06-13,Premium,26300.31
9621,Adam Smith,stephenbrown@example.com,Canada,2021-12-19,Premium,27073.3
5709,Larry Woods,mharrell@example.net,India,2025-06-21,Basic,749.77
4210,Dennis Jones,dperez@example.org,Netherlands,2023-08-13,Premium,43993.73
682,Melissa Abbott,nedwards@example.com,India,2023-03-03,Standard,8455.94
435,Rachel Bradley,xdiaz@example.org,Australia,2025-08-18,Basic,27563.21
9310,Michelle Dominguez,brandyfrench@example.org,Australia,2024-01-22,Standard,23809.97
4825,Michelle Patterson,susan12@example.org,Italy,2020-01-21,Standard,37982.01
9762,Rhonda Anderson MD,fwheeler@example.net,Sweden,2024-06-23,Premium,24564.01
3160,David Daniels,mathewanderson@example.net,Germany,2023-02-21,Standard,16821.27
1490,Jason Crawford,emma77@example.com,New Zealand,2025-12-09,Standard,1418.0
2988,Carol Thomas,charlesmartinez@example.org,France,2022-05-29,Premium,47722.68
813,Angela Jackson,williamsonmichael@example.net,Japan,2022-06-29,Premium,43979.32
1883,Pamela Morgan,longlauren@example.org,India,2020-07-19,Basic,35570.91
9268,Anne Jones,zhernandez@example.net,South Korea,2023-07-11,Premium,17710.6
4937,Renee Thompson,kmichael@example.com,Australia,2020-02-08,Basic,38357.4
9936,Carmen Sanchez,tamara00@example.com,Switzerland,2024-09-30,Premium,21562.86
1941,Samantha Hale,gayronald@example.com,Italy,2022-10-23,Basic,14002.96
3297,Allison Hill,brittanymoore@example.com,United Kingdom,2025-10-05,Premium,41893.69
3535,John Barber,marybrown@example.org,Switzerland,2021-07-10,Standard,31675.0
4526,Melinda Anderson,sjones@example.net,Norway,2025-11-16,Basic,42114.59
3730,Brittany Dunlap,jennifer93@example.com,Netherlands,2020-10-04,Basic,33787.29
7016,John Cole,tmartin@example.com,Brazil,2022-09-18,Premium,41421.37
1613,Stephanie Dominguez,mikaylabruce@example.com,Argentina,2020-02-27,Basic,2248.16
1182,Laura Benson,jasonray@example.com,Australia,2023-08-12,Standard,20356.01
1376,Lisa Brown,bairdaaron@example.com,Sweden,2022-05-13,Premium,25508.99
9225,Judith Johnson,lopezkaren@example.org,Norway,2024-02-10,Standard,5368.15
3947,Brittney Morales,jaclynmack@example.com,Canada,2021-12-08,Standard,19751.07
7211,Brian Wells,ewilliams@example.com,France,2023-08-04,Basic,9872.75
5212,Kim Holmes,shicks@example.org,Sweden,2022-01-19,Basic,47405.65
64,David Davis,user013@nodotdomain,South Korea,2022-07-15,Standard,28396.77
627,Jim Newton,bestalexis@example.org,United States,2020-12-12,Standard,46291.09
4422,Lacey Graves,laurenrobertson@example.com,Japan,2021-08-11,Basic,41551.08
1670,Christopher Porter,warrenjeffrey@example.com,United States,2023-08-30,Standard,5130.77
2113,Raymond Barber,adamacevedo@example.net,Netherlands,2023-06-11,Premium,46325.32
5805,April Ryan,bshannon@example.com,Mexico,2021-12-27,Basic,1617.49
9764,William Robinson,lisafrench@example.com,United Kingdom,2023-05-25,Premium,19849.22
4033,James Torres,suzanne56@example.org,Switzerland,2020-09-19,Premium,49615.14
6546,Jeffrey Taylor,marybradley@example.com,New Zealand,2022-01-22,Basic,37971.02
7949,Mark Hernandez,katie76@example.org,Argentina,2022-11-29,Standard,1468.55
85,Denise Davenport,justtext034,South Korea,2020-06-29,Basic,43312.59
9181,Katherine Chang,eric48@example.com,Italy,2023-02-17,Premium,5149.59
1463,Victoria Webb,marksmolly@example.com,Argentina,2021-09-26,Basic,10252.09
2284,Jordan Potter,seanthompson@example.net,Argentina,2026-01-06,Basic,41225.74
2888,Terry Stokes,steindenise@example.org,Sweden,2026-02-09,Standard,43160.45
5835,Robert Miller,phopkins@example.net,Norway,2026-04-15,Basic,989.49
685,Steven Blevins,jane95@example.net,United Kingdom,2023-07-17,Standard,14038.2
4470,Joseph Norris,oneillvalerie@example.org,India,2023-12-11,Basic,20494.21
419,Jason Love,umoreno@example.net,United Kingdom,2021-08-08,Standard,36609.09
5229,Sherry Cox,kevin75@example.net,Argentina,2020-03-14,Standard,1296.97
4254,Catherine Holland,danielsrichard@example.com,United States,2025-10-23,Premium,39504.71
2710,Lori Martinez,ksparks@example.net,Netherlands,2024-08-14,Standard,15057.58
2358,Thomas Murphy,dorisphillips@example.net,India,2020-01-12,Premium,26564.07
8060,Jeffery Davis,gkey@example.org,United Kingdom,2023-03-15,Standard,6215.77
1367,Ashley Brown,jeffery27@example.org,Mexico,2024-03-21,Premium,13886.6
6278,Robert Miranda,cpetty@example.net,India,2020-04-04,Basic,37299.74
3917,Carolyn Cantu,fvaughn@example.com,Switzerland,2023-12-27,Basic,49554.51
294,William Jones,twagner@example.com,Sweden,2026-02-13,Standard,2002.48
2640,William Hickman,vmedina@example.net,Brazil,2026-06-23,Standard,15558.1
9459,Sandra Lopez,daniel72@example.com,Brazil,2025-02-13,Standard,23915.95
1507,Adrian Dean,jennifer55@example.net,Mexico,2022-06-04,Standard,24551.64
9038,Ashley Horn,parkersherri@example.org,United States,2020-04-29,Basic,1991.68
7394,Laurie Porter,ymahoney@example.net,Switzerland,2025-08-07,Standard,12055.66
1635,Joseph Woodward,jeffrey98@example.org,Singapore,2024-05-13,Basic,30083.75
2458,Kevin Huerta,david79@example.net,Singapore,2025-12-19,Premium,40910.72
9892,Dennis Lewis,benjamin88@example.net,France,2025-08-03,Standard,39016.37
5559,Linda Morris,ballardvictoria@example.net,Argentina,2020-09-18,Standard,46946.18
9752,Melinda Cox,walkerpatricia@example.org,Norway,2021-12-27,Basic,28196.94
2301,Andrew Gonzalez,elizabeth42@example.com,Canada,2022-05-13,Premium,21151.95
4538,Kelly Harris,nsharp@example.org,United Kingdom,2024-09-11,Standard,27159.05
2939,Shawna Green,sonyareese@example.org,United Kingdom,2025-03-23,Standard,6644.98
1564,Cynthia Shaw,paul53@example.org,Netherlands,2020-07-29,Standard,10387.67
5690,Michael Walker,cohenjoseph@example.org,Germany,2023-04-05,Premium,20726.76
8659,Ashley Campbell,ericadiaz@example.net,Canada,2024-06-26,Standard,38026.61
7518,Christina Miles,colemandonna@example.net,South Korea,2020-02-11,Premium,29559.73
1980,Joseph Thomas,hhoward@example.com,Spain,2022-11-28,Basic,33124.92
1884,Heidi Graham,hernandezelizabeth@example.org,India,2022-10-19,Standard,1679.69
3804,Juan Carroll,yjones@example.net,Germany,2026-04-08,Premium,28123.32
439,Franklin Wright,mcdonaldmichele@example.com,Singapore,2025-05-08,Premium,5355.09
4636,Kendra Sullivan,avilamario@example.org,Sweden,2023-12-09,Basic,12762.84
4529,Brian Clark,kevin56@example.org,Brazil,2021-06-07,Basic,26582.49
4333,Mark Thomas,deborah30@example.net,Brazil,2024-08-27,Basic,14651.84
3574,Anna Lee,margaretwilson@example.org,Germany,2020-09-25,Basic,22376.69
8742,Dylan Brown,elittle@example.org,United Kingdom,2025-12-13,Premium,33897.82
8912,Natalie Blevins,ajones@example.com,Sweden,2021-01-27,Standard,38914.54
4818,Joshua Navarro,bryan34@example.com,Mexico,2021-07-09,Basic,34316.84
6436,Anthony Proctor,christianrebecca@example.com,Japan,2024-02-05,Standard,14289.65
2987,Wanda Conley,hvelez@example.net,South Korea,2021-11-21,Premium,31988.14
7839,Christine Leblanc,samantha98@example.net,Sweden,2024-04-24,Basic,1450.02
705,Michelle Jackson,nellis@example.org,France,2025-06-22,Basic,13550.87
2281,Shelley York,uevans@example.net,Australia,2020-07-08,Basic,33167.01
8735,Christopher Blake,andrew43@example.org,Sweden,2026-04-16,Premium,1239.25
4148,David Taylor,westmichael@example.org,United States,2024-11-15,Basic,30950.82
5413,Juan Galvan,vaughnpatrick@example.org,Sweden,2023-11-29,Standard,6332.12
374,Julie Herrera,frostandrew@example.net,Mexico,2025-12-25,Basic,49364.86
6406,Philip Huff,melissahartman@example.com,Germany,2025-05-18,Standard,43077.89
9224,Kent Cole,davidwashington@example.org,Netherlands,2023-01-15,Premium,26631.45
2586,Desiree Patterson,kramirez@example.net,South Korea,2025-07-20,Premium,7751.85
1333,Eric Walker,ktaylor@example.com,India,2022-12-11,Standard,48028.4
9573,Joshua Brown,cpowers@example.com,Mexico,2023-06-07,Basic,21469.93
5283,Megan Grant,blutz@example.org,Canada,2022-09-24,Basic,43476.88
9132,Christine Cardenas,wilsonmary@example.org,Italy,2021-06-20,Basic,22097.68
8316,Lucas Reynolds,chadwatson@example.net,Netherlands,2020-02-27,Premium,26479.85
9810,Rebecca White,zhart@example.net,Italy,2021-05-29,Premium,35633.86
1785,Dennis Blanchard,deborah45@example.net,Argentina,2020-05-09,Standard,16435.28
3183,Matthew Ruiz,mwong@example.net,Singapore,2021-05-29,Premium,4599.11
495,Nathaniel Lee,charlesmurphy@example.net,Italy,2023-06-26,Basic,40985.41
7364,Alex Ramirez,daniel36@example.com,Brazil,2024-02-20,Standard,5868.32
2861,Jennifer Smith,ttaylor@example.com,Netherlands,2025-07-22,Standard,7621.27
7930,Mary Whitney,kristine67@example.net,Canada,2024-01-23,Standard,46909.69
4042,Carl Campbell,atucker@example.com,Norway,2020-09-05,Basic,28359.19
7179,Bernard Chang,andrew31@example.org,Germany,2021-10-09,Standard,42077.5
2898,Dr. Gregory Arnold,stevenholmes@example.org,Australia,2022-12-16,Premium,15727.83
367,James Gilbert,mcdanielmichael@example.net,Italy,2021-10-15,Standard,20980.2
850,Joseph Cooper,wardmelissa@example.org,India,2022-05-14,Basic,23757.85
7441,Gina Clark,michellehamilton@example.com,India,2025-03-26,Standard,38415.37
9455,Nathan Harris,andrewskenneth@example.net,France,2026-06-03,Basic,40277.74
4302,Michael Williams,rachelmiller@example.net,Canada,2021-03-31,Standard,11241.79
2654,Matthew Clark,cunninghamshelby@example.com,Japan,2020-01-22,Standard,26944.56
3504,Willie Duncan,jnavarro@example.net,Spain,2025-02-19,Premium,8441.74
1542,Charles Hernandez,laura17@example.com,Australia,2020-05-22,Standard,17562.85
4166,Travis Allen,bradleyevans@example.org,Brazil,2020-08-05,Standard,17560.28
8867,Mark Taylor,mjohnson@example.org,Netherlands,2021-07-15,Basic,16516.08
323,Austin Osborne,hicksandrew@example.net,Italy,2021-07-24,Premium,1005.66
2032,Michael Hanson,tanyaferrell@example.net,Norway,2020-01-10,Premium,47786.0
814,Nicholas Payne,amandawarren@example.net,United Kingdom,2025-08-27,Basic,30834.59
8940,Tracey White,tibarra@example.net,Brazil,2025-01-28,Standard,48997.85
9376,Jesse Hinton,goldenthomas@example.net,Japan,2021-07-29,Basic,9767.78
1080,Sarah Randolph,mtrujillo@example.net,France,2021-03-27,Standard,20034.36
2227,Felicia Wright,jgraves@example.com,Italy,2025-12-04,Premium,7475.78
9137,Kathleen Randolph,dennistony@example.org,New Zealand,2021-03-25,Premium,17032.97
9532,Jeffrey Mcdowell,daniellebishop@example.com,Mexico,2022-05-02,Standard,1448.68
2706,Noah Morgan,oholmes@example.org,Argentina,2024-12-11,Standard,44686.74
6825,Chelsea Long,lloydcheryl@example.org,Italy,2022-05-05,Premium,2400.29
7557,Tracey Bailey,audreyweaver@example.com,Canada,2020-09-23,Standard,12163.38
1165,Andrew Cruz,hoganeric@example.net,Japan,2022-11-08,Standard,23425.76
3262,John Robles,gilllaura@example.org,France,2023-04-13,Premium,43004.09
4688,Sharon Snow,mcintoshkyle@example.com,Australia,2021-06-21,Standard,6856.8
1451,Amanda Nash,idawson@example.com,Japan,2022-12-14,Standard,41205.51
3863,Erica Rose,averystephanie@example.com,United States,2022-07-08,Premium,14547.51
6104,Kelly Brown,jeansummers@example.com,Germany,2024-01-05,Basic,16631.99
9216,Kevin Robinson,courtneyanderson@example.org,Norway,2026-02-04,Standard,43708.14
7121,Mark Hill,maureen98@example.com,India,2020-05-18,Premium,26124.41
6399,Kathryn Morgan,glawrence@example.org,Sweden,2021-04-27,Premium,32895.39
9589,Brian Wilkins,erin18@example.com,Sweden,2024-03-25,Standard,26960.2
6215,Tonya Parker,michaelgonzalez@example.org,Sweden,2021-08-15,Premium,17820.78
9646,Howard Golden,catherineburke@example.net,Netherlands,2022-02-17,Basic,27771.24
5337,Emma Chan,justinthompson@example.com,France,2024-03-21,Standard,16572.21
4057,Desiree Thomas,thompsonlisa@example.net,Switzerland,2021-12-29,Premium,31543.31
9512,Lori Mullins,larrymorris@example.com,United States,2021-12-29,Basic,32531.29
3000,Tracie Wiley,amber65@example.org,Mexico,2020-05-06,Premium,37735.05
9025,Michael Hernandez,ycook@example.com,Sweden,2023-02-03,Basic,27566.86
1232,Eddie Adams,williamcampbell@example.org,Sweden,2020-08-08,Basic,27444.83
1515,Melissa Jensen,wiseralph@example.com,Sweden,2024-06-16,Basic,22451.37
2314,Melissa Clark,hansenlarry@example.com,Argentina,2024-02-02,Basic,49682.5
1452,Sara Evans,gregory04@example.com,United Kingdom,2023-06-12,Basic,15332.53
5268,Donald Cole,judymueller@example.org,Mexico,2026-02-17,Premium,11840.54
6132,Jeffrey Watts,browncharles@example.net,United States,2021-02-25,Standard,47552.03
8532,Kelly Martin,pturner@example.com,United Kingdom,2023-10-09,Premium,46935.38
6465,Kimberly Brewer,kari63@example.com,Sweden,2022-05-11,Premium,21771.65
839,Peter Thompson,jonestanner@example.com,Singapore,2023-01-24,Premium,28292.04
9916,David Skinner,angelamann@example.org,Italy,2020-07-11,Standard,21750.08
8262,William Reynolds,owilliams@example.org,Japan,2020-09-12,Premium,7666.43
6415,Jason Woodward,tina78@example.net,Italy,2021-05-25,Basic,15025.22
8505,Mr. Matthew Peterson,kristygonzales@example.net,Spain,2024-10-03,Basic,15677.08
3568,Juan Nichols,wcollier@example.org,Australia,2026-02-27,Basic,29737.2
9265,Timothy Dunlap,johnfox@example.org,India,2023-01-25,Basic,23706.25
3088,Christina Patrick,ashleyguerrero@example.org,Mexico,2020-01-21,Premium,23813.58
8644,Jennifer Snow,claire19@example.org,United Kingdom,2020-10-10,Standard,24146.55
1715,Jeffery Nelson,richard88@example.net,Switzerland,2020-12-03,Standard,39068.94
340,Robert Arnold,brandonkennedy@example.org,Argentina,2023-12-05,Standard,34098.58
9564,Anna Frey,cunninghambrian@example.org,Argentina,2020-04-29,Premium,388.29
5943,Jeffrey Weaver,christopher76@example.net,Australia,2025-08-07,Basic,33146.23
9870,Roberta Johnson,deborah45@example.com,Germany,2025-07-29,Standard,30165.72
8103,Wendy Horne,benjamin51@example.com,South Korea,2025-04-23,Standard,5244.82
8489,April Cummings,bradleymatthew@example.com,Argentina,2022-09-26,Standard,28143.95
589,Jennifer Goodwin,bvalencia@example.org,Argentina,2020-08-26,Standard,31271.27
3366,Lisa Johnson,agarcia@example.com,Argentina,2025-10-29,Standard,18807.13
2671,Richard Morales,rmitchell@example.net,Italy,2023-07-23,Premium,43311.33
3590,Katherine Flores,johnsonrichard@example.org,Japan,2022-04-05,Premium,3110.13
35,Dr. William Warren,,United Kingdom,2022-05-17,Premium,25904.33
29,Elizabeth Perkins,,Australia,2024-05-10,Premium,25839.55
8554,Madison Boyd,daniellawrence@example.org,Australia,2020-02-19,Basic,1959.34
8118,Jennifer Austin,iarnold@example.net,United Kingdom,2021-07-06,Premium,7791.09
2171,John Russell,cindy83@example.org,India,2022-11-23,Standard,46430.2
8378,Julie Smith,afisher@example.com,Sweden,2022-06-28,Basic,24963.22
5621,Mary Wilkinson,jenniferclark@example.org,Netherlands,2024-02-14,Standard,5899.74
890,Ralph Yoder,catherineblair@example.net,Spain,2025-04-04,Premium,43568.93
6490,David Skinner,renee96@example.com,Spain,2022-05-08,Basic,31876.34
3323,Jennifer Phillips,stevensonashley@example.com,Argentina,2020-12-06,Premium,17299.73
9397,Tonya Hess,thompsonallison@example.org,United States,2022-10-31,Premium,5566.79
3515,Janet Delgado,sara62@example.com,Brazil,2023-12-21,Standard,34624.66
4421,Jennifer Edwards,heatherbrown@example.com,Japan,2022-09-22,Premium,21637.14
8352,David Adams,rothlori@example.net,Australia,2021-03-15,Basic,24828.37
5362,Michael Travis,cruzmegan@example.net,Japan,2023-04-12,Standard,36558.17
3734,Chad Hurley,jonestheresa@example.com,India,2023-10-10,Premium,18906.65
9464,Pamela Walton,smithdavid@example.net,Mexico,2024-02-14,Basic,21179.88
7082,Jordan Nixon,johnsonian@example.org,Japan,2022-01-06,Basic,21283.17
1655,Robert Walker PhD,christopher07@example.net,Switzerland,2024-04-30,Premium,10419.93
5033,David Simpson,ssmith@example.org,Japan,2021-06-05,Basic,26344.95
224,Gary Jackson,lebrent@example.org,Argentina,2025-12-25,Basic,4358.68
8626,Mary Cruz,peckvictoria@example.com,Australia,2021-07-09,Standard,24276.51
6195,Jennifer Allen,martinezlee@example.net,Canada,2023-03-11,Basic,34061.15
1591,Haley May,ywallace@example.org,New Zealand,2025-12-20,Standard,18352.71
5983,Phillip Fowler,matthewwolfe@example.com,United States,2023-01-12,Premium,9036.92
3257,Austin Grant,frankjackson@example.org,Italy,2022-10-20,Premium,31881.43
6681,Angela Patel,avilaomar@example.net,Switzerland,2024-05-08,Standard,38784.42
4771,Sarah Nelson,reyesamber@example.net,Japan,2022-09-18,Standard,44575.73
2182,Sara James,stephenperez@example.com,South Korea,2025-10-15,Standard,29101.04
6804,Donna Reese,paigewilliams@example.com,United Kingdom,2025-12-05,Basic,21115.67
4914,George Rogers DDS,richardsonnicole@example.org,Australia,2024-02-19,Basic,30224.46
6787,Karen Novak,brookedavis@example.net,Singapore,2025-11-06,Premium,1237.55
4790,Justin Davis,robertschultz@example.org,Mexico,2020-04-30,Standard,2002.66
1210,Jonathan Clark,eric38@example.net,Brazil,2023-03-25,Premium,30446.92
422,Sherry Woods,michaelwood@example.org,Netherlands,2022-05-10,Standard,35901.68
8741,Frank Foster,salinasjason@example.org,Germany,2024-03-16,Standard,37187.74
1707,Tiffany Anderson,megan40@example.org,Singapore,2022-10-04,Basic,37408.25
1159,Michael Martin,dcarpenter@example.net,Brazil,2024-03-11,Basic,37687.77
2307,Jennifer Sullivan,perezfrank@example.net,Brazil,2022-08-04,Standard,28862.3
274,Shelly Spencer,ibrock@example.com,Canada,2022-10-23,Basic,39943.83
172,Theresa Williams,hbowman@example.org,United Kingdom,2021-01-26,Basic,34499.99
3957,Sandra Alvarez,oconnellkristina@example.net,Spain,2020-09-21,Basic,32956.99
6697,Benjamin Chavez,elizabeth26@example.org,Netherlands,2026-05-02,Standard,15200.53
3189,Amanda Barber,milleradam@example.org,Sweden,2023-08-24,Basic,17658.7
8133,Roger Buckley,charlesrodriguez@example.org,Germany,2024-03-31,Standard,38805.36
4809,Elizabeth Williams,jeffreywolf@example.net,Singapore,2024-10-27,Basic,33527.49
8084,Melanie Fischer,iobrien@example.com,Sweden,2025-05-23,Basic,10670.82
1565,Joshua Richardson,kevinwallace@example.com,Italy,2021-06-05,Premium,2138.05
1783,Sandra Torres,ricardobenitez@example.net,Switzerland,2024-10-10,Standard,4239.23
844,James Nguyen,martinezrenee@example.com,France,2023-08-08,Basic,27856.37
9346,Erika Weaver,williamsjessica@example.com,Sweden,2024-04-19,Standard,29988.64
4462,Traci Wilson,jennifermcguire@example.com,United Kingdom,2023-07-08,Standard,10634.29
905,Julie Delacruz,benjamin76@example.net,France,2025-10-22,Standard,10102.97
5912,Malik Washington,quinnchristopher@example.org,France,2020-11-02,Premium,27474.7
9951,Claudia Black,jenniferramirez@example.com,United States,2024-12-20,Standard,3110.71
9298,Bradley Walker,awilson@example.com,Spain,2020-12-24,Standard,40403.84
1548,Mrs. Bethany Phillips,stephanie87@example.net,Netherlands,2021-02-06,Premium,17036.73
2081,Theresa Colon,mossalec@example.net,Italy,2022-05-25,Premium,43871.48
9882,John Short,smithbill@example.org,Mexico,2021-05-04,Premium,11338.21
3986,Sarah Mueller,christopherreyes@example.org,New Zealand,2021-02-14,Standard,32796.19
6390,Michael Thompson,richard85@example.net,Italy,2022-01-14,Basic,6322.0
7580,Michelle Caldwell,greenpatricia@example.com,United States,2026-04-27,Basic,29303.65
9246,Peter Thomas,blankenshipkevin@example.com,Argentina,2020-11-06,Basic,649.43
6568,Matthew Krause,robertcharles@example.com,Italy,2020-09-23,Premium,28781.57
8207,Paul Wilson,bblack@example.org,Argentina,2021-08-20,Standard,8065.56
3821,Ana Higgins,icarlson@example.org,Germany,2022-02-07,Basic,24606.68
2647,Andrew Williams,vpace@example.org,Italy,2022-06-12,Basic,20996.54
4455,Paul Scott,davidanderson@example.net,Sweden,2021-04-08,Standard,46578.35
7160,Marissa Smith,kmurphy@example.net,Japan,2025-11-14,Premium,43580.99
8222,Dawn Pena,nhoward@example.com,Netherlands,2022-08-01,Standard,15414.42
8597,Robert Foley,franklintracie@example.com,Japan,2020-11-11,Premium,8008.71
9590,Jasmine Carson,pittmanadam@example.net,France,2022-05-26,Basic,26035.84
6072,Cynthia Tucker,christinewolfe@example.net,New Zealand,2024-03-20,Standard,33319.83
2156,Catherine Smith,omoore@example.net,Germany,2020-12-19,Premium,41123.47
6713,Tara Thomas,kelsey24@example.org,New Zealand,2025-01-29,Premium,14277.77
3716,Amy Diaz,douglas59@example.net,Germany,2024-12-03,Basic,35281.93
4058,Amy Wright,joseph62@example.com,South Korea,2025-09-21,Premium,48304.11
5953,Kristin Hickman,michelle87@example.net,Singapore,2020-06-02,Basic,9468.28
3103,Ashley Ruiz,aliciamcfarland@example.org,Mexico,2020-12-22,Standard,19606.74
559,Kyle Nguyen,kathleen74@example.org,Germany,2026-07-01,Basic,43248.06
4611,Joseph Davis,jeffward@example.net,Japan,2022-06-04,Premium,8101.23
6979,Daniel Price,steve96@example.net,Netherlands,2024-09-08,Premium,13156.13
1437,Richard Hunt,millermonique@example.com,Argentina,2026-03-03,Premium,18118.07
508,Justin Walker,rhowell@example.com,Sweden,2023-06-29,Basic,16285.81
1870,Erica Johnson,millerjulie@example.net,France,2020-02-27,Premium,40595.74
756,Alison Brown,justinreeves@example.net,Japan,2023-01-12,Standard,32320.55
5420,Sherry Patterson,owashington@example.org,Switzerland,2026-06-06,Standard,17869.61
4051,Kevin Young,arussell@example.net,India,2020-06-09,Basic,3247.06
8090,Robert Bailey,debra36@example.net,South Korea,2020-12-19,Standard,12348.45
3837,Brendan Kelly,thomas09@example.org,Argentina,2021-12-09,Standard,7748.24
2119,Lori Ferguson,alexis06@example.org,Norway,2026-06-03,Basic,5372.43
6153,Anthony Good,ugill@example.com,Switzerland,2025-08-06,Basic,8249.24
7809,John Olson,patrick31@example.org,India,2024-01-10,Basic,48865.07
502,Larry Harris,sarahwilliams@example.net,Switzerland,2024-11-28,Standard,43395.7
6260,Jennifer Hatfield,jeffreyward@example.net,India,2022-05-02,Basic,45973.07
9744,Ryan Joseph,andersoncassandra@example.net,France,2022-04-13,Standard,39671.92
1540,Ann Montoya,judyewing@example.net,Germany,2020-02-17,Premium,43245.68
6142,Allison Murray,jennifer19@example.net,Singapore,2025-06-01,Premium,5241.24
1212,Christopher Anderson,ejones@example.net,South Korea,2022-07-16,Standard,46441.43
9123,Jessica White,dennis27@example.org,Japan,2020-04-22,Standard,13146.41
673,Brandi Haney,ilewis@example.com,Italy,2021-02-10,Premium,15788.16
3378,Sarah Stewart,raymondjanet@example.com,United States,2026-03-12,Premium,28368.88
8784,Alexander Terry,joneschris@example.org,Australia,2021-12-06,Standard,36002.07
1465,Lee Stewart,wilsonann@example.net,Norway,2020-02-25,Basic,44448.25
1193,Susan Porter,brownstephanie@example.org,Argentina,2020-02-13,Basic,546.92
6985,Ronald Juarez,cherylgreen@example.org,Canada,2021-08-20,Premium,20255.96
1873,Brent Reed,gary05@example.net,India,2024-11-30,Standard,774.03
3591,Julie Martin,kristenvillarreal@example.org,Sweden,2023-06-26,Standard,19158.22
6727,Rebecca Dean,yjones@example.com,Japan,2022-12-01,Standard,5349.65
506,William Harrison,torresbradley@example.net,Argentina,2023-12-15,Premium,23331.17
8119,Randy Flores,fcross@example.org,Japan,2024-03-04,Standard,11766.85
507,Suzanne Wood,pthompson@example.com,France,2021-04-02,Premium,24678.97
9450,Paul Acosta,christian72@example.org,Canada,2020-05-10,Standard,24698.08
7132,Stanley Cain,jonesdiane@example.com,India,2025-08-09,Standard,5823.58
4808,Kenneth Williams,millerdavid@example.org,Mexico,2026-06-04,Premium,6311.38
7304,Christopher Powell,harrisoneric@example.org,Germany,2021-01-03,Standard,5984.33
1774,Robert Waller,geraldandrews@example.net,Mexico,2023-04-14,Premium,6442.11
6855,Mrs. Amy Sharp,ernest31@example.org,Netherlands,2023-06-10,Standard,29830.32
4907,Carlos Kirk,morrisjohn@example.org,United Kingdom,2022-01-10,Standard,6222.52
798,Jenna Gamble,jgaines@example.com,South Korea,2024-10-23,Premium,39024.04
8786,Dennis Turner,vrich@example.com,United Kingdom,2024-09-26,Premium,19229.41
7071,Crystal Beltran,sarah31@example.com,South Korea,2022-03-08,Basic,29559.78
2830,Nancy Stewart,kmartinez@example.org,Netherlands,2022-07-09,Premium,14586.6
9320,Ronald Crawford,cookamanda@example.com,Germany,2021-03-29,Standard,41065.19
8738,Dana Jennings,justinbrown@example.net,New Zealand,2022-12-04,Basic,748.35
313,Monica Miller,michaelvalencia@example.net,Sweden,2021-10-06,Premium,40432.89
747,Russell Murphy,lorithompson@example.com,France,2023-10-23,Basic,46064.32
3570,Keith Wright,stacygrant@example.net,Singapore,2024-11-18,Standard,8018.18
791,Eric Taylor,bryanlee@example.org,United Kingdom,2023-09-20,Standard,47351.96
2477,Cory Thomas,sharon13@example.com,Norway,2025-08-03,Premium,2428.8
9326,Sarah Garner,austinpaul@example.com,Brazil,2025-05-31,Standard,18295.51
2571,Courtney Smith,wilkersonadam@example.org,Canada,2024-08-25,Basic,12372.84
5287,Cynthia Tran,cindygarrett@example.org,Germany,2020-10-29,Standard,29594.37
5216,Bethany Baxter MD,lisa37@example.net,Japan,2024-04-14,Basic,10150.37
2164,Eric Russell,hkim@example.net,Mexico,2024-07-13,Standard,39712.91
6578,Jim Foster,brownkevin@example.org,New Zealand,2023-06-15,Standard,5598.08
8450,Michael Parsons,uortega@example.net,Argentina,2024-01-07,Standard,7001.3
381,Robert Morgan,smartinez@example.com,New Zealand,2021-09-24,Premium,46810.11
8509,Mr. Luis Bell,hamiltonangel@example.com,Italy,2025-04-10,Basic,34581.42
1293,Corey Norris,martintracy@example.net,Argentina,2023-01-04,Premium,28272.09
1913,Jack Sandoval,donalddaniel@example.org,Italy,2021-04-15,Premium,26937.53
600,Samuel Wong,shawn83@example.com,Japan,2021-12-04,Basic,75.89
3893,Jennifer Dominguez,jose15@example.com,France,2021-06-10,Premium,31137.93
4142,Jacqueline Winters,anthony29@example.org,South Korea,2022-07-16,Basic,12212.02
1653,Joy Jackson,csoto@example.net,France,2023-07-17,Basic,5102.47
5225,Amber Spencer,sandratate@example.com,Norway,2020-03-06,Premium,40806.93
1894,Catherine Smith,fhall@example.com,Switzerland,2022-02-05,Basic,14703.92
1945,Rachel Taylor,newmanelaine@example.com,France,2021-09-11,Basic,24364.64
3396,Ethan Perez,johnbrown@example.net,South Korea,2024-06-28,Premium,36826.36
5480,Stephanie Lara,james77@example.org,Italy,2025-12-22,Premium,46212.5
9770,Erik David,markellis@example.org,South Korea,2023-03-21,Standard,22422.66
376,Pamela Diaz,richard75@example.net,Netherlands,2023-09-21,Basic,47414.07
1967,Luke Solomon,joshua65@example.net,United States,2024-02-05,Standard,25059.89
3958,Donna Garcia,mhudson@example.com,Singapore,2020-10-30,Premium,5741.22
7136,Arthur Bowen,cardenaslori@example.net,Norway,2023-05-13,Premium,22647.78
7479,Alexandra Gonzalez,michaelherrera@example.org,Netherlands,2021-08-02,Premium,4361.93
4506,Leah Rodriguez,melissa79@example.net,New Zealand,2023-03-25,Basic,5986.31
9581,Andrew Weiss,cortezjonathon@example.com,France,2026-01-14,Basic,48431.95
5289,Jordan Williams,andersontara@example.net,United States,2021-02-22,Basic,22893.2
1472,Mrs. Felicia Castro DDS,ospencer@example.org,India,2025-03-22,Standard,38998.75
3347,Virginia Davis,mjackson@example.net,Canada,2024-04-26,Premium,42352.26
6254,Faith Smith,zsantana@example.org,Germany,2025-06-21,Basic,5953.39
2854,James Gonzalez,mrandall@example.net,New Zealand,2024-02-18,Standard,28101.57
8989,Gina Finley,david95@example.org,Canada,2026-01-14,Standard,37169.3
9776,Mitchell Martin,bridgethoffman@example.net,Singapore,2024-09-08,Basic,13673.98
6460,Kristina Neal,bowenmargaret@example.org,Norway,2020-10-30,Standard,41051.06
4063,Nicholas Moss,jeffrey35@example.net,Mexico,2022-08-25,Premium,8797.35
5864,Aaron Mayer,brianlarsen@example.net,United States,2020-03-08,Basic,43299.57
4307,Matthew Mueller,tammiewhite@example.org,Germany,2024-08-08,Standard,42922.71
4878,Philip Bowen,flemingbrandon@example.net,United Kingdom,2024-12-24,Basic,42553.27
7250,Maxwell Whitaker,paul03@example.com,Sweden,2024-10-17,Basic,22153.03
5274,Keith Garcia,alan00@example.net,Japan,2025-11-09,Standard,47836.36
3991,Ashley Cochran,paigeosborn@example.net,Canada,2024-10-31,Basic,24218.75
1050,Robert Griffin,david97@example.com,New Zealand,2024-09-08,Basic,38085.34
6176,Dr. Kathryn Adams DDS,cameronflowers@example.net,United States,2023-02-10,Premium,18286.03
6927,Susan Rivera,rebecca51@example.net,South Korea,2020-02-11,Premium,34633.2
7865,Ashley Shepard,ocooley@example.net,New Zealand,2023-06-06,Standard,49042.42
2036,Abigail Wilson,nholder@example.com,Sweden,2022-06-29,Premium,7848.32
4040,Eric Moore,fbrowning@example.com,Netherlands,2020-07-09,Standard,19611.6
6876,Chelsea Martin,edwardbaker@example.org,Italy,2022-04-20,Basic,44381.53
9355,David Smith,rmartinez@example.org,Germany,2026-02-23,Standard,11596.65
1973,Terry Barajas,brandondaniel@example.net,South Korea,2023-08-27,Standard,41240.06
5073,Andrew Whitney,alecsmith@example.org,Norway,2023-12-31,Standard,8409.16
2100,Kelly Phillips,stevenscurtis@example.org,South Korea,2021-10-16,Standard,5022.18
1500,April Randolph,aclay@example.net,Mexico,2020-02-28,Premium,14366.48
9613,Anthony Adkins,steven66@example.net,Brazil,2024-08-31,Basic,16118.23
653,Heather Brown,guerracarrie@example.net,Norway,2025-05-19,Standard,24557.41
171,Kayla Rodriguez,bryanjames@example.com,Canada,2026-01-17,Standard,8241.12
4086,Joan Wilson,haasmelissa@example.net,United States,2022-03-09,Premium,35923.44
243,Gwendolyn Klein,heather69@example.net,Norway,2022-07-02,Premium,33287.3
5711,Patricia Boyd,rroberts@example.org,Singapore,2023-10-06,Basic,32075.47
6973,Amanda Franklin,jeffreythomas@example.net,Singapore,2024-02-09,Standard,15080.94
2757,Kristen Gallegos,rebecca93@example.org,Netherlands,2021-05-28,Premium,34027.85
6885,Michael Rivera,reyeschristopher@example.net,Singapore,2024-01-31,Basic,13306.07
5447,Steven Fisher,kennedychloe@example.org,United Kingdom,2025-03-22,Standard,31087.07
2077,Michael Robertson,jenniferhoward@example.net,Spain,2024-07-01,Standard,29404.32
4104,Jennifer Lopez,brittany13@example.net,Germany,2021-11-06,Basic,32250.26
9560,Brittany Collins,amandaphillips@example.com,United Kingdom,2023-12-24,Premium,35260.72
7572,Dana Hanson,ryan41@example.org,South Korea,2022-04-20,Premium,27366.44
9467,Stacy Robertson,josesimpson@example.org,South Korea,2026-02-24,Basic,21160.35
4895,Jesse Murphy,qmartinez@example.org,United Kingdom,2021-11-07,Premium,4393.83
6693,Stacy Stein,holmesgina@example.net,United States,2024-12-18,Basic,49070.71
8055,Latoya Fitzgerald,smckee@example.org,Sweden,2020-09-02,Premium,167.39
5390,Daniel White,ismith@example.com,Canada,2024-09-11,Standard,15895.04
9374,Jonathon Scott,dmckinney@example.org,Italy,2022-03-23,Standard,20377.66
8022,Daniel Martinez,ronald52@example.org,United Kingdom,2021-03-23,Premium,7186.64
8605,Michael Garrison,charles00@example.net,United Kingdom,2021-07-08,Standard,22995.62
4481,Mariah Perry,kyleortega@example.com,New Zealand,2021-01-20,Premium,6387.99
8327,Nicholas Pacheco,dorothyallen@example.net,Spain,2026-04-17,Standard,18399.23
4079,Mitchell Anderson,moranfrank@example.net,Netherlands,2025-09-11,Premium,18215.64
641,Scott Duke,ibrown@example.com,Singapore,2020-08-11,Basic,27274.7
1271,Mrs. Raven Rivera DVM,pharris@example.com,France,2021-07-12,Standard,44488.99
2779,Kevin Christian,emmaalvarez@example.com,United States,2022-01-30,Standard,31118.21
9498,Richard Bond,lbell@example.org,India,2023-07-11,Basic,25204.54
3862,Annette Meyer,biancasimmons@example.net,Singapore,2020-11-23,Premium,43674.8
3481,Jacqueline Kennedy,mlee@example.net,France,2022-04-01,Basic,5761.59
1535,Timothy Andrews,kimberlybryan@example.org,United States,2023-01-31,Premium,38869.14
326,Phillip Berry,masonkevin@example.net,Norway,2024-05-27,Basic,27393.89
2339,Austin Ross,booneteresa@example.com,France,2022-01-23,Standard,14829.37
3981,Bobby Arnold,sara17@example.net,Netherlands,2022-09-02,Basic,39905.49
6878,Nathan Dillon,betty57@example.org,New Zealand,2021-08-09,Premium,4011.62
4055,Lance Macdonald DVM,anthonymendez@example.org,Netherlands,2021-01-03,Standard,10059.28
2238,Kyle Keller,erica31@example.net,Norway,2023-11-21,Premium,17179.37
7107,Vernon Walters,tiffany78@example.com,Italy,2026-02-05,Basic,23525.52
9669,Melinda Little,millerbrittany@example.com,Japan,2026-03-07,Standard,36646.69
4746,Ryan Roman,kwashington@example.org,New Zealand,2025-10-05,Standard,11937.75
865,Samuel Suarez,sharper@example.net,Spain,2022-07-18,Standard,17472.66
6204,Lisa Price,amberdavis@example.net,Singapore,2024-08-11,Basic,43992.73
5509,Barbara Glover,samantha17@example.org,United States,2026-02-24,Premium,2065.5
7430,Dustin Hernandez,mark08@example.net,United Kingdom,2021-08-28,Basic,32558.79
372,Cindy Gomez,farmeranthony@example.org,Canada,2024-09-01,Standard,13508.67
6297,Susan Williams,travisbrady@example.net,Netherlands,2022-09-30,Basic,9905.9
5552,Jenna Velazquez,sandersbrianna@example.org,Spain,2023-10-16,Standard,4490.85
5724,Brian Gross,nicholas32@example.org,Japan,2024-08-03,Premium,7869.31
5900,Wanda Short,austinlaura@example.org,South Korea,2021-06-15,Standard,7961.63
9288,Adam Spencer,ellisandrew@example.com,Canada,2022-10-29,Basic,16249.94
7872,Lisa Robinson,kirbyalexander@example.net,United States,2023-07-04,Premium,11541.85
2365,Hunter Robinson,dmontes@example.org,Norway,2025-03-04,Standard,4938.68
3214,Michelle Wilson,heather02@example.com,Spain,2024-06-15,Premium,47790.3
912,Katherine Welch,melissachapman@example.net,Spain,2022-08-28,Standard,10034.43
9048,Allison Miller,barbara85@example.com,United States,2021-05-06,Standard,49196.57
9791,Ashley Meyer,alan16@example.net,United Kingdom,2021-05-09,Standard,39277.81
7290,Matthew Price,yolandanelson@example.com,Brazil,2024-04-09,Premium,12069.93
9959,Shawna Garcia,matthewjohnson@example.org,United Kingdom,2020-10-09,Standard,48766.65
6537,Sandra Brown,enguyen@example.net,Mexico,2023-03-14,Standard,2189.91
9193,Brooke Schwartz,alexanderyang@example.org,Argentina,2020-06-09,Premium,15167.35
1424,Kelli Mccoy,tammy78@example.net,Sweden,2023-10-13,Standard,45706.42
9808,Lauren Robinson,gdunlap@example.org,Italy,2023-09-20,Standard,39131.34
480,Amy Gordon,wjones@example.com,Australia,2020-05-19,Basic,39719.43
663,Danielle Watson,philiproberts@example.org,Spain,2021-09-03,Premium,299.64
4477,Susan Snyder,christinagrant@example.org,United Kingdom,2020-06-19,Basic,25677.87
8983,Anna Morse,stephanie18@example.com,United States,2025-08-25,Basic,11021.5
8078,Dean Evans,brandy14@example.net,Switzerland,2020-03-13,Standard,13648.3
2989,Eric Fitzgerald,browneugene@example.net,Canada,2020-03-08,Basic,16999.56
1120,Mitchell Wilson,whitekaren@example.org,New Zealand,2022-08-10,Standard,38564.98
2777,Patrick Garcia,wolfebrittney@example.com,United Kingdom,2022-11-20,Premium,9468.97
9836,George Byrd,jennifer62@example.net,Mexico,2025-11-15,Standard,41462.29
5004,Melody Stevens,sparkscraig@example.org,Canada,2022-04-07,Premium,1813.52
6650,Tonya Jones,jbrown@example.net,Argentina,2021-02-12,Standard,19535.33
7255,Daniel Jones III,boyertammy@example.net,Singapore,2022-06-14,Basic,15068.6
4428,Michelle Mcbride,mindy83@example.org,France,2023-09-06,Standard,40606.83
7432,Jody Rogers,strongmichele@example.com,Switzerland,2025-09-11,Premium,28854.6
3982,William Weber,ostevenson@example.org,Germany,2020-01-21,Standard,14365.84
6352,Crystal Pierce,williamsanthony@example.net,Japan,2026-06-02,Basic,32473.87
2894,Alexander Hunt,hocarolyn@example.org,Spain,2024-02-16,Basic,7735.14
2670,Carol Christensen,ryan12@example.org,South Korea,2020-10-30,Standard,42834.85
3978,Taylor Williams II,wilsonlaura@example.com,South Korea,2025-03-09,Basic,18500.21
5260,Nicole Mcbride,mackrebecca@example.org,United States,2021-02-19,Standard,44089.7
280,Cynthia Vang,lauradixon@example.org,Brazil,2024-02-24,Premium,41947.46
6731,William Wood,danielwalter@example.com,United States,2020-01-02,Basic,4768.16
6105,Joshua Ramos DDS,devin22@example.org,Brazil,2021-03-03,Standard,20779.25
7021,Michelle Burton,steven87@example.org,Argentina,2023-10-14,Premium,9047.63
1695,Rachel Little,qcook@example.com,India,2023-06-10,Basic,41361.42
8913,Elizabeth Carney,alexandra04@example.org,India,2020-01-11,Standard,33073.72
3480,Sarah Sanchez,andrew39@example.net,Mexico,2024-09-06,Basic,20332.35
4417,Andre Farrell,baldwinkaren@example.com,Sweden,2023-09-28,Standard,11778.67
7593,Deborah Small,nicoleclark@example.net,United Kingdom,2021-12-07,Standard,45961.34
6283,Kathryn Shields,ojoyce@example.com,Argentina,2024-12-22,Standard,6348.85
5604,Heather Barry,masseyjames@example.com,Sweden,2020-10-04,Premium,44289.92
8620,Natasha Watkins,bryce80@example.net,New Zealand,2020-07-15,Standard,48482.71
7781,Aaron Schneider,bridgesdustin@example.org,Australia,2024-10-03,Premium,28367.58
4297,Darryl Richardson,william61@example.com,New Zealand,2026-04-22,Basic,22407.02
4594,Miguel Reeves,michaelmartinez@example.com,Germany,2021-09-30,Basic,27058.85
4845,Linda Holt,xkim@example.org,Japan,2022-10-02,Basic,23784.05
2210,Krystal Jones,jacobsonamy@example.com,South Korea,2021-09-22,Basic,17134.79
7606,Terry Brown,rnelson@example.org,India,2026-02-17,Standard,7085.15
5502,Joyce Kelly,jweaver@example.com,United States,2024-07-25,Premium,42022.58
185,Christian Leblanc,bethmiller@example.net,Argentina,2020-08-18,Basic,30676.39
4801,Megan Miller,ericbrown@example.com,Argentina,2020-10-30,Standard,5649.88
4846,Dorothy Anderson,lsmith@example.org,Argentina,2020-02-29,Standard,17300.8
2351,Johnny Riddle,kenneth43@example.org,Australia,2020-07-10,Standard,2546.27
554,Nancy Stewart,sallen@example.com,Switzerland,2023-12-18,Basic,22887.63
1398,Brandy Forbes,paulatkins@example.org,Spain,2023-02-14,Basic,42387.54
1385,James Moore,adamsjames@example.com,United States,2025-08-22,Standard,48299.38
9183,Elizabeth Dean,kennethsmith@example.net,Argentina,2021-10-23,Standard,21959.65
9818,Willie Munoz,judyweber@example.org,South Korea,2020-12-17,Standard,48886.33
298,Richard Cooper,frankwood@example.com,United Kingdom,2023-12-23,Standard,43218.25
444,Jonathan Jacobson,xfarley@example.net,Argentina,2022-05-22,Premium,15220.55
7339,Matthew Roberts,melaniehoward@example.net,United States,2022-04-05,Premium,9503.37
2078,Michelle House,olivia88@example.com,Norway,2023-07-28,Basic,20148.61
7816,Joseph Miller,jennifer94@example.org,South Korea,2025-01-06,Basic,2340.37
2230,Patricia Harvey,gregory39@example.org,Brazil,2024-12-05,Standard,35284.7
2843,Kelly Hubbard,fbest@example.net,Sweden,2024-08-22,Premium,15026.6
2538,Mr. Jeffrey Duncan,bbrooks@example.org,Japan,2022-03-09,Standard,23848.55
8146,Robert Hawkins,marvin05@example.net,Singapore,2021-03-17,Standard,31090.99
9537,Justin Howard,zhayden@example.net,South Korea,2022-09-29,Premium,22625.05
6444,Paul Chaney,ymartinez@example.org,United Kingdom,2020-08-14,Basic,24099.19
3368,Dawn Garrett,staceybailey@example.org,Germany,2024-04-06,Basic,3182.61
4487,Eric Short,josephguerra@example.org,Switzerland,2025-03-14,Basic,18506.34
2579,Linda Atkinson,kimberlyjones@example.net,Spain,2021-05-31,Standard,10843.43
1132,Matthew Baker,prodriguez@example.org,France,2021-02-20,Standard,16245.31
4819,Nicholas Obrien II,bdougherty@example.com,Germany,2021-05-20,Basic,32326.67
321,Meghan Cisneros,vdennis@example.net,Canada,2022-11-19,Premium,49729.39
1372,Deanna Webb,jjones@example.net,Argentina,2022-11-13,Standard,15915.14
4043,Renee Shields,castromichelle@example.org,India,2021-10-10,Basic,44491.37
9126,Michael Brown,ibrown@example.net,Argentina,2023-09-15,Basic,13609.05
5146,David Mendoza,christopher52@example.org,Netherlands,2020-11-23,Basic,38905.56
908,Edwin Brown,jessica25@example.org,Australia,2026-06-28,Basic,19287.25
9427,Ian Sullivan,jasonsweeney@example.com,Singapore,2024-01-22,Premium,41558.11
3951,Nancy Liu,jkirby@example.com,South Korea,2022-11-30,Premium,46455.63
6146,Jordan Wilkerson,idiaz@example.org,Sweden,2023-07-12,Standard,16880.72
8887,Mckenzie Vega,brandy23@example.org,Italy,2022-01-17,Premium,25847.83
6696,Manuel Smith,bradshawjennifer@example.com,Netherlands,2026-05-30,Standard,17979.39
4978,Chase Burnett,lisa91@example.net,Italy,2025-03-15,Standard,47722.74
6093,Jonathan Gallagher,katelyn33@example.org,Argentina,2025-04-23,Basic,33699.36
8409,Antonio Hughes,smithtara@example.com,Italy,2020-01-05,Premium,2083.13
927,Travis Hull,rosetyrone@example.com,France,2026-06-20,Basic,42480.57
6144,Jerry Martin,cmccarthy@example.net,France,2026-01-09,Standard,31595.69
16,Jessica Gross,,Argentina,2025-11-05,Standard,49600.69
144,Ashley Hall,bhunt@example.net,Mexico,2026-03-09,Premium,10323.44
2364,Phillip Byrd,wkelly@example.net,Germany,2023-09-06,Standard,24303.5
130,Sara Fuller,jennifer91@example.com,Switzerland,2023-04-25,Standard,30788.02
1162,Vincent Smith,denise47@example.net,Spain,2021-05-25,Premium,36609.88
7552,Marissa Dorsey,kschwartz@example.com,Norway,2022-11-12,Basic,3994.75
6130,Jason Rodriguez,hartrichard@example.net,Brazil,2026-05-22,Premium,21440.14
4666,James Jenkins,normanjacob@example.com,Singapore,2020-10-10,Standard,29063.0
5661,Maria Sullivan,kathrynmartin@example.net,Sweden,2021-07-10,Basic,21643.52
6461,Cory Parsons,katherine62@example.org,Canada,2022-10-06,Premium,20426.39
1877,Alejandro Nguyen,joyceobrien@example.net,Australia,2024-05-20,Premium,21670.47
2489,Michael Wiggins,deangina@example.com,New Zealand,2023-06-18,Premium,20415.08
5328,Anne Chambers,christina08@example.net,Australia,2026-05-10,Basic,30296.23
9362,James Martinez,joanne96@example.com,Brazil,2020-11-15,Basic,33643.02
1183,Kristine Carrillo,mthompson@example.net,Sweden,2023-04-13,Basic,4174.35
6136,Peggy Young,deborahgreen@example.org,Italy,2020-01-13,Basic,26135.76
6378,Joseph Zavala,shaun46@example.net,Netherlands,2025-01-25,Basic,20756.79
1171,Christopher Johnson,amber83@example.org,United Kingdom,2026-02-24,Premium,12004.84
2183,Mark Richards,christine91@example.com,India,2022-08-24,Premium,29995.75
3372,Amanda Johnson,kevinsmith@example.net,Spain,2025-03-06,Standard,16732.21
8041,Maria Williams,xjones@example.com,Switzerland,2021-06-20,Standard,39356.22
1860,Tiffany Johnson,shawn60@example.org,Japan,2026-06-05,Standard,46915.95
4861,Rachel Patel,bortiz@example.net,Australia,2022-12-31,Premium,2155.99
9256,Heather Simpson,ryanmurphy@example.org,New Zealand,2021-12-26,Premium,9760.18
8346,Maria Garcia,keithkent@example.net,Singapore,2024-09-26,Premium,37890.09
7348,Michelle King,josephreese@example.org,United States,2021-09-29,Premium,19976.03
4865,Nicole Price,michelle14@example.net,New Zealand,2024-01-19,Standard,22684.63
9887,Andrew Brock Jr.,katherinemiles@example.com,New Zealand,2023-12-22,Premium,40007.14
6389,Thomas Mills,heidijames@example.com,Norway,2022-08-23,Premium,7062.11
3122,Cory Kim,kirkjackson@example.com,Norway,2025-11-28,Standard,29086.24
388,Kim Erickson,kbarton@example.net,Australia,2023-12-10,Premium,9482.28
7786,Dana Snyder,pwagner@example.org,South Korea,2025-03-11,Standard,11456.68
1033,Justin Anderson,philipcortez@example.net,Singapore,2026-05-28,Premium,13315.44
7853,Jesse Anderson,benderstephen@example.com,Spain,2020-10-14,Standard,28112.51
5419,April Bailey,ncurtis@example.com,Singapore,2022-07-10,Premium,49580.14
932,Amber Vang,riddlejames@example.net,United Kingdom,2020-06-13,Premium,21085.56
4020,Andrea Baker,adamhill@example.net,Australia,2021-04-10,Standard,40173.82
692,Antonio Mccormick,timothy95@example.net,Japan,2021-09-27,Standard,11984.17
5299,Mary Henderson,williamespinoza@example.net,Switzerland,2026-04-24,Standard,37224.39
6659,Ashley Greene,denise48@example.com,Norway,2024-01-25,Basic,30836.07
830,Derrick Brown,johnchan@example.org,New Zealand,2026-02-26,Premium,20490.51
3499,Alyssa Weber,johnsonmanuel@example.net,Brazil,2022-05-25,Basic,3150.2
2082,Brian Soto,morganwells@example.org,Switzerland,2024-09-16,Standard,39583.36
9441,Nicholas Turner,brooksdebra@example.org,South Korea,2022-01-31,Basic,22658.77
45,Justin Torres,,United States,2025-11-25,Standard,34754.99
3940,Charles Rodriguez,michelle59@example.com,Mexico,2020-04-05,Premium,25999.04
5258,Lance Robinson,theodore82@example.com,New Zealand,2022-03-20,Basic,47053.34
8438,Jason Kelley,dianeperez@example.com,Netherlands,2023-12-25,Premium,32318.55
4320,Christopher Rodriguez,tdougherty@example.net,Switzerland,2021-07-20,Standard,31770.66
2966,Katie Brown,martinezhenry@example.org,Italy,2026-02-07,Basic,12925.31
3970,Chad Evans,johngordon@example.net,Australia,2025-01-15,Basic,592.01
1188,Kelli Smith,youngjared@example.com,France,2020-05-11,Basic,32351.21
285,Aaron Miller,rebecca73@example.org,Argentina,2026-06-11,Standard,17510.51
8874,Sarah Pierce,theresasmith@example.com,Singapore,2026-03-18,Standard,11576.62
4160,Kelly Weiss,iwashington@example.net,Netherlands,2026-04-12,Premium,34380.4
3093,Luke Hansen,uterry@example.com,India,2025-09-13,Basic,48863.0
4557,Corey Rodriguez,vasquezjennifer@example.com,Netherlands,2026-02-19,Standard,41611.36
4585,Antonio Cole,dnixon@example.org,Sweden,2024-09-03,Basic,44019.63
4324,Joshua Powell,regina57@example.com,Mexico,2023-04-23,Premium,40977.48
5505,Kyle Perry,dave51@example.org,South Korea,2023-11-05,Premium,32861.28
7075,Sabrina Henderson DVM,kevin93@example.com,Netherlands,2021-04-02,Premium,45651.92
3365,Jacob King,christina41@example.org,Norway,2022-12-27,Basic,34267.29
8026,Erik Williams,qmclean@example.com,Singapore,2021-06-01,Standard,7659.43
3196,Eileen Sanchez,kimberly68@example.net,Spain,2020-12-05,Basic,32656.49
8811,Terry Owens,wandaharvey@example.net,Germany,2020-02-02,Premium,18824.16
970,Matthew Wright,schmittgeoffrey@example.org,Singapore,2024-01-01,Basic,18124.53
3735,David Peters,crystal40@example.org,India,2022-07-14,Standard,40161.72
926,Steven Howard,jamesmcclure@example.org,New Zealand,2024-05-08,Basic,15881.89
9497,Patricia Hall,mullinsterri@example.org,Australia,2021-10-23,Premium,15705.02
6452,Steven Bailey,christina45@example.net,Brazil,2020-09-24,Basic,33640.18
8798,Mary Brady,chenderson@example.org,Norway,2020-09-20,Premium,38523.64
2852,Kevin Johnson,stephanie36@example.com,United States,2025-11-25,Premium,49194.31
5181,Blake Vega,pcohen@example.com,New Zealand,2021-03-12,Premium,19627.89
6724,Mariah Brown,mkennedy@example.org,Netherlands,2021-12-19,Standard,46270.15
9323,Nicole Clark,melanie12@example.com,India,2021-04-24,Premium,1543.89
7811,Mitchell Deleon,peter63@example.org,Argentina,2025-09-18,Standard,26937.97
4472,Gerald Price,justinsmith@example.com,United Kingdom,2024-12-11,Standard,14016.46
5169,Rachel Franco DDS,ashley96@example.com,United States,2022-06-24,Basic,13341.79
4349,Marc Mitchell,wilsonamy@example.net,United Kingdom,2024-07-02,Basic,44704.22
7904,James Stanley,lorirobinson@example.net,United Kingdom,2022-09-10,Basic,23455.66
3627,Scott Stein,sarabyrd@example.net,New Zealand,2021-02-22,Standard,44232.84
1790,Lauren Cunningham,victoria80@example.com,France,2024-08-02,Standard,11935.59
8294,Michelle Armstrong,lholden@example.com,Canada,2021-12-22,Premium,18138.53
2060,Corey Cooper,mendozabrandon@example.net,Canada,2024-09-01,Basic,28866.69
4014,Paul Brown,travis20@example.com,France,2021-10-13,Basic,45351.2
1903,Jason Colon,randallpowers@example.org,Sweden,2020-04-13,Standard,41612.4
5574,Bryan Richardson,martinscott@example.com,Sweden,2025-08-30,Standard,3626.45
6926,Kimberly Curtis,reevesandrew@example.org,Argentina,2020-01-07,Standard,33662.4
76,Kimberly Gutierrez,noatsign025example.com,Sweden,2024-10-01,Premium,27621.4
2346,Judith Bartlett,nicole28@example.net,Australia,2025-05-17,Premium,24308.28
5485,Lori Roberson,jessicadalton@example.net,Germany,2020-12-31,Standard,28515.78
431,Mrs. Virginia Daniels,laura30@example.com,Singapore,2026-02-26,Standard,36330.31
4587,Holly Sherman,onelson@example.com,Sweden,2024-08-28,Standard,25557.7
8100,Terri Davis,josejones@example.com,India,2025-09-26,Basic,9283.58
8458,Linda Davis,awolfe@example.net,Australia,2023-07-06,Premium,40707.62
8157,Mitchell Johnson,gjensen@example.com,Japan,2026-02-18,Standard,13270.63
7894,Spencer Jones,bwilliamson@example.org,Canada,2023-02-07,Basic,32125.9
1554,Karen Lopez,pennysanchez@example.org,Norway,2025-02-26,Basic,25030.29
241,Erica Alvarez,william41@example.com,Germany,2023-06-21,Basic,20715.74
784,Daniel Fox,qlong@example.com,Brazil,2024-09-16,Standard,12059.85
3067,Mike Buchanan,jose76@example.com,Canada,2020-09-21,Premium,14314.66
978,Robert West,brownhayley@example.net,India,2023-03-09,Basic,48084.55
2942,Debra Jackson,gfuentes@example.com,France,2022-01-19,Standard,46425.24
5378,Dana Savage,eric73@example.org,France,2023-06-03,Standard,14626.85
4731,Katie Kaiser,hopkinskaren@example.org,Japan,2022-09-03,Premium,34270.0
1621,Cassandra Vasquez,michaelcruz@example.org,Switzerland,2025-10-29,Standard,33548.2
2147,Mary Ortiz,brownlori@example.org,New Zealand,2022-11-09,Standard,36894.61
1802,Kevin Morrow,leslie40@example.com,Argentina,2025-06-01,Premium,16802.27
2096,Angela Edwards,ycline@example.com,India,2025-10-14,Premium,22219.24
6075,Thomas Phillips,pthomas@example.com,Singapore,2023-12-15,Premium,17613.51
5246,Mark Johnson,beth90@example.net,Italy,2024-08-09,Basic,19045.51
1358,Christina Gilbert,barry68@example.com,Netherlands,2023-12-17,Basic,22396.66
8064,Janet Mcclure,sara26@example.org,Argentina,2024-02-09,Standard,13222.92
6051,Tyler Patel,sandra01@example.org,South Korea,2021-03-28,Basic,11308.95
8369,Angela Johnson,jessefoster@example.net,United Kingdom,2025-10-09,Premium,13528.07
6018,Stephanie Santiago,ngraham@example.com,United Kingdom,2020-07-03,Premium,48932.19
9932,Patrick Moore,ahardin@example.org,Switzerland,2025-09-29,Premium,14153.56
8770,Cindy Bradley MD,ryanannette@example.net,Japan,2025-02-27,Standard,8276.52
7504,Margaret Chandler,timbaker@example.net,Italy,2020-05-06,Basic,22104.06
1610,Margaret Erickson,djoyce@example.com,France,2024-07-06,Basic,5988.13
3097,Kyle Rivera,anthonypham@example.net,New Zealand,2026-03-13,Basic,42501.22
9772,Joel Stevens,hallbelinda@example.com,France,2023-05-17,Standard,36471.43
2416,Sally Leon,ymitchell@example.com,United States,2021-09-10,Standard,24634.78
2018,Jessica Simmons,daniel18@example.com,Sweden,2022-04-19,Standard,44186.3
6019,Lauren Kim,sbishop@example.org,Norway,2024-11-13,Premium,22867.99
4126,Rebecca Beard,rvasquez@example.org,Spain,2023-11-15,Basic,20038.79
9803,Michael Rogers,sheryl70@example.com,Spain,2024-12-13,Basic,47398.14
3247,Kayla Waters,alyssa69@example.net,United States,2025-11-11,Basic,26402.45
125,Keith Jennings,pdavis@example.net,Switzerland,2020-07-08,Basic,34428.94
6426,Brian Stokes,johnnelson@example.org,Mexico,2020-12-11,Premium,45997.84
5309,Latoya Howell,xedwards@example.net,South Korea,2025-02-09,Premium,35581.77
7464,Elizabeth Melton,rodriguezbradley@example.com,United States,2020-05-04,Premium,16446.71
9158,Zachary Stark,loganberry@example.net,Brazil,2025-06-25,Premium,10009.26
3342,Dennis Garcia,alexandra05@example.com,New Zealand,2021-11-06,Standard,37381.1
599,Eric Patrick,robertellis@example.com,South Korea,2023-03-16,Standard,7290.57
2124,Brent Dawson,greerjennifer@example.org,New Zealand,2023-11-21,Standard,27014.95
9499,Michael Lopez,jonathancobb@example.org,Germany,2022-12-08,Standard,9603.64
7686,James Patterson,larmstrong@example.net,Spain,2024-01-27,Standard,45326.5
7050,Miguel Williams,gregory95@example.org,India,2021-03-29,Standard,14743.69
9662,Robert Arnold,nicholastorres@example.org,Switzerland,2023-04-09,Basic,14641.66
2198,Heather Hess,victoria39@example.org,South Korea,2021-06-02,Premium,10680.39
4052,Katherine Harrison,trobinson@example.org,Mexico,2021-03-09,Standard,49857.33
6055,Samantha Salinas,joel01@example.net,Mexico,2021-08-08,Standard,10385.69
3363,Alexandra Ramos,millerjenna@example.org,Australia,2021-05-20,Basic,17670.12
6852,Derek Mckinney,mmonroe@example.org,United States,2024-07-15,Basic,32624.9
726,Christie Mccullough,christopher69@example.net,Australia,2024-06-26,Basic,32771.47
4935,Nancy Jackson,kingmichelle@example.net,Japan,2026-05-17,Premium,5418.86
979,Jillian Wilson,murrayrachel@example.org,New Zealand,2022-06-22,Premium,49534.04
809,Joshua Garcia,nicolewade@example.net,Switzerland,2026-01-03,Standard,138.92
9604,Connie Robinson,gabrielle17@example.net,Germany,2025-09-06,Standard,43555.86
1476,Nathaniel Gilbert,fosterluis@example.com,Switzerland,2020-02-17,Standard,39752.34
5936,Chase Choi,brianbaker@example.org,Spain,2020-07-27,Basic,43854.06
9037,Thomas Logan,jdavis@example.net,Mexico,2021-06-25,Basic,45069.09
7336,Michelle Rivera,iwright@example.net,Argentina,2020-07-20,Basic,31420.06
3963,Bridget Wallace,david17@example.org,Germany,2020-02-20,Premium,23741.07
6423,Teresa Carter,reedmaria@example.com,Singapore,2025-02-19,Standard,38078.5
4906,Bonnie Woods,imiller@example.org,Canada,2022-12-14,Basic,13848.27
1236,Nicholas Stanley,millsdanielle@example.org,Brazil,2025-03-05,Premium,16340.35
1226,Heather Nunez,woodsjeremy@example.net,Mexico,2025-12-04,Premium,44359.43
8050,Tyler Green,glenn78@example.org,Germany,2020-12-26,Standard,4275.46
9279,Curtis Mejia,kevin30@example.com,India,2022-12-25,Standard,12307.38
8672,Eric Giles,fgarcia@example.net,Switzerland,2026-08-06,Standard,36985.58
5230,Tiffany Williams,ojones@example.org,Singapore,2025-01-15,Premium,11341.32
6951,Casey Garcia,zwalls@example.com,South Korea,2022-12-14,Premium,15931.25
3218,Jerry Davenport,lozanojustin@example.org,Sweden,2025-11-30,Standard,210.8
288,Eric Williams,curtislucas@example.com,United States,2021-05-21,Basic,7367.86
5024,Cindy Estrada,joann04@example.com,New Zealand,2020-09-29,Standard,10596.02
2967,Brent Wong,lfreeman@example.net,India,2022-01-06,Standard,41397.42
3165,Joel Gonzales,gregoryeric@example.org,Sweden,2026-05-04,Standard,11005.59
6004,Nicholas Ramos MD,lisa62@example.com,Italy,2025-11-21,Premium,22319.6
8888,Margaret Gonzalez,omartin@example.com,Mexico,2023-11-29,Basic,24310.79
1658,Brenda Copeland,millercynthia@example.net,Canada,2020-02-13,Premium,22710.84
1976,Elizabeth Foster,nicoleshields@example.org,Italy,2022-11-28,Basic,35111.82
2398,Erin Ramirez,stewartjennifer@example.com,Argentina,2021-11-23,Premium,42624.2
453,Amy Kelley,jennifer57@example.net,Singapore,2024-08-28,Premium,32708.47
8031,Felicia Matthews,rebekahbeard@example.net,Sweden,2020-10-03,Basic,29326.87
4697,Brandi Brown,andersondeborah@example.net,Japan,2021-04-27,Basic,7894.06
3682,Shawn Rodriguez,wallnathan@example.org,Switzerland,2023-06-19,Premium,43902.21
423,Victor Morris,william35@example.net,Mexico,2022-03-17,Standard,17673.66
9726,Michael Shaw,aguirremary@example.com,Italy,2021-07-11,Premium,25135.7
658,Richard Stevens,christopherstevenson@example.com,Japan,2020-10-05,Premium,16274.53
3302,Jonathan Long,gomezjames@example.com,United Kingdom,2023-04-30,Premium,32228.66
6395,Erin Nash,stephaniepaul@example.com,Mexico,2024-04-21,Standard,41379.69
2846,Ryan Barker,taylorlawrence@example.com,Singapore,2023-11-30,Basic,42703.07
8292,Katherine Pacheco,gillespiegrant@example.net,South Korea,2026-05-10,Basic,13487.81
7498,Cindy Williams,freyes@example.org,United States,2024-05-12,Standard,40565.0
1002,Janice Petty,angela69@example.com,Italy,2023-07-14,Premium,17090.24
4199,Susan Garcia,simmonsmichael@example.org,United Kingdom,2021-02-27,Premium,5259.65
2419,Nicholas Scott,frank43@example.net,Sweden,2022-02-10,Basic,42315.08
7483,Brittany Underwood,christophersmith@example.org,Norway,2024-08-06,Basic,25315.47
5707,Mary Hoffman,natalie76@example.com,India,2026-06-27,Premium,4895.42
3848,Linda Berry,cheryl16@example.org,Japan,2021-03-15,Premium,24164.12
962,James Howard,shawntate@example.org,Japan,2022-01-01,Standard,23767.84
1581,Jonathan York,pauldiaz@example.net,Japan,2023-01-18,Premium,4118.72
5008,Bryan Griffith,mitchellbrandon@example.org,Italy,2025-02-20,Premium,24257.83
2207,Craig Nicholson,moorestanley@example.com,Brazil,2026-01-06,Premium,21262.82
6313,April Taylor,anawatts@example.net,Japan,2020-02-26,Basic,42855.02
9563,Hunter Cox,douglasgallegos@example.net,Brazil,2025-02-02,Basic,15506.4
4232,Andre Jones,ypatel@example.com,Japan,2023-02-15,Premium,37217.89
758,Sandra Rivera,awade@example.org,United Kingdom,2025-08-16,Premium,12037.17
2285,Katrina Jimenez,janice37@example.org,Spain,2022-10-18,Premium,49348.61
6664,Wendy Fisher,nhall@example.net,Spain,2021-06-28,Standard,19627.81
4756,Mary Hoffman,mark37@example.net,Mexico,2024-01-12,Standard,5258.22
8212,Kyle Young,xfaulkner@example.org,Switzerland,2021-10-20,Basic,19330.87
808,Stacey Snyder,dberg@example.org,South Korea,2023-10-28,Standard,44383.53
6576,Nancy Carter,uharper@example.net,Australia,2024-02-10,Premium,19536.61
7720,Chelsea Salinas,amedina@example.net,Singapore,2025-01-26,Standard,35001.33
1957,Caroline Morales,david68@example.com,Australia,2026-02-05,Standard,27340.33
2446,Dr. April Jones,johnsalazar@example.com,Canada,2023-06-20,Basic,23951.06
5876,Stephanie Nunez,mhoffman@example.org,Mexico,2025-09-13,Standard,202.62
8164,Hannah Terry,velasqueztaylor@example.org,France,2020-04-11,Standard,30081.93
6139,Alexandra Marshall,vbishop@example.com,Norway,2020-08-16,Premium,40655.34
2403,Danielle Mcdaniel,mcguirejason@example.com,United Kingdom,2024-08-01,Standard,6591.18
1074,Aaron Carlson,efoster@example.com,New Zealand,2025-04-08,Standard,42438.12
6558,Stephen Mitchell,haleyjordan@example.org,Spain,2025-10-22,Standard,29100.29
4241,John Peterson,marymarshall@example.org,Canada,2025-01-17,Premium,10825.48
8510,Amber Allison,josephperkins@example.org,United Kingdom,2024-11-25,Premium,16835.37
2092,Robert Gutierrez,gramos@example.com,Spain,2024-11-09,Standard,20965.72
4528,Michelle Greer,dodsonshelby@example.org,United States,2021-12-23,Basic,14740.87
7203,Shawn Waters,lfreeman@example.com,Brazil,2022-06-23,Basic,19523.14
6796,Kirk Powell,lori06@example.org,Mexico,2020-05-15,Basic,34604.48
7238,Alexandra Foster,ubishop@example.org,Switzerland,2023-04-16,Premium,11297.17
7423,Joshua Ho,ian40@example.org,Netherlands,2024-09-01,Premium,28003.81
6850,Carl Scott,sarahbrown@example.org,Australia,2021-06-14,Premium,21943.77
6837,Sean Harper,nealrandy@example.net,Germany,2025-10-29,Standard,9889.71
1004,Tracy Chavez,fstevenson@example.net,South Korea,2023-05-25,Premium,12650.36
9100,David Greene,amysmith@example.net,Argentina,2024-03-29,Standard,46611.96
6563,Yolanda Martin,joyceshannon@example.org,New Zealand,2022-01-21,Basic,10400.49
5615,Barbara Wagner,melissa28@example.com,Italy,2021-11-17,Standard,34478.49
4652,Amy Adams,joshua13@example.net,Brazil,2020-11-01,Standard,28154.56
5314,Angel Johnson,benitezlawrence@example.com,Norway,2023-03-28,Premium,9088.85
1486,Andre Terrell,melissadodson@example.com,United Kingdom,2025-01-13,Standard,34704.09
7608,Andrea Ramos,aguirrerebecca@example.com,Australia,2020-03-16,Standard,28211.89
1412,Corey Johnson,amy18@example.net,Italy,2023-07-23,Basic,37062.59
9304,Megan Melton,millerdonna@example.com,Germany,2023-10-13,Premium,4047.9
710,Ian Porter,aprilwagner@example.net,Netherlands,2021-10-14,Standard,4862.03
9807,Ann Scott,gsherman@example.org,Italy,2021-06-05,Basic,24838.81
8043,Howard Hunter,smithbrandon@example.org,Australia,2022-12-13,Standard,48728.87
7212,Jimmy Newman,patriciaevans@example.org,Norway,2024-06-29,Standard,24770.51
3077,Dr. Morgan Young,darin83@example.org,United States,2020-06-12,Basic,48931.59
8315,Emily Vasquez,ratkinson@example.com,Canada,2024-01-08,Premium,36148.37
4102,Bryan Mitchell,carolyn38@example.com,United States,2021-03-04,Premium,41222.66
5115,Jonathon Kim,brianorr@example.net,Australia,2023-09-19,Premium,34568.27
2723,Brian Hendricks,brittany66@example.org,Sweden,2024-04-20,Standard,21776.39
9360,Brandon Johnson II,dmiles@example.net,Canada,2025-11-09,Premium,10281.11
1269,Crystal Hernandez,kinglisa@example.com,Canada,2023-06-24,Premium,32534.48
2463,Dr. Teresa Ortega MD,christina12@example.org,Switzerland,2020-12-20,Premium,48940.17
5465,Krista White,john45@example.org,New Zealand,2026-04-04,Premium,6713.95
269,Robert Harrison,colematthew@example.com,Switzerland,2024-10-22,Basic,33268.74
3581,John Hudson,carterbrianna@example.net,Japan,2020-06-19,Premium,4576.15
5350,James Peck,usampson@example.com,Spain,2023-12-29,Premium,5618.8
7291,David Cooper,clarkrussell@example.com,Netherlands,2023-11-30,Premium,18008.01
5158,Eric Thomas,ortegamaureen@example.com,Switzerland,2020-05-03,Basic,23905.61
6602,Megan Stokes,daniel61@example.com,Germany,2020-01-04,Basic,6870.69
2822,Anna Valenzuela,watsonjoe@example.net,Argentina,2022-08-02,Premium,38311.77
5808,Kelly Romero,smithdana@example.net,Canada,2024-06-12,Standard,47199.29
590,Jessica Smith,sanchezlauren@example.org,Argentina,2026-05-10,Premium,7459.4
5956,Thomas Carr,patriciacain@example.net,France,2021-08-27,Premium,46063.88
5255,Thomas Moses,patrick08@example.net,Singapore,2020-02-23,Premium,33593.31
6662,Casey Smith,beardtroy@example.org,Australia,2023-05-28,Standard,25773.18
7657,Heather Davis,brandon88@example.org,Germany,2020-05-13,Premium,15054.9
8726,William Greene,christopherjohnson@example.com,France,2020-09-14,Basic,8063.53
6897,Timothy Blair,hvelasquez@example.com,Singapore,2026-08-01,Standard,12715.62
7595,Aaron Cochran,mccoycatherine@example.com,Singapore,2020-05-26,Basic,7805.55
2029,Matthew White,qwashington@example.com,United States,2023-02-27,Basic,722.43
6819,Laurie Vargas,romeroshelby@example.org,United Kingdom,2025-12-27,Premium,3470.32
678,Paul Lawrence,linda33@example.org,Singapore,2021-03-13,Premium,1041.81
5764,David Perkins,samantha67@example.net,Brazil,2026-05-26,Premium,39659.26
1233,Denise Wallace,timothylong@example.com,South Korea,2026-04-24,Standard,46002.59
5297,Jessica Jones,joshua68@example.net,Japan,2020-01-28,Basic,16723.22
7104,Michelle Martinez,jacksongregory@example.org,Netherlands,2023-10-14,Premium,21711.82
5035,Tracey Reynolds,melissa48@example.net,Mexico,2024-11-06,Premium,40191.28
5453,Michael Rosario,wisejennifer@example.net,India,2024-10-04,Standard,7972.08
2433,Melissa Brewer,bchavez@example.com,Japan,2024-06-23,Basic,10183.68
6320,Bryan Gonzalez MD,smithholly@example.net,Germany,2025-09-03,Standard,31493.27
6120,Richard Larsen,sandra69@example.net,Spain,2025-01-26,Premium,38363.0
9159,Tonya Graham,alexanderandrea@example.org,United Kingdom,2025-12-28,Premium,9042.41
9954,Denise Moran,shelleyhawkins@example.net,United States,2022-12-30,Basic,17738.52
897,Susan Powers,megan21@example.org,France,2021-09-06,Standard,25622.03
1612,Stephanie Knight,biancahess@example.net,Sweden,2026-01-27,Standard,30276.71
6475,Gloria Odom,wendysmith@example.com,Spain,2023-05-11,Premium,1965.28
7662,Catherine Gould,alicia88@example.org,Sweden,2025-02-17,Premium,19286.01
7461,Francisco Johnson,romerosean@example.net,South Korea,2021-03-08,Premium,28017.16
3807,Michelle Holden,joseph19@example.net,Italy,2022-09-24,Premium,2226.6
8274,Mr. Tommy Mcdonald,parkkevin@example.net,France,2023-06-11,Basic,15976.81
9452,Jennifer Armstrong,edward58@example.net,United States,2020-02-28,Basic,9159.98
4702,Jennifer Jackson,travismorse@example.org,France,2022-01-28,Premium,4955.29
3962,Miss Stephanie Cherry,ugarcia@example.org,Norway,2021-06-22,Standard,21242.64
5418,Alexandria Vaughn,jerry47@example.org,United States,2023-11-16,Standard,46947.88
891,Rebekah Greene,stewartkelsey@example.org,Australia,2022-01-09,Premium,37436.46
5000,John Clark,leslieholmes@example.org,Switzerland,2025-06-22,Standard,26031.72
7507,Steven Morgan,mccoycrystal@example.net,Mexico,2025-03-14,Premium,15534.75
7882,Louis Rose,tward@example.com,Italy,2025-10-11,Premium,42495.98
5096,Jill Smith DDS,stephensstephanie@example.net,Spain,2026-03-03,Standard,37739.8
6933,Elizabeth Serrano,dbridges@example.org,Germany,2020-04-01,Basic,27063.03
9618,Nancy Watkins,patrick24@example.com,New Zealand,2024-10-02,Premium,24816.22
2800,Ryan Crane,ahardin@example.com,Australia,2020-08-11,Premium,4153.53
585,Heather Woodard,heather69@example.org,Italy,2022-09-03,Standard,1353.82
3269,Dr. John Jenkins,kimbrown@example.org,Italy,2023-12-06,Premium,35735.6
3933,Jason Quinn,christina19@example.com,India,2022-06-10,Premium,25784.43
1261,Phillip Kent,richardmills@example.com,Argentina,2023-08-05,Premium,38162.29
6206,Tiffany Bender DVM,johnevans@example.net,Switzerland,2022-05-19,Basic,29762.41
311,Jasmine Beltran,jaypetersen@example.org,Germany,2024-04-11,Standard,49134.36
7790,David Maxwell,hendrixjonathan@example.org,Netherlands,2024-03-16,Basic,36817.61
6459,Jared Gordon,iriddle@example.net,Japan,2025-03-23,Standard,47363.12
6207,Karen Scott,morrisonconnor@example.com,Japan,2024-12-20,Basic,36364.03
5883,Cheryl Beck,williamsmatthew@example.net,Singapore,2020-05-01,Standard,14567.85
4669,Monica Richardson,julieduncan@example.org,Mexico,2025-11-01,Basic,20335.18
4299,Linda Patrick,dilloneric@example.com,Italy,2025-10-03,Standard,7686.59
3784,Natalie Huff,harrysimpson@example.org,United States,2026-07-15,Basic,16134.96
1009,Gregory Chambers,hendersondean@example.org,France,2024-06-02,Premium,12161.2
8355,Jordan Johns,kayla94@example.com,Singapore,2024-02-13,Basic,18030.86
2186,Charles Hawkins,wliu@example.net,Brazil,2020-06-17,Basic,34096.36
3624,Debbie Schmidt,hjohnson@example.com,Italy,2021-08-11,Premium,23004.44
7040,Kelly Hughes,stephanie08@example.net,Mexico,2021-06-22,Premium,3377.97
4923,Crystal Mullen,jessica97@example.net,Germany,2025-02-12,Standard,11114.33
9674,Susan White,freystephen@example.org,United States,2025-02-16,Basic,13326.15
7951,Debra Lee,gwilliams@example.org,South Korea,2024-05-18,Premium,13045.99
6126,Laura Harris,rickymcdonald@example.org,Italy,2024-02-28,Basic,40685.39
4757,Robert Mitchell,megan01@example.com,Spain,2022-08-09,Standard,17670.32
5075,Kevin Fischer,angela90@example.org,Argentina,2020-06-17,Standard,7405.85
91,Yvonne Burns,zjenkins@example.org,Canada,2027-03-03,Basic,15250.61
5975,Michael Spencer,chad49@example.org,Australia,2022-11-20,Basic,47953.54
6419,Sheena Hayes,charles34@example.com,Sweden,2020-10-16,Basic,18.56
8641,Stephen Wolf,ashleywilson@example.net,Japan,2024-12-29,Standard,37137.0
8691,Lauren James,shannoncontreras@example.org,Singapore,2026-02-07,Standard,829.25
2118,Virginia Cunningham,samanthamoore@example.net,Australia,2026-03-30,Basic,34163.09
2938,Steven Mayo,katherinewalters@example.net,France,2022-09-26,Standard,21200.3
6843,Javier Dorsey,brandywhite@example.com,Switzerland,2026-04-30,Basic,1539.48
984,Heidi Brown,michael52@example.com,United Kingdom,2021-11-30,Premium,8144.57
7261,Sarah Frost,leonardwallace@example.org,Germany,2023-01-10,Basic,48672.77
9986,Ms. Emily Watts,kimberly01@example.com,United Kingdom,2026-07-24,Basic,35614.79
2926,Susan Mitchell DVM,ejoseph@example.org,South Korea,2024-05-30,Standard,8384.55
6062,Laura Clark,maryreid@example.org,Japan,2021-03-12,Standard,33535.02
3215,Stephanie Vargas,luis71@example.org,Norway,2025-07-03,Premium,11237.64
6448,Carol Ingram,aliciaduran@example.org,New Zealand,2022-03-23,Basic,10952.11
6780,Wesley Reyes,nathaniel95@example.com,Switzerland,2020-04-21,Standard,24097.13
7039,Brittney Bradley,dberry@example.org,Canada,2023-11-16,Premium,7223.41
5664,Lance Townsend,acostajoseph@example.com,South Korea,2020-06-02,Premium,43305.38
628,Krista Wilson,medwards@example.net,United Kingdom,2020-05-29,Basic,39698.18
8009,Angela Drake,tara39@example.org,Australia,2025-07-22,Standard,15190.02
5126,Amber Williams,fkemp@example.com,France,2021-09-04,Basic,45177.97
4766,Annette Rivas,collinsmichael@example.com,Brazil,2022-10-10,Basic,26973.85
8144,Mary Durham,ibell@example.org,Switzerland,2020-09-08,Premium,44587.39
9595,Jeremy Stevens,julia59@example.com,United Kingdom,2024-04-09,Basic,31424.16
1270,Glenn Collins DDS,spencer54@example.net,United States,2020-10-14,Standard,27104.97
129,Megan Le,anthonymiles@example.org,Switzerland,2024-10-20,Premium,15368.42
6113,Andrew Green,othomas@example.org,United Kingdom,2023-04-26,Basic,42837.42
1712,Richard Wood,sheila55@example.org,Canada,2026-07-06,Basic,19294.83
7863,Scott Gibbs,ehunt@example.net,Italy,2023-01-12,Premium,3343.04
4236,Joseph Murphy,cesarpatterson@example.org,France,2022-09-07,Basic,32167.55
5193,Deborah Smith,anne90@example.net,Argentina,2020-01-01,Standard,20719.31
2399,Paige Meyer,timothycampbell@example.net,Netherlands,2022-12-16,Standard,17985.17
5435,Laura Roberts,chaneymichele@example.org,India,2025-06-26,Standard,45709.56
6058,Christine Jones,tara59@example.net,France,2024-07-31,Basic,44235.19
9319,Joseph Carrillo,sara76@example.org,Canada,2020-07-01,Premium,12292.08
1187,Megan Hall MD,jponce@example.net,Norway,2021-07-31,Standard,5739.37
6014,Michael Fernandez,desireebaker@example.org,Brazil,2024-12-13,Premium,24750.91
9794,James Young,josephmitchell@example.org,United Kingdom,2023-11-07,Basic,14630.12
6015,Joseph Conway,michaelmitchell@example.com,Netherlands,2020-05-09,Basic,17828.6
1978,Debbie Gordon,bmccoy@example.net,Singapore,2020-08-09,Standard,11248.84
9888,Erin Myers,talexander@example.net,Switzerland,2021-09-26,Premium,48513.49
4248,Patricia Zamora,sandra90@example.net,Canada,2025-02-10,Basic,39047.13
7673,Stephen Smith,jenniferrivera@example.com,Germany,2020-12-10,Standard,19756.6
916,Lucas Schultz,thomaslori@example.net,Brazil,2020-04-07,Premium,11165.67
1306,Ashley Mills,mmack@example.com,South Korea,2022-02-14,Standard,9291.96
5456,Shannon Miller,amandabishop@example.org,Germany,2024-12-26,Basic,39784.02
3050,Dr. Sarah Payne,joshuabradley@example.com,Singapore,2021-10-06,Standard,11888.85
9522,Kelly Cox,benjamin97@example.com,South Korea,2021-10-16,Premium,22514.06
1274,Ruth Clayton,morrisonmichael@example.com,Argentina,2023-08-18,Premium,33880.38
8056,Wendy Miller,richardchapman@example.org,Italy,2023-02-23,Basic,45847.9
2797,Caleb Carroll,samuelmcclain@example.net,Canada,2020-11-29,Basic,29800.1
1399,Brianna Fitzpatrick,sanchezchristian@example.com,South Korea,2022-04-01,Basic,42462.65
3359,Alexander Diaz,knightdavid@example.net,Brazil,2023-10-28,Standard,34316.9
184,Jeffery Ortega,ashleymartin@example.org,Spain,2026-07-18,Basic,26522.02
6868,Larry Reynolds,haley14@example.org,Sweden,2020-04-28,Standard,43894.83
5696,Kristin Hudson,fletchermichele@example.net,Australia,2022-04-14,Premium,11205.41
8836,Kimberly Hunter,coconnell@example.com,Mexico,2025-11-02,Basic,45840.01
9627,Kevin Clark,twallace@example.net,Italy,2022-11-07,Basic,22497.55
6171,Kimberly Sullivan,andersonangela@example.org,Sweden,2022-09-25,Standard,46652.36
6988,Rhonda Williams,jamesrichard@example.org,France,2022-03-25,Basic,15084.15
4568,Chad Rojas,hollysmith@example.net,Italy,2025-11-11,Standard,24510.02
8956,Shannon Hunt,dillon50@example.org,Japan,2024-09-27,Basic,49150.32
2657,Martha Lee,marybarnes@example.com,United Kingdom,2023-06-04,Basic,41183.38
8310,John Gibson,jonesallison@example.org,Mexico,2021-08-14,Basic,7354.39
6858,Vincent Zuniga,mooreperry@example.com,Italy,2021-10-08,Standard,14228.55
1962,Cheryl Atkins,olsenvalerie@example.net,United States,2024-04-29,Basic,22508.7
6384,Nicholas Rasmussen,michaelmassey@example.net,United Kingdom,2021-07-07,Basic,34341.81
8854,Ronald Davila,kleon@example.org,Singapore,2022-10-23,Basic,38606.91
9974,Lindsay Marsh,thomasprice@example.org,United States,2025-06-08,Basic,8464.89
1252,David Torres,saundersmelissa@example.com,Canada,2020-12-18,Premium,39959.76
3177,Nathan Burke,justinhowell@example.com,Switzerland,2020-08-18,Premium,30896.14
7761,Jessica Owens,gmontgomery@example.com,Germany,2024-02-07,Standard,35460.95
5014,Shawn Shepherd,thomascody@example.net,United States,2023-07-25,Premium,3729.15
9706,Bradley Thomas,johnsonmarcia@example.org,France,2021-09-25,Premium,10221.82
6540,Kenneth Perez,rebecca88@example.org,Brazil,2024-10-15,Standard,3635.2
3290,Richard Rios,gabrielfrey@example.net,Singapore,2020-05-26,Premium,16638.36
6449,Paula Blackburn,nbrown@example.com,Norway,2024-05-17,Basic,40771.1
8727,Jordan Adams,cbuck@example.net,Germany,2024-12-15,Standard,15602.22
7612,Diana Rogers,mallorylee@example.net,New Zealand,2026-01-28,Standard,42007.1
6276,Kenneth Jackson,richard01@example.com,Sweden,2025-02-10,Basic,14642.94
6888,Jessica Graham,robertdavis@example.net,Sweden,2023-02-11,Premium,35190.46
1052,Tiffany Jackson,ricardomiller@example.com,United States,2024-12-31,Standard,41373.49
4070,Olivia Rodriguez,millerpatricia@example.com,Italy,2024-10-19,Basic,43869.79
6023,Sarah Williams,romerowilliam@example.com,New Zealand,2023-04-02,Basic,12660.36
5553,Kathryn Rivers,slloyd@example.org,United States,2020-09-07,Standard,5853.67
273,Brenda Wright,jlevy@example.com,Italy,2025-11-09,Basic,2288.98
2043,Christine Wong,thomasarmstrong@example.net,France,2021-08-18,Premium,31406.69
4764,Haley Mccoy,tuckeraudrey@example.com,Netherlands,2024-11-06,Basic,13111.28
8998,Erin Johnson,jbuchanan@example.net,Netherlands,2021-08-26,Standard,46247.72
5205,Cody Thompson,clarkwilliam@example.org,Sweden,2024-07-27,Standard,5614.66
9510,Mr. Thomas Adams,shernandez@example.net,South Korea,2025-11-07,Standard,25851.78
1087,Eugene Patterson,dferguson@example.org,Germany,2025-04-06,Basic,1009.65
8374,Carlos Olsen,davidmiller@example.com,Germany,2025-03-09,Basic,45237.05
7733,Hunter Campos,julieray@example.org,Australia,2021-06-27,Basic,13623.56
7516,Rachel Sandoval,gateskyle@example.net,Brazil,2020-07-23,Basic,18544.3
6679,Melissa Williams,hensonrachel@example.net,Switzerland,2021-02-12,Premium,22217.92
4323,Robert Byrd,michelle58@example.com,United States,2021-10-07,Standard,42624.41
6947,Dana Smith,donald16@example.net,Brazil,2025-06-20,Basic,28286.59
7748,Teresa Collins,washingtonjohn@example.net,Netherlands,2023-10-26,Basic,9693.8
6773,Allison Clark,lweber@example.com,Italy,2022-01-26,Basic,11316.28
5519,Isaiah Turner,emily95@example.com,Canada,2020-07-29,Basic,24979.12
5118,Brandon Kirby,carlsonnathan@example.org,Norway,2022-04-06,Standard,37744.31
6180,Bianca Kim,lisastevens@example.org,Australia,2026-05-17,Premium,26753.96
4710,Jeffrey Gibbs,durhammelissa@example.com,Norway,2024-10-28,Basic,4627.21
8122,Richard Harmon,maria86@example.net,Italy,2022-07-27,Standard,33921.02
5970,Tara Jones,ahill@example.org,Norway,2020-07-04,Basic,24142.79
6785,Amy Mack,martinezkristine@example.org,Spain,2024-07-09,Standard,44128.16
3479,Dean Turner,burtonkevin@example.com,Netherlands,2020-10-07,Premium,14834.66
8415,Jennifer Poole,srhodes@example.net,United Kingdom,2024-01-20,Premium,44907.73
3925,Lisa Reed,ocardenas@example.org,Argentina,2022-07-23,Standard,26578.98
1749,Brittany Young,sampsonrobert@example.net,Norway,2026-07-09,Premium,45473.97
733,Michelle Davis DVM,davisemily@example.org,Netherlands,2023-11-15,Premium,7993.32
2554,Kelly Andersen,lauren29@example.net,France,2022-07-22,Standard,46069.24
5459,Michael Khan,nicholasharper@example.org,Brazil,2026-07-07,Basic,1525.38
5874,Shannon Thompson,kclark@example.org,France,2025-08-29,Premium,631.68
2663,Stephanie West,rwood@example.org,Germany,2024-07-29,Standard,21790.28
9399,Mr. Micheal Ray,chenmaria@example.net,India,2023-01-23,Standard,35633.42
6456,William Wilson,kingdonna@example.net,Germany,2025-07-21,Standard,29208.2
3114,Marie Reynolds,sheilaharris@example.net,United Kingdom,2024-07-27,Basic,48573.58
3304,William Sanders,kristin19@example.org,Switzerland,2021-02-12,Standard,3852.76
1345,Hannah Montoya,ochoajennifer@example.com,South Korea,2020-11-04,Basic,20425.1
1691,Vanessa Harris,christopherrogers@example.com,Singapore,2026-04-02,Basic,49852.92
7181,Darren Thompson,wmatthews@example.com,New Zealand,2022-12-16,Premium,41701.26
6500,Daniel Young,ltravis@example.com,Netherlands,2023-03-06,Basic,42064.33
3309,Luis Wells,alexisolson@example.net,United States,2024-07-16,Standard,33376.09
1505,Donald Flores,kimberlymoss@example.org,South Korea,2023-10-12,Premium,43446.09
1807,Kim Arnold,eric63@example.com,India,2026-06-14,Standard,31328.98
8470,Marcia Griffin,romanbrandon@example.net,Sweden,2024-09-12,Premium,8107.72
5370,Kayla Thomas,williamssteven@example.org,Spain,2025-02-05,Premium,27904.25
3792,Kimberly Sanders,wilsonbryce@example.org,South Korea,2022-07-04,Basic,18563.49
9521,Matthew Ewing,wendy96@example.org,South Korea,2025-06-17,Basic,26476.95
7330,Adrienne Noble,katrina79@example.org,Singapore,2022-01-17,Premium,26014.77
5910,Phillip Jenkins,chad87@example.net,Canada,2022-01-10,Premium,40183.91
6826,Mitchell Jordan,millerryan@example.org,Canada,2022-06-24,Basic,41797.08
7264,Charles Blevins,lynn41@example.com,Sweden,2024-01-22,Premium,9568.13
1849,Richard Schneider,corey59@example.org,Japan,2022-04-20,Basic,7408.12
4513,Sharon Hicks,qweaver@example.net,United Kingdom,2025-05-20,Standard,4875.98
2432,Robert Mccoy,pacechristopher@example.net,Italy,2025-05-18,Basic,28216.53
4661,Mrs. Heather Christensen,brownmaria@example.org,Australia,2025-03-29,Standard,49103.34
8886,Kendra Smith,davidmarquez@example.com,Australia,2024-05-13,Basic,43892.98
5585,Jennifer Nguyen,sarah44@example.net,Brazil,2021-10-31,Basic,27191.08
143,Lauren Carson,efrench@example.org,Norway,2026-06-28,Premium,17874.69
8761,Michael Peterson,sweeneyalexandra@example.net,Canada,2026-03-19,Standard,42744.77
9212,Mr. Jeffery Lee,robert08@example.com,Mexico,2021-01-15,Standard,42102.14
5265,Kayla Moore,wsmith@example.org,France,2026-05-31,Basic,10875.63
3410,Michael Soto,hamptonrobert@example.org,Argentina,2021-04-22,Premium,43376.06
1118,Christopher Jones,sallen@example.net,Spain,2020-11-01,Standard,9735.29
1757,Kara Roberts,bleblanc@example.com,United Kingdom,2026-04-25,Basic,37598.54
498,Kristin Mendoza,jamesfuentes@example.net,Switzerland,2025-09-15,Basic,6993.54
8032,Jill Stevens,tonyarowe@example.com,Brazil,2021-12-10,Premium,12162.2
871,Cassandra Harrell,reneecastillo@example.net,Spain,2020-04-01,Basic,3544.04
3358,Kristin Graham,michaeljones@example.com,Norway,2026-05-15,Premium,34372.13
913,Mark Smith,christinehart@example.com,Japan,2024-01-15,Premium,6804.27
722,Ryan Murphy,jjackson@example.com,Italy,2026-04-30,Standard,14781.23
2806,Benjamin Price,adrienne32@example.net,India,2023-10-17,Standard,11670.38
9944,Alex Anderson,deannadiaz@example.com,India,2023-08-15,Standard,38066.79
887,Arthur Mcneil,ewoods@example.net,France,2020-06-07,Basic,9802.49
9593,Jane Smith,hudsonrobert@example.org,Argentina,2025-04-09,Standard,15982.69
6588,Alexandra Holmes,ddavidson@example.org,India,2024-05-08,Standard,2884.65
8101,Joseph Blevins,danielvelez@example.com,New Zealand,2020-05-14,Standard,41830.5
1521,David Walker,pricebrian@example.net,New Zealand,2020-11-08,Basic,3855.47
8690,Patricia Tucker,sarahmayo@example.org,Argentina,2020-04-13,Basic,30669.05
2747,Mary Jones,randolphchristopher@example.com,South Korea,2025-11-06,Basic,3003.94
6701,Thomas Morrison,mjackson@example.com,Germany,2022-12-23,Premium,34917.51
5776,Erica Green,brandonmiller@example.com,Sweden,2025-05-05,Standard,30097.91
315,Bobby Guerrero,stephaniewilson@example.org,India,2025-07-01,Basic,44037.91
1800,Samantha Cohen,jamessmith@example.com,Switzerland,2024-08-16,Standard,35254.69
328,Brian Fitzgerald,aprilcompton@example.org,Italy,2024-11-20,Premium,39523.54
5643,Anthony Mueller,scottkirk@example.net,United Kingdom,2020-02-24,Standard,27634.82
4205,Austin Baker,lewismichelle@example.net,Norway,2021-09-08,Standard,13472.38
3130,Bryan Jones,claychristopher@example.net,France,2021-05-08,Premium,32172.83
6861,Frank Lawson,erikbaker@example.org,Brazil,2023-11-27,Premium,46432.16
9906,Melissa Church,olsonkristen@example.org,Argentina,2021-05-12,Premium,26536.46
3969,Victoria Tanner,ericksonyvette@example.com,Norway,2026-05-05,Standard,49611.87
5744,Brittany Ballard,jwells@example.net,Norway,2024-11-02,Standard,30235.09
6227,Tracy Hernandez,nathanmartin@example.net,Norway,2022-10-18,Basic,10887.76
1974,Tracy George,mlindsey@example.net,Australia,2024-11-16,Premium,42023.27
337,Rebecca Hicks,megan01@example.org,Australia,2020-08-05,Basic,24410.63
2765,Robert Lucas,bjimenez@example.org,Italy,2020-02-10,Premium,11924.91
7661,Catherine Nelson,hamptonkaren@example.net,Mexico,2021-06-24,Basic,31848.13
276,Phillip Nelson,qmcgee@example.net,Australia,2021-09-29,Premium,709.06
2986,Brian Fuentes,pgibson@example.org,Norway,2026-07-27,Basic,29777.93
5647,Keith Lloyd,charlesmiller@example.net,Singapore,2021-09-25,Premium,36021.72
5850,Edward White,ronald73@example.com,Sweden,2022-08-28,Basic,32351.2
3478,Jessica Wilson,angelarivera@example.net,Germany,2025-04-12,Standard,39716.2
7559,John Todd,michael18@example.org,New Zealand,2024-07-29,Standard,44690.49
3559,Mr. Joseph Thompson,davidsnyder@example.net,Argentina,2024-10-26,Basic,45575.97
2810,Patricia Gonzalez,alexandragarrett@example.com,Australia,2024-02-14,Basic,1574.01
9114,Abigail Moreno,kevinjohnson@example.com,Sweden,2021-09-18,Standard,21490.41
4862,April Schneider,ilamb@example.com,Singapore,2022-10-27,Standard,9873.19
6587,Tim Jackson,jessicaking@example.org,Spain,2022-05-20,Premium,41299.47
3417,George Gregory,michaelholt@example.net,United States,2023-08-03,Basic,1773.33
308,Howard Norman,johntaylor@example.net,Australia,2022-02-04,Premium,46272.32
3909,Tammy Bell,timothy69@example.com,Italy,2022-04-03,Basic,4735.29
349,Hannah Everett,zday@example.org,Singapore,2023-08-21,Basic,43007.93
827,Matthew Davis MD,thomascook@example.org,New Zealand,2022-10-24,Basic,42387.4
9502,Michelle Brown,bmiranda@example.net,Norway,2023-06-05,Basic,6532.47
4483,Ryan Wheeler,bharvey@example.net,Italy,2026-01-15,Premium,16333.76
6577,Tyler Mills,arnolddavid@example.com,Spain,2024-08-27,Standard,49840.67
3683,Jonathan Torres,joyce98@example.net,United Kingdom,2023-11-07,Standard,31351.56
5877,Christina Olsen,amyyork@example.net,Brazil,2023-04-12,Premium,20874.29
8388,Elizabeth Fleming,rlee@example.net,Switzerland,2023-01-01,Basic,37453.82
2054,Mr. Logan Gregory,anne19@example.org,Netherlands,2021-04-28,Premium,17767.62
72,Donna Landry,user021@,Switzerland,2023-05-03,Premium,49890.7
5508,Caitlin Curry,slevy@example.net,Mexico,2021-05-13,Basic,13251.09
8515,Christopher Blankenship,rscott@example.com,Argentina,2023-11-16,Standard,20404.83
7511,Christina Weber,jacobjohnson@example.com,Italy,2023-05-29,Basic,37077.2
8152,James Roberts,jessicacooper@example.org,Australia,2024-04-15,Standard,4106.9
1667,Patricia Schwartz,kristinalong@example.net,Singapore,2025-12-12,Premium,13327.74
7862,Ashley Martinez,johnsoncaitlin@example.com,New Zealand,2023-04-18,Standard,37819.72
9160,Faith Ritter,timothystewart@example.org,Germany,2026-05-09,Premium,47597.11
5689,Mark Santos,benjamin81@example.com,Brazil,2026-03-31,Premium,2367.62
1446,Stephen Young,cking@example.net,Singapore,2022-05-02,Premium,20420.44
5228,Justin Potter,meaganevans@example.net,Argentina,2023-05-22,Standard,4154.4
6983,Victoria Berry,jessica34@example.net,Argentina,2022-05-19,Basic,39922.8
1696,Carolyn Cordova,woodrussell@example.com,Brazil,2024-08-25,Standard,3046.93
2893,Tammy Lee,mmontgomery@example.org,France,2024-10-17,Basic,12132.18
1575,Jennifer Yu,plin@example.net,Canada,2022-03-22,Premium,17715.55
3204,Jennifer Richards,elizabethanderson@example.com,Canada,2025-10-30,Basic,49642.67
4406,Jennifer Roman,golson@example.com,Norway,2022-03-06,Basic,8578.72
1631,April Finley,salinasmelissa@example.com,Japan,2026-06-26,Standard,6956.61
8381,Charles Baxter,bedwards@example.net,Germany,2020-09-04,Basic,11151.81
1882,Michael Rogers,dixonamanda@example.net,Norway,2020-03-17,Premium,36851.23
8822,Collin Gentry,iduran@example.net,Sweden,2021-03-30,Premium,12572.39
6464,Joshua Reed,jacksonkatrina@example.com,Germany,2020-01-29,Basic,15172.4
849,Kristine Garcia,pbrooks@example.net,South Korea,2025-07-11,Premium,7098.54
9924,Jessica Manning,amartinez@example.net,New Zealand,2020-05-11,Standard,32937.82
6189,Miguel Smith,donald21@example.net,France,2023-06-05,Standard,34338.81
5870,Jason Patrick,annette97@example.org,Argentina,2020-12-05,Standard,30005.9
2878,Elizabeth Nichols,powelljesse@example.org,Canada,2024-02-14,Premium,46725.48
187,Parker Cain,ashleyhill@example.net,Canada,2020-12-04,Standard,39322.52
3780,Riley Clark,david75@example.org,Italy,2020-02-04,Premium,49703.49
1831,Jessica Rosario,orozcodebra@example.org,Spain,2024-01-02,Basic,11242.4
8326,Travis Caldwell,jamesjohns@example.com,Italy,2024-05-04,Premium,30396.3
9242,Erica Brown,randydavis@example.net,New Zealand,2021-02-15,Standard,31725.93
6379,Charlene Black,jennifer33@example.org,Italy,2022-07-04,Premium,13392.32
1235,Jennifer White,jo03@example.org,Switzerland,2025-07-08,Basic,32381.86
6965,Susan Bolton,iwatkins@example.org,Germany,2022-10-17,Premium,14142.04
3916,Jennifer Ferguson,sedwards@example.net,Sweden,2020-04-03,Standard,42350.05
447,Casey Hernandez,brian39@example.com,United States,2025-07-30,Premium,28480.25
845,Jimmy Marks,lmay@example.com,India,2021-01-29,Premium,45534.68
8063,Jennifer Curtis,michaeljones@example.net,New Zealand,2025-02-28,Premium,47032.95
5403,Chad Kim,adamsmatthew@example.net,Spain,2022-03-06,Premium,14950.4
2441,Janet Parker,xrichard@example.com,France,2022-07-17,Basic,46872.06
3104,Deborah Johnson,lflores@example.com,Japan,2022-08-06,Basic,42460.96
8586,John King,hgarza@example.com,South Korea,2024-11-17,Premium,38684.68
6792,Scott Thomas,okelly@example.com,Switzerland,2026-01-30,Premium,14631.19
5651,Alan Mahoney,znichols@example.net,Switzerland,2020-08-03,Premium,21872.51
1295,Mr. Edward Terry,weberrichard@example.net,India,2024-04-15,Standard,44943.94
5080,Nicole Hodge,kmoss@example.org,Netherlands,2020-07-10,Standard,22678.49
9017,Mr. Robert Collins,ortizmichelle@example.org,Norway,2020-01-17,Standard,41312.36
5068,Christina Powell,karenfuentes@example.org,Canada,2021-03-04,Basic,40040.69
3443,Daniel Graham,smithcynthia@example.org,Italy,2021-07-06,Basic,33047.33
8452,Darlene Gray,sotocurtis@example.com,Germany,2021-11-04,Standard,42567.78
7274,Emily Abbott,robinsonjacqueline@example.org,United Kingdom,2024-03-13,Premium,17500.97
6106,Courtney Young,ncruz@example.com,United States,2024-07-19,Premium,19255.49
777,Rebecca Kelly,kimberly05@example.org,United Kingdom,2021-10-12,Premium,47128.2
9717,Johnathan Bentley,grantlogan@example.org,Italy,2025-04-07,Premium,37989.02
2154,Kelly Lopez,gonzalesalex@example.com,Mexico,2025-03-21,Basic,42539.96
4921,Sonya Williams,zacharyfowler@example.org,South Korea,2020-01-24,Premium,17816.44
5361,Adrian Krueger,rpowell@example.net,Argentina,2021-10-11,Basic,24108.18
9736,Andrew Anderson,fosterlauren@example.net,New Zealand,2020-12-19,Basic,466.08
5958,Christopher Mcmillan,nathanbeard@example.net,Netherlands,2024-01-05,Basic,13788.78
8412,Mark Wilkinson,williamstammy@example.org,Netherlands,2026-05-30,Basic,38196.8
8433,Deanna Jennings,richardgreene@example.com,United Kingdom,2023-05-30,Standard,1714.67
3184,Lisa Martin,xfoley@example.net,Switzerland,2023-09-29,Premium,6707.11
6793,Brett Rogers,carpenterdaniel@example.net,United Kingdom,2025-01-21,Premium,39400.53
3200,Harold Wagner,fernandezjaime@example.net,India,2020-05-02,Basic,45142.89
9370,Carol Goodman,hingram@example.org,Spain,2023-05-26,Premium,23594.9
1290,Matthew Miles,hfitzpatrick@example.org,Spain,2025-08-26,Premium,27032.76
4582,Mary Lee,dustinsandoval@example.com,Brazil,2020-09-24,Standard,4696.81
6193,Antonio Smith,jdavidson@example.com,Spain,2026-07-01,Basic,10180.34
8936,Anita Price,abryant@example.net,Sweden,2022-06-27,Standard,19216.86
7150,Cory Hale,torrestimothy@example.org,Canada,2021-06-10,Basic,6067.63
9847,Wendy Jenkins,karen92@example.net,Mexico,2022-09-13,Premium,33635.86
4107,Sandra Craig,wilsonjerry@example.com,Italy,2026-06-04,Premium,1991.19
4127,Carrie Rodriguez,austin05@example.net,Germany,2020-01-14,Standard,44843.1
8301,Richard Nelson,ipeters@example.org,Germany,2026-02-17,Premium,15996.7
3967,Catherine Shannon,bradley14@example.com,Sweden,2024-11-30,Standard,20373.07
1880,Victoria Gray,burnettjennifer@example.net,Italy,2022-06-08,Standard,40257.29
8497,Nathan Brown,zyoung@example.com,United Kingdom,2020-01-02,Premium,38935.75
9300,Luke Sampson,pcharles@example.com,Switzerland,2026-06-17,Standard,23955.71
6349,Robert Pierce,jennifersmith@example.org,Sweden,2020-08-27,Premium,30600.0
3588,Donald Hoffman,samuelhamilton@example.com,Germany,2026-06-08,Premium,7757.94
7373,Gloria Dunlap,saracamacho@example.net,Italy,2021-06-13,Standard,11428.09
3866,Craig Raymond,huntjason@example.org,Brazil,2025-02-17,Premium,11559.6
8488,Michael Cross,xsalinas@example.org,Norway,2021-03-12,Standard,4798.66
4132,Jeffrey Owens,jjensen@example.com,India,2022-01-25,Basic,15278.1
1037,Mary Henry,tcarr@example.org,United Kingdom,2022-05-29,Premium,19573.29
637,Carol Taylor,caldwellgordon@example.net,Argentina,2022-04-25,Premium,37045.38
6154,Olivia Carter,pearsonashley@example.com,Australia,2026-01-03,Basic,40126.19
4135,Michelle Harris,bradleytaylor@example.org,United Kingdom,2023-08-17,Standard,33127.96
5339,Holly Rivas,qsherman@example.org,Sweden,2022-11-11,Standard,9976.2
1084,Manuel Mccullough,garzajulia@example.com,Singapore,2021-10-06,Basic,6947.23
862,Natalie Malone,bwilson@example.com,South Korea,2021-09-16,Premium,26803.26
904,David Carter,danielle77@example.net,Norway,2022-04-09,Basic,42376.58
192,Kenneth Lewis,jason53@example.com,Netherlands,2020-07-11,Standard,29504.26
110,Shelia Wallace,robert85@example.net,Sweden,2026-09-08,Basic,40781.4
4456,Megan Perry,cookgina@example.net,Canada,2026-01-26,Basic,26866.59
1943,Nancy Chavez,juliagriffin@example.org,Norway,2023-09-30,Premium,33396.4
5857,Ann Huffman,floydtravis@example.org,Singapore,2023-01-15,Basic,10287.31
4332,Craig Smith,vbarker@example.net,Japan,2021-09-28,Standard,36250.13
8542,Karen Woods,lawsonrachel@example.net,Argentina,2022-11-05,Premium,47647.86
2041,Calvin Smith,stephanie07@example.org,France,2022-11-29,Standard,24538.62
7332,John Hooper,olsondavid@example.com,Mexico,2026-05-19,Premium,45060.39
7318,Candace Perez,hinesaaron@example.com,Germany,2024-04-10,Standard,10120.75
7780,Chad Palmer,xturner@example.com,Spain,2022-01-16,Standard,44282.68
4660,Samantha Carter,aprilwashington@example.org,Mexico,2022-03-20,Standard,23621.61
7314,Megan Mcneil,james66@example.net,India,2025-03-02,Premium,10960.83
2776,Michele Davis,simmonskendra@example.com,United Kingdom,2020-04-16,Premium,38643.53
4146,Michael Preston,donnagallagher@example.com,Italy,2024-03-24,Premium,30940.32
2324,James Ferguson,davisnicole@example.com,Canada,2020-12-06,Premium,49849.87
763,Amanda Harvey,danielkim@example.net,France,2022-11-07,Premium,29483.07
2618,Ashley Gonzales,littlejames@example.net,Germany,2024-09-08,Standard,44676.98
2412,Jerome Reid,nlee@example.net,Japan,2024-06-23,Premium,39136.96
1095,Bernard Smith,burchsara@example.com,Netherlands,2020-03-20,Basic,37494.81
6174,Shawn Hooper,jonathan45@example.org,United Kingdom,2021-02-15,Standard,32155.48
7049,Lisa Gibson,michael70@example.org,Brazil,2022-11-26,Basic,7875.74
9273,Marcus Baker,mikeguzman@example.com,Italy,2022-03-04,Premium,269.0
3136,Amy Mccullough,deniselopez@example.net,Canada,2025-10-01,Premium,4885.12
7788,Gregory Brown,gordongrace@example.org,India,2026-06-15,Premium,23288.26
5041,David Martinez,tthomas@example.com,Italy,2021-08-27,Basic,27153.74
3806,Stacy Werner,hernandezcheryl@example.com,Japan,2026-06-21,Premium,31921.51
885,Sarah Brooks,wlewis@example.com,India,2024-07-27,Standard,49977.95
2655,Stephen Anderson,brian81@example.com,United States,2025-04-29,Basic,27255.66
5922,Deborah Stewart,thomaslynch@example.net,South Korea,2025-05-16,Premium,20484.65
6188,Jennifer Hill,thobbs@example.com,Brazil,2024-03-22,Standard,3432.61
8086,Eric Harris DVM,ravensweeney@example.net,Canada,2023-06-16,Basic,33423.06
6743,Hannah Perez MD,ramirezleslie@example.org,Spain,2023-06-14,Premium,7820.8
7627,Timothy Jacobs,patricia96@example.org,France,2024-09-23,Standard,6486.26
5681,Kenneth Watkins,phoffman@example.net,New Zealand,2024-12-20,Basic,20865.18
7008,Kevin Sandoval,stephanie96@example.com,Switzerland,2022-02-01,Premium,3082.45
9687,Debra Pugh,erica96@example.net,Japan,2025-01-30,Basic,1373.95
2203,Heather Davis,thomashanson@example.org,France,2024-07-06,Premium,46223.99
6108,Anna Love,sjones@example.org,Mexico,2024-10-30,Premium,41529.31
6418,Ronald Brown,howard49@example.org,India,2022-12-13,Basic,34328.86
1263,Rhonda Gutierrez,john64@example.org,United Kingdom,2024-01-26,Premium,22856.27
8380,Kyle Walsh,mlang@example.net,Switzerland,2026-01-26,Premium,36643.83
976,Amber Walker,rodneythomas@example.net,Japan,2024-02-19,Premium,34677.49
5832,Brian Pena,travisrobertson@example.com,Brazil,2024-11-22,Standard,43514.89
4926,Aaron Morgan,yolandawalker@example.org,Brazil,2020-11-21,Premium,43447.14
942,Michael Phillips,wbennett@example.com,India,2021-05-31,Basic,982.84
4724,Eric Spencer,christine02@example.net,Switzerland,2022-05-30,Standard,11958.36
2388,Mark Henson,rosariotyler@example.net,Australia,2023-05-24,Basic,41815.76
9729,Bethany Morris,jessicabell@example.com,Australia,2020-07-13,Basic,37884.62
5022,Mikayla Franco,danielmiller@example.com,Argentina,2026-07-04,Standard,17185.61
4392,Casey Terrell,wallacedavid@example.org,New Zealand,2024-08-04,Basic,47331.69
5149,Daniel Gallegos,oallen@example.org,Switzerland,2026-06-03,Basic,46767.92
3222,Jacqueline Banks,osmith@example.com,Japan,2021-02-18,Premium,41926.97
3883,David Cervantes,teresadavis@example.net,Germany,2023-10-07,Standard,16104.38
9439,Kevin Wagner,ycole@example.com,South Korea,2022-01-20,Basic,17267.39
6625,Mitchell Garza,amanda76@example.com,Norway,2026-04-16,Basic,26864.21
5919,Tony Cooper,andrew68@example.com,United Kingdom,2022-11-07,Standard,19610.17
2790,Robert Thomas PhD,lburnett@example.net,Switzerland,2023-12-30,Standard,28736.48
945,Susan Conley,james11@example.org,Singapore,2021-01-16,Premium,24456.34
8909,Ricky Tran,jefferydavis@example.com,France,2022-05-15,Basic,15393.47
1858,Christina Bates,shermanalexander@example.com,Singapore,2026-01-08,Premium,35770.0
9081,Jose Ramsey,jeffrey09@example.org,Italy,2021-12-10,Standard,48822.88
4109,Mark Knight,adamsgarrett@example.org,France,2022-08-08,Basic,7023.7
8514,Christina Woods,adamsjeffrey@example.org,Sweden,2025-05-02,Basic,46934.62
3256,Shannon Curry,vgrimes@example.net,Norway,2025-07-11,Basic,20765.57
2691,Derrick Perkins,murphymegan@example.org,Norway,2020-01-29,Standard,1468.33
9513,Ashley Herring,lgreene@example.net,New Zealand,2021-12-28,Basic,23764.04
6962,Debbie Carrillo,joneslori@example.org,Switzerland,2023-06-27,Standard,17524.52
1320,Mario White,grantjames@example.com,Norway,2021-05-25,Standard,13159.8
8883,Jeffrey Thompson,pateljoseph@example.com,Germany,2023-11-09,Standard,19540.44
9881,Daniel Vincent,ramirezbeth@example.net,Spain,2024-06-15,Basic,9268.2
5163,Nicole Barton,rhodesjesus@example.net,Netherlands,2022-11-17,Premium,22755.87
5830,David Robertson,kelsey22@example.net,Spain,2020-07-02,Premium,41331.77
7954,Todd Rojas,melendezmichael@example.com,Sweden,2024-10-02,Premium,41528.98
5959,Lee Rivera,sarah03@example.net,South Korea,2024-11-19,Premium,3557.46
9272,Mary Wells,glen18@example.com,New Zealand,2021-08-30,Standard,8287.1
3476,Alex Clements,janiceanderson@example.com,Singapore,2020-06-02,Premium,41432.64
3506,Jennifer Ortiz,susanbaker@example.org,United States,2021-01-25,Standard,6089.19
4750,Brittney Bowman,richardsstacy@example.org,Argentina,2025-09-05,Standard,26124.99
2478,Laura Vincent,fishermark@example.net,Australia,2024-05-26,Standard,17711.01
9491,Laura Lucero,waynejackson@example.com,United Kingdom,2025-08-04,Standard,23906.27
6616,Corey Pacheco,qjohnson@example.com,Italy,2022-07-25,Basic,41452.16
7414,Susan Mora,sanchezkelly@example.org,Australia,2023-06-25,Basic,15999.21
7587,Kathy Gutierrez,sharrison@example.net,Brazil,2026-02-16,Standard,6107.15
5345,Justin Murphy,scottalan@example.org,Italy,2022-04-02,Basic,39312.45
9864,Sean Johnson,james15@example.org,New Zealand,2022-12-26,Standard,7944.46
7112,Jennifer Cisneros MD,hopkinsolivia@example.com,Netherlands,2023-12-30,Basic,19807.37
1875,Matthew Watkins,wayneschmidt@example.com,Singapore,2022-03-20,Premium,19848.65
8517,Frank Martinez,ylozano@example.com,India,2025-02-27,Basic,48679.35
5271,Jane King,ryan46@example.net,Italy,2024-12-10,Standard,1340.83
5097,Carmen Jordan,lramos@example.net,Argentina,2020-11-11,Basic,1231.24
2905,Paul Cabrera,brian64@example.org,Switzerland,2025-08-07,Standard,25312.57
571,Travis Harris,ysantos@example.com,United Kingdom,2023-04-22,Basic,988.94
1449,Lisa Grant,ryan03@example.net,France,2022-06-28,Standard,41919.69
5965,Danny Smith,amymorales@example.org,Canada,2025-04-13,Basic,33365.11
6243,Nichole Thompson,diane11@example.com,Italy,2026-02-10,Standard,39874.98
6348,Benjamin Alvarez,kmiles@example.com,New Zealand,2020-04-08,Premium,14380.57
7875,Mariah Eaton,brian44@example.org,Netherlands,2024-07-30,Basic,5432.69
9817,Kathryn Moore,kristenwilson@example.net,Italy,2024-05-20,Basic,4429.99
3227,Frank Flores,raymond16@example.net,New Zealand,2022-10-31,Standard,35449.48
9745,Dawn Blevins,smithjennifer@example.com,Germany,2024-04-29,Premium,47502.19
3979,Jerry Hamilton,doris49@example.org,South Korea,2025-03-09,Premium,49280.67
4384,David Koch,ashleysolis@example.net,Australia,2020-10-09,Standard,30335.65
7857,Ronald Cook,lisascott@example.net,France,2023-12-30,Standard,39362.27
3540,Nicole Rodriguez,proach@example.net,South Korea,2020-09-11,Standard,19939.19
5683,Janice Bailey,kleinmatthew@example.org,New Zealand,2023-01-06,Standard,44791.7
2828,Michael Jensen,robertwalker@example.com,Singapore,2021-06-20,Premium,31439.89
7659,Kelly Williams,underwoodhaley@example.org,Singapore,2024-11-16,Premium,41881.91
4997,Eric Woods,gregoryfarrell@example.com,Argentina,2022-08-17,Premium,26049.67
1339,Anna Ross,tinawilliams@example.org,New Zealand,2021-05-20,Standard,20999.52
3263,Howard Castillo,tina20@example.org,Canada,2020-11-01,Standard,18144.47
6387,Sara Lawson,pdonovan@example.org,Netherlands,2022-01-07,Basic,36030.04
7952,Megan Ryan,vchristensen@example.com,New Zealand,2026-08-06,Premium,17051.58
651,Aaron Schroeder,william47@example.com,Japan,2022-08-10,Basic,42343.06
2903,Emily Bauer,seth61@example.com,Japan,2021-01-01,Premium,28714.26
2259,Daniel Smith,kennethporter@example.net,Italy,2023-07-09,Basic,956.82
7403,Johnathan Palmer,hannah74@example.net,United States,2024-07-19,Standard,48389.03
3522,Sarah Martin,lmaynard@example.net,Argentina,2021-11-26,Standard,35553.39
2731,Francisco Coleman,angelacasey@example.com,Mexico,2024-11-19,Standard,39444.56
5497,Mitchell Williams,sarah26@example.org,Germany,2025-01-26,Standard,4786.85
4479,Andrew Chavez,rmullen@example.org,Mexico,2020-10-04,Standard,1615.58
1597,Michael Nixon,kimnoah@example.net,Netherlands,2021-11-15,Standard,32788.41
7067,Ashley Burton MD,jpatton@example.net,Australia,2024-08-30,Premium,36706.99
2585,William Lindsey,jonesalicia@example.net,Sweden,2023-12-06,Premium,39212.64
5442,Brian Medina,stephensonronald@example.org,Norway,2024-06-05,Premium,10600.78
3197,Randall Cox,jenniferbutler@example.com,New Zealand,2021-03-28,Premium,33640.24
8524,Carlos Burke,taylorscott@example.org,Singapore,2025-08-20,Standard,20759.75
7683,Anthony James DVM,hgarza@example.net,Netherlands,2021-03-29,Standard,19934.59
5377,Jessica Warren,jose60@example.net,Japan,2021-10-21,Basic,4170.16
1259,Omar Price,sbarnes@example.net,Mexico,2022-09-08,Standard,5074.06
5278,Tammy Jackson,jameswhite@example.com,Singapore,2021-08-01,Standard,15280.3
992,Levi Lopez,lperry@example.com,Australia,2026-07-10,Standard,36178.81
3505,Christopher Waters,samuel14@example.net,India,2025-03-30,Standard,385.34
114,Carolyn Miller,maxwellcorey@example.net,United Kingdom,2023-06-23,Standard,5396.85
920,Michael Sims,terry53@example.net,Canada,2024-02-13,Premium,33230.67
2510,Rita Graves,scottwalton@example.net,United Kingdom,2025-02-14,Standard,11381.53
9405,Jeffrey Wells,elizabeth97@example.com,Norway,2025-02-24,Standard,25299.63
166,David Thompson,phayes@example.com,Mexico,2021-09-13,Standard,21593.59
5264,Laura Coleman,mvaughan@example.org,Japan,2022-10-07,Standard,10802.91
4604,Beth Brown,bbates@example.org,Sweden,2023-11-03,Basic,31039.05
950,Andrew Roberts,terri85@example.com,New Zealand,2024-05-09,Premium,23860.05
4595,Kiara Santana,angelacortez@example.net,Japan,2020-08-03,Basic,42162.12
5728,Kristi Jordan,alexander83@example.net,Mexico,2021-07-19,Premium,23720.23
3771,Sarah Berry,brianoconnor@example.com,Japan,2020-06-20,Standard,46420.0
2507,Michelle Mendoza DVM,howardcox@example.net,France,2022-08-24,Premium,16083.04
5108,Monica Medina,ealvarado@example.org,India,2023-10-07,Premium,8222.86
2851,Tammy Garcia,nicholaschapman@example.com,Japan,2026-05-23,Premium,21159.51
6486,Corey Thornton,markthomas@example.com,Singapore,2022-06-10,Premium,1561.48
5363,Jonathan Glover,jessicaspence@example.com,Switzerland,2024-09-19,Basic,2017.01
7443,Seth Olsen,sarahmiller@example.net,Netherlands,2022-06-07,Standard,17174.28
4447,Jonathan Cisneros,vargasjennifer@example.net,Singapore,2025-08-03,Premium,12302.07
4461,Richard Bauer,ashley13@example.com,India,2025-02-22,Basic,34685.61
9514,Janice Smith,gedwards@example.net,Norway,2023-03-21,Premium,20407.03
2506,William Martinez,bishopbrittany@example.com,Germany,2021-11-01,Basic,229.59
1115,Jamie Solomon,hollandanne@example.com,Spain,2025-05-12,Premium,45667.73
8398,Daniel Morton,williamsalexis@example.com,India,2023-01-20,Premium,22851.96
299,Lori Ingram,craig30@example.net,United States,2023-06-10,Basic,19270.63
1676,Cory Hogan,ksimpson@example.com,Australia,2026-08-04,Standard,4890.84
3348,Brianna Martin,dennislinda@example.net,Brazil,2026-05-21,Standard,14495.68
2736,Kevin Fisher,leerhonda@example.org,Sweden,2022-03-15,Basic,43530.13
7820,James Morgan,ggreen@example.net,Singapore,2023-02-27,Basic,38108.27
4989,Christina Ramirez,jasmincampbell@example.net,Italy,2026-05-13,Basic,2286.26
9895,Allison Stokes,lesliebanks@example.net,Mexico,2025-12-08,Standard,42866.53
5818,Caitlin Howard,blackangela@example.net,Spain,2026-02-24,Standard,11893.06
4326,Larry Higgins,mrodriguez@example.com,New Zealand,2024-02-06,Basic,7169.99
6720,Kevin Fernandez,donna81@example.net,Switzerland,2022-05-17,Basic,29305.57
8787,Kevin Benson,jennifer77@example.net,Mexico,2020-08-06,Basic,26872.77
4551,Steven King,wdavis@example.com,France,2021-04-29,Basic,3709.84
8573,Charles Thornton Jr.,millernicholas@example.net,Mexico,2022-08-12,Basic,34420.49
7848,Michelle Gould,tina67@example.org,Italy,2024-12-31,Standard,36517.73
2104,Melody Griffin,christine35@example.com,Mexico,2025-04-24,Standard,35142.9
5814,Stephanie Sanders,harrisstephanie@example.net,New Zealand,2022-10-24,Basic,6480.83
9105,Douglas Sullivan,kayla34@example.net,Switzerland,2023-08-30,Basic,25218.28
7454,Sandra Smith,monica94@example.net,Germany,2023-03-13,Premium,3272.24
1838,Jill Spencer,alexander19@example.org,Spain,2024-03-06,Standard,2099.79
7903,Alexa Ingram,prestonmarcus@example.com,United States,2025-03-03,Premium,5181.77
8319,Stacey Sampson,veronica90@example.org,South Korea,2026-03-30,Standard,47272.31
8724,Thomas Nelson,timothy48@example.com,India,2023-06-08,Standard,12937.07
608,Amy Garcia,smckee@example.org,Switzerland,2022-11-02,Standard,26386.63
8375,Dr. Linda Fleming MD,tamarafernandez@example.org,Spain,2024-02-20,Premium,41083.47
1094,Deborah Mercado,williamschad@example.net,Singapore,2024-07-15,Basic,26611.91
6388,Michael Johnson,thompsonveronica@example.net,Argentina,2023-10-14,Premium,5827.22
6506,Nancy Moreno,barbarabarrett@example.org,South Korea,2021-05-04,Premium,35939.47
8965,Brian Mccarty,rmarshall@example.org,Argentina,2023-09-03,Standard,32279.96
4488,Scott Brown,dwood@example.org,Japan,2022-05-31,Standard,24922.5
161,Dana Martinez,michaelwilliams@example.com,Spain,2024-12-16,Premium,23131.69
204,Paula Bradley,mgreen@example.com,Norway,2022-06-14,Premium,42414.12
7041,Pamela Dixon,parrishjames@example.com,Mexico,2024-09-27,Basic,40810.15
5894,Deborah Townsend,jeffrey16@example.com,Brazil,2023-01-26,Premium,47845.14
4934,Aaron Diaz,benjamindebra@example.net,Sweden,2026-06-26,Basic,42636.86
2935,Adam Garcia,danielkelly@example.org,Netherlands,2021-01-30,Standard,20672.32
7323,Andrew Potter,zachary33@example.com,Canada,2024-12-31,Basic,10686.96
2436,Alexandria Wise,rchandler@example.com,France,2025-08-09,Premium,34029.66
1231,Christopher Perez,ycervantes@example.org,Norway,2020-12-17,Premium,49055.49
8676,Jose Crawford,amorris@example.com,Germany,2023-11-25,Premium,12783.74
3047,Brent Harris,ybrown@example.org,Sweden,2024-09-24,Basic,35067.03
9655,Brandon Thomas,acraig@example.com,Norway,2025-12-30,Basic,42663.88
8420,Robert Anthony,donald36@example.com,Japan,2026-07-11,Premium,13247.3
7667,Amy Hunter,vicki73@example.com,Argentina,2025-02-01,Premium,47917.66
6408,Tracy Rodriguez,lgarcia@example.net,Argentina,2023-03-19,Premium,23874.8
4252,Nathaniel Walter,esolomon@example.org,Brazil,2022-01-04,Premium,36642.27
5578,Taylor Salinas,brownmolly@example.org,Canada,2024-09-03,Basic,43784.15
3294,Lisa Hernandez,rthomas@example.org,United Kingdom,2023-08-13,Premium,5383.75
4035,Dr. Jeffrey Valentine,megan09@example.net,Germany,2026-01-26,Premium,30966.17
8113,Martin Cox,charlesbecker@example.org,New Zealand,2020-02-27,Basic,41452.05
4291,Earl Hall,smithpatrick@example.com,Norway,2023-06-18,Premium,27128.89
4335,Elizabeth Sanchez,paulnguyen@example.net,Norway,2026-03-26,Premium,32701.8
5932,John Estrada,logananderson@example.net,Australia,2023-03-23,Premium,21189.81
3878,Susan Garcia,terri49@example.org,Netherlands,2020-03-18,Standard,48689.01
5429,Maria Sanders,samanthamiller@example.org,Sweden,2022-07-14,Premium,8837.48
4754,Erika Bates,pwilliams@example.net,Italy,2021-09-12,Premium,39259.22
4887,Frank Freeman,matthew96@example.org,Netherlands,2024-03-14,Standard,6181.94
858,Annette Melton,rnichols@example.com,France,2026-02-03,Premium,6346.67
8234,Anthony Cook II,plang@example.net,Switzerland,2020-03-21,Standard,25525.73
8376,Scott Hansen,crystalhampton@example.org,India,2024-01-29,Standard,6873.09
2562,Jeffery Neal,ssmith@example.org,South Korea,2023-11-27,Premium,41055.37
3802,Adam Sanchez,jameschapman@example.com,France,2022-02-16,Basic,25781.55
2641,Luis Davis,kmueller@example.org,Japan,2020-03-09,Premium,15176.87
9664,Shaun Johnson,ugraham@example.org,Netherlands,2025-01-16,Basic,46851.19
4491,Jason Jones,omeyers@example.org,Germany,2025-06-08,Basic,3391.37
2348,Cynthia Harrell,rmclean@example.net,Sweden,2023-10-21,Premium,24329.48
650,Jackie Clements,thomasbond@example.net,India,2025-04-06,Standard,5314.1
2782,Rhonda Pena,xsmall@example.net,Japan,2021-11-12,Basic,40538.61
5653,Frank Payne,jason22@example.com,Japan,2023-12-26,Standard,33292.4
8544,Tracy Whitaker,rebekahjennings@example.org,New Zealand,2026-03-05,Basic,30852.75
8678,Charles Moore,austinbrown@example.com,Japan,2025-09-23,Standard,18498.77
6434,Katherine Weaver MD,alexander55@example.net,India,2022-06-20,Basic,42899.24
616,Clayton Steele,davisnatalie@example.org,Mexico,2020-12-04,Basic,2287.69
8449,Carol Harris,aarroyo@example.org,Australia,2022-10-30,Standard,9758.81
2576,Lisa Mosley,kimberlypittman@example.org,United States,2023-04-02,Standard,304.82
54,Michael Warner,user003@nodotdomain,Singapore,2022-08-10,Premium,36244.65
3341,Christian Cross,quinndaniel@example.com,France,2021-07-11,Standard,37756.2
7038,Brandon Johns,johncrawford@example.net,Norway,2025-03-22,Premium,48294.96
1706,Justin Smith,donna14@example.com,Mexico,2023-05-21,Basic,46509.96
9061,Charles Mendez,nallen@example.net,India,2024-12-26,Standard,489.31
9353,Susan Kelley,iperry@example.com,France,2021-12-03,Basic,14734.44
1494,Alexander Webb,smithjeanne@example.net,Spain,2022-03-12,Standard,23209.31
9964,Laura Luna,nicole57@example.org,Italy,2022-06-29,Standard,39370.6
5633,Lisa Kaiser,bradybradley@example.com,Argentina,2022-12-12,Premium,23571.89
804,Margaret Tanner,amarshall@example.org,United States,2024-11-07,Basic,20015.96
4954,Bryan Harrison,xjones@example.org,Netherlands,2026-08-03,Premium,26024.41
6934,Candice Sanders,bryanespinoza@example.net,India,2024-07-31,Standard,18865.11
7105,Matthew Shea,shanebennett@example.org,South Korea,2022-08-28,Standard,596.44
991,Mitchell Griffith,michael66@example.org,Australia,2024-08-18,Standard,8986.94
2775,Paul Swanson,danielle36@example.net,Spain,2020-07-16,Standard,40232.06
7471,Doris Rios,chadpeterson@example.org,France,2025-10-22,Standard,2557.54
6420,Olivia Dorsey,lmcdonald@example.org,Singapore,2022-03-20,Premium,37348.93
3514,John Jackson,yrhodes@example.org,Mexico,2023-10-05,Premium,42473.58
5479,Tommy Romero,lmcmillan@example.org,South Korea,2025-01-15,Basic,1197.91
8401,Jonathan Solomon,michele39@example.org,Norway,2020-03-31,Premium,13607.69
220,Robert Montgomery,fcopeland@example.com,France,2020-09-28,Standard,26899.72
6970,Thomas Hunt,ianbird@example.com,Singapore,2025-02-28,Premium,24567.73
1289,Yolanda Garrett,tbarajas@example.com,Japan,2025-11-11,Standard,43469.47
3164,Erica Baker,wagnerlori@example.org,France,2024-03-23,Standard,40945.0
4679,Kelsey Griffith,bassphilip@example.org,Sweden,2024-11-18,Premium,47954.76
2619,Candice Gomez,pperry@example.org,Italy,2023-10-01,Premium,43915.6
3613,Ashley Sanchez,carlsonmegan@example.net,Norway,2022-04-24,Standard,45310.56
44,Mark Brown,,South Korea,2023-11-07,Standard,29518.57
8095,Stephen Leon,joel97@example.org,Netherlands,2021-04-11,Premium,38586.39
8373,Nicole Brewer,andrewstanley@example.net,United States,2026-06-19,Premium,44299.72
3793,Christina Davis,delgadogeorge@example.net,France,2024-03-11,Basic,44248.23
3572,Danielle Norris,bcarson@example.com,South Korea,2021-07-10,Standard,43359.67
9981,Autumn Robinson,linda87@example.net,France,2020-06-14,Basic,20943.34
1504,Steven Flores,kayla56@example.com,Sweden,2024-11-02,Premium,10275.81
5557,Taylor Stark,bennettdaniel@example.net,Switzerland,2023-07-06,Premium,3480.9
9831,Veronica Huang,youngcameron@example.net,Singapore,2025-01-05,Premium,45926.26
3440,Jackie Morgan,gsmith@example.org,Argentina,2022-05-20,Premium,24217.61
1893,Mario Chavez,mlopez@example.com,Switzerland,2022-01-17,Premium,35211.33
9324,Russell Bates,estradatimothy@example.net,South Korea,2020-07-01,Basic,28056.06
5256,Jeffrey Petersen,carterpatrick@example.com,Australia,2021-02-25,Standard,30867.43
1956,Valerie Gonzalez,myersmaria@example.com,Canada,2021-10-03,Standard,21445.31
5168,Devin Black,xsmith@example.net,Mexico,2024-01-18,Premium,26656.4
4815,Sherry Shannon,michaelwatson@example.com,United States,2021-01-25,Basic,36945.99
6265,Dr. Jessica Chase MD,katherinewilliams@example.com,South Korea,2026-04-25,Standard,8021.26
1506,Bruce Hernandez,michaelgonzalez@example.net,Argentina,2021-03-30,Premium,15222.45
671,Ashley Edwards,amberwatson@example.org,India,2024-10-29,Premium,28127.59
8908,Michael Horton,hernandezdana@example.net,Australia,2021-03-06,Basic,21377.52
7056,Ariel Murphy,cynthia30@example.net,Singapore,2023-02-06,Basic,16745.42
898,Sarah Pittman,masondavid@example.org,France,2024-08-27,Standard,16632.16
6179,Andrew Carter,gary75@example.com,Switzerland,2023-05-16,Premium,19745.13
2667,Angel Knight,jasonabbott@example.net,Japan,2024-04-13,Basic,23816.56
3194,Amber Kennedy,gabrielleberry@example.com,South Korea,2024-02-21,Basic,16860.47
2891,Wendy Webb,mackenziekelly@example.com,South Korea,2020-12-27,Basic,13199.79
7774,Jeffery Jennings,luis01@example.com,France,2026-05-27,Basic,46099.88
2622,Patrick Santana,chapmanmorgan@example.org,Spain,2024-04-08,Premium,47541.82
6009,Gloria Lynch,lisahenderson@example.com,Switzerland,2025-12-05,Standard,26422.86
5957,John Stewart,olivialopez@example.com,United Kingdom,2022-05-02,Basic,28107.56
3,Kristy Robinson,,Japan,2022-11-19,Premium,17133.12
2371,Jade Allen,james44@example.org,South Korea,2020-05-03,Premium,15746.56
7915,John Perez,stephanie71@example.com,Brazil,2025-01-11,Premium,37126.42
1770,Jaclyn Watson,travis85@example.net,Italy,2020-10-07,Premium,15661.62
8507,Andrew Rodriguez,samantha74@example.org,Spain,2021-06-18,Basic,1588.66
6026,Sara Wilkins,wosborne@example.org,Norway,2024-11-12,Standard,18664.07
532,James Tran,valerieyoder@example.net,Italy,2026-05-23,Premium,46579.31
8725,Travis Hernandez,davidsonpatrick@example.org,Mexico,2024-06-16,Basic,47156.27
8650,Rebecca Nicholson,jford@example.net,Switzerland,2026-04-27,Basic,27885.32
7874,Christine Farrell,angelarios@example.org,United Kingdom,2025-06-20,Basic,30397.39
8891,Larry Pitts,isaac32@example.com,Canada,2021-01-06,Basic,26103.6
3121,Steven Haas,eileenortiz@example.com,Canada,2025-06-16,Basic,19474.29
9023,Sally Thomas,kristinking@example.org,Brazil,2024-09-06,Standard,10830.81
732,Johnathan Brown,troysnyder@example.org,Norway,2025-12-02,Premium,3552.95
3407,Brian Barrett,nunezcolleen@example.net,United States,2021-10-09,Premium,6225.18
2340,Kelly Kent,roneal@example.com,Singapore,2022-10-30,Standard,21959.19
5968,Stephanie Brown,uclark@example.org,Germany,2021-03-01,Basic,23165.79
6581,Jason Mcdonald,mcdowellpaul@example.net,Canada,2026-05-11,Basic,6521.78
2566,Christian Riddle,denise62@example.com,France,2023-09-24,Premium,7691.33
7727,Danny Lee,burtonmegan@example.org,Norway,2020-10-03,Basic,28163.72
7821,Lindsay Chavez,bmartinez@example.com,Singapore,2024-01-08,Premium,31348.4
6714,Nicole Jones,yhicks@example.net,Australia,2022-02-27,Standard,36285.39
6996,Jose Coleman,shannonsnyder@example.net,Germany,2022-07-27,Premium,33424.41
6943,Kimberly Kane,david97@example.net,Japan,2021-09-14,Standard,27657.7
7795,Anne Jones,karismith@example.com,Switzerland,2023-05-18,Premium,28343.11
8976,Emily Romero,isingh@example.com,Sweden,2024-12-31,Standard,3765.97
1256,Jeffrey Carter,adam39@example.org,Netherlands,2026-04-28,Basic,38129.65
2105,Joshua Kramer,millerjason@example.org,Netherlands,2025-10-26,Standard,39302.95
6735,Laura Spence,omarvasquez@example.org,Switzerland,2020-11-11,Basic,22817.13
9779,Tanya Trevino,pam28@example.com,United Kingdom,2021-11-15,Premium,34169.04
6225,Jonathon Knapp,collinstodd@example.net,France,2021-12-09,Premium,45839.47
9151,Jessica Calhoun,phyllisbowman@example.org,India,2021-03-31,Premium,27605.04
4995,Kenneth Maxwell,wernerjill@example.com,Japan,2026-04-10,Premium,24106.95
8970,James Zuniga,jennifer71@example.net,India,2024-11-21,Basic,37913.87
6840,Jennifer Cochran,larry17@example.com,Japan,2020-12-19,Basic,20141.89
5058,Andrew Chavez,taylorsharon@example.org,France,2022-01-26,Standard,24913.03
5847,Tina Little,zjacobs@example.org,New Zealand,2023-08-31,Premium,878.97
4435,Kimberly Ryan,ywilliams@example.net,Sweden,2022-10-03,Standard,26999.87
3485,Jason Smith,oleon@example.org,Argentina,2025-12-06,Standard,12311.44
9494,Timothy Lee,lisa97@example.org,Brazil,2020-02-08,Basic,34132.88
5319,Heather Sweeney,blackrichard@example.net,South Korea,2025-11-29,Premium,7801.14
3817,Amy Montgomery,ewashington@example.org,Sweden,2020-03-31,Basic,29557.12
5730,Debbie Ward,kimberly93@example.net,Japan,2020-05-04,Basic,24624.53
8904,Albert Bishop,danielconley@example.com,Mexico,2020-10-16,Standard,12984.7
7841,Joshua Cunningham,patrick87@example.com,Argentina,2025-04-07,Premium,24900.92
9890,Mark Harris,philipwilliams@example.com,Mexico,2022-01-10,Basic,22134.81
1622,Randy Robinson,christine15@example.com,Netherlands,2026-01-14,Premium,11237.65
9424,Patricia Cobb,cruzrandall@example.org,Singapore,2022-10-20,Basic,38202.81
6308,Erin Diaz,brandon74@example.net,New Zealand,2023-04-24,Standard,22520.18
9305,Christian Lambert,tara29@example.org,Canada,2025-01-02,Basic,25345.64
8903,Brendan Howard,dustinhuff@example.org,Brazil,2021-06-09,Standard,14654.14
1097,Kevin Escobar,walexander@example.net,New Zealand,2024-02-02,Standard,46005.18
8058,Jo Hickman,donald14@example.net,Singapore,2024-11-30,Standard,10545.8
9482,Tristan Scott,charlesclayton@example.org,France,2020-09-08,Standard,1210.4
2464,Henry Rivera,andrewcaldwell@example.com,France,2025-12-02,Premium,24984.03
8290,Yolanda Wallace,efernandez@example.org,United States,2024-07-07,Basic,124.96
1789,Zachary Jones,mccoychristian@example.org,France,2024-11-09,Standard,33294.91
251,Felicia Aguilar,wrightpaul@example.net,Spain,2022-10-09,Standard,29751.43
9927,Mary Santana,nlewis@example.com,United Kingdom,2024-02-11,Standard,6621.54
6192,April Clark,dean03@example.org,Japan,2023-08-27,Premium,1558.75
9651,Whitney Ochoa,cbrooks@example.com,Germany,2025-06-29,Standard,39816.43
193,Courtney Rodriguez,wesleydominguez@example.org,Australia,2023-12-22,Basic,11154.4
821,Anthony Armstrong,jennifermarsh@example.com,Sweden,2026-07-21,Premium,23509.64
9628,Phillip Ramirez,hunttiffany@example.org,Norway,2021-04-02,Standard,32539.33
5715,John Williams,brittany12@example.org,New Zealand,2021-01-09,Premium,7217.96
7196,Tyler Watson,rrichardson@example.net,Singapore,2023-09-24,Standard,5314.06
5716,Steven Stone,michaelrangel@example.org,Germany,2023-06-28,Standard,39644.66
4401,Debbie Schneider,cherylhartman@example.org,Canada,2021-07-09,Premium,25763.6
9291,Deborah Shaw,olivia42@example.org,United Kingdom,2023-06-18,Premium,8236.34
5389,Heather Diaz,colleen97@example.com,Spain,2023-03-19,Premium,37834.56
4167,Roger Weaver,ereed@example.org,Spain,2023-10-12,Basic,42040.84
4952,Kristen Blair,fuenteszachary@example.org,New Zealand,2025-06-15,Basic,38070.51
2688,Ashley Reese,andrew67@example.com,Argentina,2026-07-17,Basic,30733.21
4391,Wendy Smith,yvonnerojas@example.org,Germany,2023-04-11,Standard,22129.43
5861,Ashley Dunn,castrojeffrey@example.org,Singapore,2023-08-01,Standard,31985.23
5982,Jerome Parker,ysmith@example.com,Germany,2023-05-16,Standard,42605.96
4928,Catherine Garcia,bphillips@example.com,Canada,2020-09-20,Premium,5091.69
6736,Phillip Herman,pwatson@example.net,South Korea,2023-08-02,Basic,26471.13
2608,Eric Fitzpatrick,chenjustin@example.org,South Korea,2024-08-23,Standard,2112.7
7467,Shannon Donovan,fharrison@example.net,Norway,2025-07-31,Basic,18944.32
239,Julian Conner,georgeolsen@example.org,Sweden,2024-06-10,Basic,28370.51
4016,Sabrina Miller,beltranerika@example.org,France,2021-02-04,Standard,49196.92
9263,Teresa Norris,domingueztyler@example.com,Canada,2023-04-13,Premium,41965.23
2978,Jonathan Graves,combstravis@example.org,India,2024-05-31,Premium,15928.79
5713,Adam Shannon,swalker@example.com,Norway,2022-12-01,Basic,25947.85
9857,Francisco Johnson,tmatthews@example.org,Netherlands,2021-09-03,Premium,10477.5
5474,Julie Padilla,luis08@example.net,South Korea,2024-03-31,Premium,2081.4
946,Brittany Davis,patrickharris@example.com,Brazil,2023-06-17,Basic,45894.62
8252,Kenneth Watts,lawrenceperkins@example.org,Mexico,2023-09-21,Standard,49522.62
7682,Jason Waters,trujillotiffany@example.net,Brazil,2020-06-01,Standard,7350.8
5098,Mary Johnson DDS,michelle13@example.net,Italy,2024-04-22,Premium,6382.44
6806,Jennifer Sparks,tammy91@example.net,Mexico,2020-04-16,Basic,48590.1
5804,Tyler Stout,paulaschultz@example.org,Switzerland,2025-04-16,Premium,38501.42
3553,Mark Johnson,rebeccacarroll@example.org,Sweden,2020-03-30,Standard,24935.42
9970,Kayla Taylor,stacey56@example.net,United Kingdom,2025-07-11,Standard,40932.28
3361,Justin Cuevas,calvinosborne@example.net,Singapore,2021-02-28,Standard,45390.11
8250,Laura Garcia,brownstephen@example.org,Australia,2026-07-30,Basic,31996.47
2411,Christopher Wright,williampearson@example.net,Australia,2025-05-18,Basic,26600.3
4508,Deborah Garza,cartercarol@example.com,Germany,2020-03-12,Premium,49314.26
8463,Brian Nixon,xhunt@example.org,Canada,2025-11-08,Basic,19757.48
3983,Alicia James,justinmcdaniel@example.org,Mexico,2024-10-22,Standard,41511.11
147,Susan Turner,lawrencemegan@example.org,Netherlands,2023-01-22,Standard,39683.44
6649,Kimberly Holmes,jamieashley@example.com,Spain,2023-06-29,Premium,19073.57
2295,Jessica Mcdonald,iortiz@example.org,Brazil,2021-03-16,Premium,14336.59
2254,Terry Glover,mfarley@example.com,France,2024-04-13,Basic,14071.48
3612,Daniel Shaw,blakethomas@example.net,South Korea,2020-12-17,Premium,16097.53
5354,Vanessa Bishop,ccollins@example.net,Australia,2020-11-29,Premium,31212.06
1737,Gregory Wallace,jaimegarcia@example.com,Spain,2021-03-15,Standard,43663.11
7916,Adam Gillespie,bentleymichael@example.net,Switzerland,2023-08-20,Basic,2244.4
7660,Heather Williams,wmiller@example.net,South Korea,2020-07-28,Standard,43847.89
115,Lisa Allen,jamesmyers@example.com,South Korea,2020-07-30,Premium,43638.91
8861,Julie Jordan,mlee@example.com,United States,2021-04-13,Standard,39479.64
5650,Tamara Peterson,collinsmatthew@example.com,Switzerland,2020-05-05,Standard,13561.91
9845,Ronald Knapp,tiffanybailey@example.org,Netherlands,2020-10-25,Basic,23893.66
499,Felicia Krueger,bauermichelle@example.net,Singapore,2023-06-04,Standard,17901.87
7823,Kathryn Perry,amorales@example.com,Italy,2022-04-03,Premium,47528.25
721,Dr. Andrea Marshall,dmiller@example.com,Canada,2026-02-25,Basic,48143.24
7259,Steven Martin,douglas70@example.com,Spain,2023-09-23,Standard,14138.51
8844,Mr. Leonard Jackson,derrick64@example.org,Brazil,2024-09-05,Premium,24990.91
5731,David Murphy,lauramckenzie@example.net,Spain,2021-01-01,Standard,44976.74
3090,Andrea Lopez,sheliaedwards@example.com,Mexico,2024-07-18,Premium,16197.92
7227,Joshua Henderson,georgejackson@example.net,South Korea,2025-02-24,Premium,44212.71
7307,Angela Trevino,ltran@example.com,Singapore,2026-06-03,Standard,3636.63
6509,Richard Smith,wellstracy@example.org,Norway,2024-08-20,Standard,43636.4
597,Jesse Clark,heatherkelly@example.net,Italy,2022-10-02,Standard,32805.54
9093,Gregory Roberts,michael30@example.net,Japan,2026-07-20,Basic,40672.15
6096,Michael Guerra,dterry@example.net,Mexico,2021-11-22,Premium,33951.09
6054,Amanda Brown,david35@example.net,Brazil,2020-10-12,Basic,45993.93
5165,Lydia Payne,schmidtmariah@example.com,Japan,2026-06-18,Basic,6749.6
1648,Brittany Riley,tiffany40@example.org,Switzerland,2022-05-16,Premium,22866.38
8168,Allison Davis,zmorgan@example.net,Sweden,2024-07-09,Standard,4486.35
6921,Rebecca Clark,mortonjennifer@example.org,New Zealand,2025-01-01,Standard,11059.36
2701,Lindsey Gray,stacie70@example.org,Norway,2025-03-15,Basic,40573.82
8204,Amy Fields,cynthiajohnson@example.com,New Zealand,2022-10-11,Premium,37942.6
1701,Leslie Hernandez,ipoole@example.org,Brazil,2020-03-27,Premium,6865.1
8944,Beverly Romero,terri97@example.org,Germany,2024-04-15,Standard,43732.09
5405,Amy Moore,hernandezchristian@example.org,Netherlands,2024-01-03,Standard,16189.11
7220,Rachel Jones,igarcia@example.net,Switzerland,2024-09-07,Premium,11824.2
7503,Claire Warren,xboyd@example.net,Netherlands,2024-09-02,Premium,25152.64
2943,Joe Martinez,ywatson@example.com,Italy,2026-04-08,Basic,35162.23
6302,Jennifer Norman,jodysoto@example.net,Mexico,2021-06-28,Basic,49302.06
87,Katie Suarez,user036@,Mexico,2024-05-16,Basic,25377.03
2309,Paige Hernandez,veronicajensen@example.org,Mexico,2023-04-22,Basic,16943.18
2678,Stephen Ho,xavierwilson@example.org,Italy,2023-01-21,Basic,31675.26
8217,John Fowler,markcharles@example.net,Brazil,2025-05-30,Premium,1562.43
7730,Rebecca Colon,ghill@example.com,Netherlands,2023-11-10,Standard,15315.24
2595,Dr. Melissa Sullivan DDS,andrewgreen@example.com,Japan,2021-07-18,Premium,32376.45
5885,Annette Fernandez,pamela30@example.net,Brazil,2022-10-09,Basic,27145.86
1030,Tracey Phillips,mckinneyclifford@example.org,Spain,2023-09-19,Basic,15989.94
137,Dr. Paul Morgan,yphelps@example.com,Italy,2020-10-25,Basic,34324.58
6832,Gary Palmer,garymoyer@example.org,Singapore,2026-04-19,Premium,12628.45
7815,Erica White,oestrada@example.com,South Korea,2020-11-22,Premium,32848.89
2855,Caleb Ponce,amorrison@example.net,Singapore,2021-08-02,Basic,3409.52
4410,Brian Cole,suttondarlene@example.net,United Kingdom,2023-02-19,Basic,12135.62
1201,William Moon IV,vburgess@example.net,New Zealand,2020-07-15,Basic,48260.71
4718,Daniel Merritt,daniel10@example.org,Norway,2025-05-11,Standard,42375.25
9518,Kimberly Walker,travis59@example.net,Spain,2025-09-05,Standard,25125.51
6595,Mary Johnson,englishheather@example.net,Switzerland,2022-03-03,Basic,664.56
567,Eric Rush,dorothysmith@example.net,New Zealand,2023-01-05,Premium,36030.19
7329,Marvin Vargas,mdavis@example.net,Singapore,2022-02-03,Standard,24171.41
5431,Joshua Love,xcannon@example.com,New Zealand,2021-04-28,Basic,47872.72
3928,Carrie Coffey,robinsonmark@example.com,South Korea,2024-09-22,Standard,32210.37
6056,Michelle Williams,kdiaz@example.net,United Kingdom,2024-05-05,Premium,17497.81
7590,Zachary Simpson,jodyhernandez@example.org,Spain,2021-08-09,Basic,25340.64
7123,David Garrison,joshuabrowning@example.com,Argentina,2022-11-14,Basic,49682.95
6573,Robert Perkins,melissasullivan@example.com,India,2022-04-20,Basic,1972.51
6536,James Mclean,kelly66@example.org,Mexico,2025-03-26,Basic,8710.17
8914,Gerald Berg,brownsarah@example.com,India,2023-05-11,Basic,42148.05
8276,Matthew Simon,michael21@example.net,Australia,2025-08-12,Premium,27865.45
2331,Joseph Jackson,williamsseth@example.net,Japan,2025-03-04,Premium,29077.16
3516,Jennifer Fields,conniebrandt@example.com,Switzerland,2021-08-02,Basic,47277.81
2188,Emily Fleming,dchase@example.org,Germany,2023-12-18,Premium,43337.66
196,Sabrina Austin,quinnjacob@example.net,Netherlands,2022-10-04,Standard,42287.83
7258,Patricia Williams,gerald13@example.net,Germany,2023-06-12,Standard,41734.69
5667,Kimberly Alvarez,qmccormick@example.com,Singapore,2023-05-27,Standard,43521.26
5060,Anthony Berg,connie93@example.com,Singapore,2026-02-12,Standard,16974.33
803,Stephen Davis,lori56@example.com,Canada,2020-07-14,Standard,18140.87
8849,Charles Nguyen,stephenmorgan@example.org,South Korea,2025-11-27,Premium,34725.99
9929,Amanda Sims,scott89@example.org,United States,2024-10-29,Basic,7687.41
2069,Jason Chaney,wrightvicki@example.net,Japan,2021-09-09,Basic,30702.08
9083,John Banks,paulaross@example.org,Norway,2021-10-28,Basic,14431.85
8745,Lauren Stone,usimpson@example.net,Canada,2022-02-13,Standard,16.94
645,Michael Poole,morganfrances@example.net,Canada,2024-01-16,Standard,28967.42
9375,Peggy Singleton,athomas@example.net,New Zealand,2022-11-03,Standard,36314.52
5104,Cynthia Cohen,wallslance@example.com,Singapore,2022-06-07,Standard,21323.49
5461,Joseph Jones,jhumphrey@example.net,Brazil,2026-03-31,Basic,11482.02
1638,Connor Dominguez,ballen@example.net,Sweden,2025-12-26,Basic,15373.51
121,Ryan Gonzalez,hartmanalex@example.net,Argentina,2025-01-08,Standard,47254.71
2982,John Cook,colehenry@example.org,New Zealand,2020-05-22,Premium,10957.75
5070,Jeffrey Long,nfernandez@example.org,New Zealand,2023-03-23,Standard,49522.4
3075,Brent Rodriguez,felicia80@example.com,Canada,2022-07-27,Premium,14418.03
8928,Elizabeth Simon,kendrasmith@example.net,Spain,2020-07-11,Premium,33836.26
3279,Nathan Lang,rjones@example.org,Canada,2023-11-14,Standard,34653.43
2136,Amanda Hernandez,qmorgan@example.org,Spain,2024-05-09,Basic,35751.2
8942,Jamie Smith,jamesrogers@example.net,Brazil,2022-06-15,Premium,17463.6
4971,Molly White,cprice@example.net,Spain,2021-08-13,Standard,44879.2
6196,Aaron Black,mallen@example.com,Sweden,2022-07-29,Standard,21042.71
135,Kiara Mcintyre,sarah52@example.net,Argentina,2023-11-14,Premium,26652.88
7732,Max Leblanc,georgerodriguez@example.net,Germany,2022-07-01,Basic,17701.29
5325,Tyler Murray,smithlauren@example.com,Singapore,2020-05-05,Premium,36070.3
9641,Julian Williams,stonejose@example.com,France,2021-06-18,Standard,44295.65
6161,Christopher Jensen,colemelissa@example.com,Australia,2021-10-16,Basic,26745.81
2560,David James,aprilhernandez@example.org,India,2023-11-28,Standard,34051.53
63,Andrew Reynolds,@nodomain012,Brazil,2020-06-12,Premium,42297.96
1359,Danielle Jones,keith23@example.com,France,2026-08-08,Standard,29813.14
6726,Kari Simmons,johnsonmelissa@example.com,South Korea,2022-02-25,Basic,10211.19
2468,Robin Richardson,cdavies@example.com,Netherlands,2026-06-05,Standard,34847.16
680,Donald Miller,shawna15@example.com,Mexico,2022-03-02,Standard,15803.33
6798,Bridget Edwards DDS,ryanperry@example.com,New Zealand,2022-10-03,Premium,34050.33
742,Brittney Martin,hlopez@example.org,France,2022-08-21,Standard,36247.04
5308,Elizabeth Taylor,pmartin@example.com,France,2023-01-24,Basic,40684.7
7628,Donna Taylor,hdorsey@example.com,Australia,2021-04-08,Basic,36286.98
3642,Jerry Gilmore,timothy39@example.net,South Korea,2024-02-24,Premium,41121.44
445,Emily Wilson,mannkenneth@example.org,Canada,2024-08-25,Standard,7859.6
8141,Taylor Schultz,samanthacastillo@example.net,Italy,2026-06-15,Premium,8926.01
3259,James Silva,hannahandrews@example.org,France,2022-07-26,Standard,39401.59
4664,Michael Carter,zsmall@example.net,France,2022-05-20,Premium,25241.72
1874,Gregory Stanley,antonio57@example.net,Germany,2023-04-14,Basic,29369.8
6367,Joel Thomas,browntimothy@example.com,France,2020-06-28,Standard,43775.07
2597,Nicole Sanchez,tranashley@example.org,Sweden,2021-12-17,Basic,39241.74
1718,Amy Dougherty,hernandezjacob@example.com,Sweden,2022-02-17,Premium,4379.28
2913,Matthew Watson,kevin01@example.net,United Kingdom,2024-09-25,Basic,24051.91
2844,Christopher Patterson,linda32@example.net,Sweden,2024-07-22,Premium,14374.37
4028,Eugene Fritz,michaelowens@example.com,Germany,2024-05-24,Premium,38982.76
5489,Kelly Rodriguez,gregory10@example.net,United States,2024-05-28,Basic,26249.72
8635,Mark Spencer,jonathan28@example.org,South Korea,2025-11-24,Premium,33767.88
8038,Curtis Davis,wardbrittany@example.org,India,2025-04-16,Standard,7204.21
9233,Jessica Reese,fischeralexandria@example.org,Netherlands,2023-03-26,Basic,44035.09
490,Samuel Turner,smithbrian@example.org,Mexico,2025-04-06,Premium,506.8
494,Tammy Boone,ashley02@example.org,France,2024-11-08,Premium,32774.38
691,Austin Baker,markoconnor@example.com,Brazil,2020-03-26,Premium,2750.56
3822,Theresa Luna,nicolelawson@example.com,Germany,2021-10-19,Standard,3878.3
603,Tina Hall,marknovak@example.com,Australia,2022-03-10,Standard,26731.93
1912,Sharon Lester,stephanie41@example.org,Mexico,2023-05-14,Basic,4962.59
1015,Kelly Johnson,lfrench@example.org,Norway,2022-08-09,Basic,6788.16
6157,Daniel Matthews,walkercody@example.com,Switzerland,2025-07-22,Standard,29152.08
1994,Jordan Nelson,charles64@example.com,Germany,2023-07-30,Basic,47379.33
5770,Jesse Martin,jturner@example.org,Netherlands,2024-04-04,Premium,19132.76
3758,Diana Ramsey,oharrison@example.net,Netherlands,2022-09-19,Basic,24452.05
2367,Sara Cain,terrence99@example.org,Singapore,2025-04-03,Basic,33887.9
5284,Karen Hughes,halebrent@example.org,South Korea,2025-07-31,Standard,21463.83
4371,Danielle Briggs,monica58@example.com,United Kingdom,2023-02-06,Standard,605.21
6884,Kelly Preston,timothywhite@example.com,Sweden,2020-10-13,Premium,10111.72
7012,James Cox,bward@example.org,New Zealand,2022-01-09,Premium,16460.42
1362,Frank Wheeler,ryan06@example.net,Switzerland,2025-07-01,Premium,47143.73
8462,Joseph Chan,williamsjames@example.net,Italy,2022-03-26,Premium,48926.08
1527,Bethany Garcia,kweeks@example.net,France,2024-06-07,Premium,16129.44
1328,Nicholas Franklin,bgarcia@example.org,Italy,2023-12-06,Basic,24317.44
8508,Lee Boone,jennifer08@example.net,Australia,2026-05-26,Premium,2109.45
9032,Jeffrey Alvarez,crawforddavid@example.net,Switzerland,2020-11-25,Premium,389.77
1552,Jennifer Flores,melissa74@example.com,Australia,2021-07-09,Premium,6466.27
7770,Michael Wilson,sheribryan@example.net,Canada,2024-03-14,Basic,42945.48
9909,Veronica Burns,darylreyes@example.com,Japan,2020-04-10,Basic,48054.54
1338,Kevin Hall,mckenziepatrick@example.com,United Kingdom,2023-01-18,Standard,44260.27
3902,Julie Rodriguez MD,danielturner@example.org,New Zealand,2021-10-28,Basic,18491.93
3011,Robert Smith,christophersolis@example.org,France,2024-12-20,Premium,38526.16
5042,Susan Sullivan,yjackson@example.org,Argentina,2020-06-04,Basic,24655.07
8826,Crystal White,robert76@example.net,Japan,2021-08-26,Standard,9209.86
2251,Kevin Gregory,drobertson@example.org,New Zealand,2026-04-21,Standard,581.63
6534,Vincent Huynh,andersonsandra@example.org,Italy,2024-03-12,Standard,37632.86
5040,Courtney Page,penny05@example.com,South Korea,2025-10-06,Standard,47094.53
2347,Keith Long,kathrynwilliams@example.org,Canada,2026-03-23,Premium,23432.26
9283,Ronald Martin,kglover@example.net,Italy,2022-09-30,Premium,35652.1
5486,Matthew Moore,hicksandrew@example.com,Argentina,2025-11-05,Basic,15657.76
2785,Gloria Floyd,scottcollins@example.net,Mexico,2022-04-09,Basic,46979.28
5120,Anna Wong,lucassteele@example.org,Netherlands,2024-03-30,Standard,24940.59
7551,Brenda Anderson,adrianhawkins@example.org,New Zealand,2022-02-26,Basic,33354.38
5556,Susan Armstrong,hramirez@example.org,Sweden,2020-07-18,Basic,16805.45
5600,Christian Rowe,mjackson@example.net,France,2020-12-22,Premium,35057.37
7631,Dr. Heather Johnson PhD,amanda48@example.net,South Korea,2021-10-26,Basic,25780.26
151,Natalie Bautista,fmarshall@example.com,Canada,2022-06-15,Basic,6678.07
2805,Donna Moore,shane55@example.com,Japan,2024-07-12,Standard,10393.02
5875,Stacy Macias,barnesanthony@example.com,France,2024-10-16,Basic,12666.42
2087,Jason Mack,emma83@example.net,Germany,2025-04-21,Basic,3455.38
3752,Kevin Walter,rittercharles@example.org,Spain,2020-04-28,Standard,3800.7
5613,Anthony Cherry,jeffrey11@example.com,New Zealand,2024-08-30,Basic,12310.05
2260,David Hanson,hcox@example.net,United States,2026-04-07,Premium,34037.09
4018,Anita Chapman,andersonkimberly@example.net,Norway,2022-08-05,Premium,5820.27
6114,Carolyn Kane,wmorgan@example.org,Brazil,2024-07-23,Standard,1478.35
6059,Michael Buchanan,greendylan@example.org,South Korea,2022-02-05,Basic,14665.58
2425,John Davidson,qthompson@example.net,Norway,2021-11-10,Premium,44960.78
8035,John Johnson,melissa69@example.org,Switzerland,2023-05-21,Standard,31135.1
3857,Bruce Spencer,watersphilip@example.net,France,2025-05-21,Premium,22508.4
860,Debra Butler,mccallcrystal@example.org,Argentina,2022-02-23,Standard,20636.91
8171,Mary West,megan58@example.com,Germany,2020-07-23,Basic,356.61
7592,Joseph Collins,elainewilliams@example.com,France,2025-07-26,Premium,2399.62
8098,Valerie Rodriguez,jwhitaker@example.org,Sweden,2026-03-18,Premium,3471.49
7321,Kelly Howard,jonathan75@example.org,New Zealand,2024-12-25,Premium,29984.73
8564,Julie Chan,noblemary@example.net,Mexico,2021-09-27,Basic,715.35
4740,Ann Boyd,elizabeth84@example.net,Mexico,2025-08-15,Premium,46207.93
8595,Megan Shah,scottsloan@example.com,Spain,2024-05-24,Premium,24204.55
4463,Bryan Miranda,ymcbride@example.com,Spain,2025-08-27,Premium,12733.49
5529,Matthew Dominguez,vrodriguez@example.com,Spain,2023-01-30,Basic,3228.85
1365,Andrew Meyers,xneal@example.org,New Zealand,2024-11-06,Premium,11593.88
1780,Justin Page,michael47@example.net,Australia,2022-06-18,Standard,1572.26
9222,George Odonnell,lopezbailey@example.org,Japan,2025-06-14,Premium,12642.23
4786,Jon Ramos,jorge30@example.com,United States,2021-07-03,Standard,16953.94
6335,Paul Rich,brandyhunter@example.net,Canada,2021-12-06,Premium,3666.73
1819,Bryan King,phillipmartinez@example.net,South Korea,2022-11-20,Standard,40555.44
7800,Joseph Payne,donaldreid@example.com,Australia,2021-07-12,Premium,45388.19
4938,Rose Mclaughlin,jessicalopez@example.com,Argentina,2025-03-07,Basic,36596.51
2705,Vincent Rosario,kylesmith@example.com,United Kingdom,2022-12-29,Basic,28465.37
5286,Robert Roberts,dawnadams@example.net,Italy,2023-08-27,Standard,24460.03
176,Theodore Jones Jr.,courtneysanchez@example.net,Brazil,2024-03-15,Basic,49716.09
7482,Austin Taylor,youngsusan@example.com,Japan,2021-09-03,Basic,20677.72
2094,Heidi Johnson,fcalhoun@example.org,Netherlands,2021-08-09,Basic,6148.46
8751,John Andrews,codypeters@example.org,Germany,2023-04-02,Basic,49254.1
3492,Gilbert Reed,michael18@example.org,Switzerland,2023-06-25,Standard,8233.6
1921,Charles Thompson,vcabrera@example.net,Switzerland,2020-01-19,Premium,47218.43
83,Susan Murray MD,@nodomain032,Germany,2025-03-15,Basic,6553.74
817,Carmen Preston,jasonhardy@example.net,Argentina,2022-12-24,Standard,12480.95
8602,Patrick Daniel,melvinlawrence@example.net,Brazil,2020-11-17,Basic,4435.2
7355,Jessica Walsh,thomas87@example.com,France,2024-01-03,Standard,38076.36
4397,Cheryl Jackson,elliscasey@example.com,New Zealand,2022-07-21,Basic,4145.89
9182,James Jones,gayjames@example.com,New Zealand,2024-01-18,Standard,6447.57
5569,Amy Knight,gregorymiller@example.com,Italy,2020-07-15,Basic,14485.21
284,Brenda Thornton,hilldebra@example.org,South Korea,2022-02-15,Premium,27094.48
4121,Natalie Watson,teresa59@example.net,Norway,2026-08-02,Standard,16830.96
7481,Rhonda Simmons,tbutler@example.org,Italy,2026-06-16,Standard,1243.97
610,Dennis Huffman,josephcoleman@example.net,Japan,2020-10-28,Basic,43984.75
2916,Stephanie Hoffman,matthewochoa@example.com,United Kingdom,2022-03-19,Basic,15517.76
1814,Brenda Perez,nicole77@example.com,India,2025-03-29,Premium,325.85
1272,Amy Rowe,wjohnson@example.net,South Korea,2025-03-20,Standard,41621.06
5925,Russell Downs,stephensapril@example.com,France,2020-06-18,Premium,14021.41
9596,Lauren Sandoval,alexanderoliver@example.org,Spain,2022-04-17,Standard,44375.99
2995,Monica Smith,owatkins@example.net,France,2025-03-20,Premium,11419.99
7110,Steven Perry,wendytucker@example.net,United States,2025-09-28,Premium,49564.42
8614,Jeffrey Jones,aimeeturner@example.org,Canada,2021-06-04,Basic,21532.79
7357,Kimberly Smith,heathelizabeth@example.net,Netherlands,2022-10-13,Premium,10600.65
2643,Crystal Rogers,bmiller@example.org,Italy,2021-04-23,Basic,23195.84
6554,Jeffrey Jones,thall@example.org,Brazil,2026-02-11,Premium,5286.18
4509,Rebecca Miller,robert90@example.com,Japan,2024-05-15,Premium,8953.0
2306,Elijah Short,garciaveronica@example.com,Canada,2026-03-30,Basic,26848.1
6503,Gerald Moran,terriramos@example.com,Italy,2021-05-31,Basic,1207.12
6261,Sarah Padilla,lindsey87@example.com,Spain,2026-03-22,Premium,11048.47
4196,Patricia Williams,kellylisa@example.net,Singapore,2023-11-28,Premium,27337.03
5563,Jacob Love,christopherdiaz@example.net,Netherlands,2020-01-02,Premium,32196.73
4841,Joshua Smith,christopherwalter@example.com,New Zealand,2021-11-03,Premium,20811.62
4656,Christopher Sanchez,olsonmichael@example.net,Spain,2024-07-18,Standard,2382.08
8148,Cody Love,franklinjennifer@example.org,Australia,2022-11-03,Standard,46754.86
4169,Bryan Lopez,nhurley@example.org,France,2025-08-11,Standard,9366.38
3850,Charles Fuentes,bakercolleen@example.org,South Korea,2020-11-03,Standard,27437.14
9848,Jon Jackson,justincampbell@example.net,Brazil,2025-02-17,Standard,16922.08
8402,Elizabeth Anderson,heatheradams@example.com,Japan,2022-07-14,Standard,6547.9
5254,Haley Jackson,weaverjimmy@example.net,Singapore,2026-08-06,Premium,1375.49
7885,Christopher Howard,stephenbarker@example.com,Germany,2020-03-23,Basic,19989.14
5534,Brittany Allen,jhenderson@example.org,Brazil,2025-11-04,Standard,31730.55
2415,Jonathan Moss,rschultz@example.org,Italy,2022-10-24,Standard,34908.71
3555,Nathan Mcgee,colemanlance@example.net,Norway,2021-08-19,Standard,35687.52
4692,Dana Bennett,bmorton@example.net,Japan,2023-12-18,Standard,31553.54
4499,Ryan Pierce,thomassutton@example.com,Canada,2025-03-21,Standard,12856.39
2196,Mariah Jones,patricia00@example.net,United Kingdom,2021-11-21,Basic,41435.8
5046,Jeffery Thompson,stephanie72@example.org,Switzerland,2026-02-01,Basic,8263.33
2601,Kelly Walker,jamespearson@example.org,Germany,2025-12-15,Premium,11434.19
1519,Tamara Mcdonald,pearsonjames@example.org,South Korea,2020-03-15,Premium,8191.92
4765,Claire Hoffman,sandovalkerry@example.com,United Kingdom,2020-03-11,Premium,27986.99
4315,Scott Miranda,fspencer@example.org,Mexico,2020-07-11,Standard,18177.98
3367,John Williams,welchstephanie@example.com,Brazil,2022-12-13,Standard,18697.81
6066,Tyler Cole,foxandrea@example.com,Norway,2024-05-13,Standard,25863.52
6583,Rhonda Oconnell,carolthomas@example.com,Germany,2021-05-09,Premium,33601.32
2634,Danielle Wang,yorkkathy@example.org,Brazil,2020-11-03,Basic,36860.65
7338,Philip Hodges,barnetthunter@example.com,Canada,2020-02-13,Premium,38399.33
5634,Matthew Mccullough,hannah74@example.org,South Korea,2021-08-16,Standard,36026.82
9169,Julie Sandoval,nicolepearson@example.net,Switzerland,2021-02-05,Basic,43674.85
8790,Shane Greene,usullivan@example.com,Netherlands,2020-12-08,Basic,43251.88
2435,Lance Lynn,robert19@example.com,Switzerland,2023-10-24,Premium,43963.61
8278,Daniel Ortega,wrighttina@example.net,Switzerland,2022-06-29,Basic,38797.3
6759,Joshua Reed,jeremy34@example.net,Italy,2021-11-15,Premium,24413.93
6612,Jennifer Cummings,jennifersmith@example.net,France,2021-02-21,Basic,47847.81
4521,Kathleen Levine,jennifermccoy@example.net,France,2024-07-27,Premium,16571.62
5588,Melody Ochoa,zvelasquez@example.net,Mexico,2023-06-18,Basic,16524.42
3546,Melissa Carroll,sharon27@example.org,Canada,2026-05-23,Standard,12577.57
5966,Tracy Roberts,nfischer@example.com,Japan,2026-07-24,Premium,28732.8
5993,Veronica Simmons,hansonmark@example.org,Italy,2021-08-08,Basic,46094.86
8806,Kenneth Williams,rthompson@example.org,India,2021-07-09,Standard,28087.52
5532,Katherine Downs,jessicahughes@example.net,Japan,2026-03-01,Standard,45336.74
5445,Elizabeth Chase,snyderricardo@example.net,United States,2021-01-13,Standard,31.39
518,Pamela Gutierrez,velliott@example.net,Australia,2020-01-04,Basic,14122.95
6111,Tracy Lopez,davidking@example.com,Argentina,2021-04-18,Premium,47257.15
6865,Karen Wells,swilcox@example.net,Spain,2025-08-25,Basic,43122.95
7961,Hannah Dickson,amy87@example.com,Australia,2023-03-06,Premium,41503.11
1416,Dr. Katherine Nguyen,emmawells@example.net,Canada,2025-05-01,Standard,773.47
4665,Susan Johnson,ktaylor@example.org,France,2025-08-20,Basic,44896.65
4457,Christina Martin,garyrodriguez@example.com,Sweden,2024-10-06,Basic,10741.78
2762,Paul Hansen,gonzalescynthia@example.net,Brazil,2024-04-16,Standard,16905.22
4856,Mark Mcpherson,johnsonkeith@example.com,Argentina,2023-04-10,Basic,40042.6
128,Heather Fields,snyderjodi@example.net,Germany,2020-09-12,Basic,2994.2
3475,Mrs. Tammy Curry,william97@example.net,Japan,2025-01-31,Basic,43946.0
7970,Philip Yates,robertthompson@example.com,Australia,2021-09-14,Basic,13740.55
4311,Andrea Garcia,vaughnchristina@example.net,Italy,2024-09-20,Premium,46527.38
2439,Jay Gallegos,philipwatson@example.com,Argentina,2022-08-11,Basic,32176.34
3766,Kyle Garza,william60@example.net,Spain,2020-01-13,Basic,14183.07
6877,David Fitzpatrick,steven36@example.com,Mexico,2022-04-11,Basic,660.79
5897,Wayne Barnes,powens@example.net,Germany,2020-06-14,Basic,38142.51
5841,Phillip Rodriguez,wendy83@example.com,Sweden,2023-08-13,Premium,4043.89
8843,Melissa Jackson,johnathancraig@example.org,India,2022-03-23,Basic,22413.8
9771,Stephanie Robinson,fmckee@example.com,Mexico,2024-11-10,Premium,36674.19
1474,Elizabeth Hunter,johnsonanthony@example.net,South Korea,2021-09-29,Premium,44898.81
4822,Michael Flores,gardnerelizabeth@example.org,Italy,2022-02-24,Standard,20070.21
6916,Nicole Roberson,hansenshane@example.org,Norway,2021-05-11,Basic,26938.85
3561,Eric Walker,longscott@example.net,Mexico,2023-12-14,Premium,1624.98
3952,Rachel Miller,andreacrane@example.com,South Korea,2026-02-10,Basic,48609.58
50,Theresa Clark,,Netherlands,2023-05-31,Premium,24553.39
5438,Ryan Moore,vward@example.org,Argentina,2023-09-04,Premium,22691.67
9898,Jamie Rose,mooneypatrick@example.org,Singapore,2025-06-01,Basic,37763.11
888,Shannon Green,peterhamilton@example.com,United Kingdom,2023-04-03,Standard,7230.39
2617,Jeffrey White,kellysmith@example.com,Switzerland,2025-11-19,Basic,12263.21
517,Ryan Landry,cscott@example.com,France,2021-09-03,Premium,192.5
3169,Austin White,susan55@example.com,Mexico,2021-02-18,Premium,2119.25
2950,Mary Moss,astone@example.net,Canada,2021-10-08,Standard,31217.04
1425,Eddie Sanders,martinsuzanne@example.org,Japan,2024-11-22,Basic,18967.55
140,Tracy Ballard,uthomas@example.org,Netherlands,2026-05-27,Standard,39318.07
1925,Tracey Suarez,charlescole@example.net,Japan,2024-10-23,Basic,48081.56
2379,Howard Thompson,bauerian@example.com,Sweden,2020-07-28,Basic,13146.62
3198,Paul Wilson,haynesalicia@example.com,South Korea,2020-02-25,Standard,2884.26
5132,James Rodriguez,levyelizabeth@example.org,Netherlands,2026-03-21,Premium,17250.42
113,Joseph Knight,morriskevin@example.net,Netherlands,2025-01-14,Basic,4483.1
4560,Toni Cunningham,vhampton@example.com,Norway,2020-07-09,Basic,16272.36
4596,Tonya Richards,bartlettnicholas@example.org,France,2022-09-13,Basic,24662.21
7998,Carlos Brown,angelicaparks@example.com,Argentina,2022-10-22,Standard,29645.24
3251,Amanda Walters,asoto@example.net,Singapore,2023-08-01,Standard,37041.23
4691,Carl Harper,bensonkatie@example.net,Germany,2025-06-08,Standard,1972.82
8116,Jeremy Miller,aprilyoung@example.com,Switzerland,2021-12-08,Premium,32977.5
7768,William Webb,allenhawkins@example.net,United Kingdom,2024-03-10,Basic,33082.99
4547,Brianna Adams,asutton@example.org,Brazil,2022-11-12,Basic,20094.73
7085,Mary Day,brucetravis@example.net,Italy,2023-08-11,Standard,27305.24
3278,Erin Jacobs,xellis@example.org,Brazil,2022-11-02,Standard,7928.16
7543,Brian Allen,pscott@example.com,France,2024-02-19,Standard,11082.46
6594,Christine Sanders,sherrycervantes@example.org,Germany,2024-03-15,Premium,36160.96
4069,Mario Peters,karen73@example.org,India,2023-02-28,Premium,33753.88
4409,Bobby Matthews,barry66@example.net,Canada,2024-06-25,Basic,49888.93
8645,John Elliott,donaldknight@example.org,Brazil,2020-10-18,Premium,21660.3
8589,Frederick Jones,erica49@example.org,South Korea,2026-01-06,Premium,45522.28
7385,Melissa Greene,christopher62@example.net,Australia,2020-01-06,Premium,41343.47
3223,Jeffrey Romero,shall@example.com,Australia,2024-08-20,Basic,45265.63
8211,Stephen Carr,thompsonjoseph@example.org,Netherlands,2021-06-17,Premium,9424.44
452,Michael Miller,vswanson@example.com,Germany,2020-03-06,Premium,3464.64
3732,Tiffany Phillips,breed@example.net,Sweden,2024-03-09,Premium,16251.11
8954,Megan Khan,lisaconley@example.org,Mexico,2021-12-08,Basic,12453.61
4987,Jennifer Brown,scottpetersen@example.net,Mexico,2025-01-12,Basic,1623.6
3664,Misty Martinez,johnwarner@example.net,South Korea,2022-05-22,Premium,47065.33
2764,Martin Wilcox,ryan23@example.org,Norway,2025-12-18,Basic,42610.32
659,Scott Alexander,tonyajohnson@example.net,Australia,2021-11-17,Standard,46542.61
7679,Melissa Nguyen DVM,gallen@example.com,Norway,2026-05-02,Basic,46012.65
7677,Laura Cox,zmiller@example.com,Spain,2024-03-24,Standard,9219.47
4621,Rhonda Willis,thomas26@example.net,Mexico,2026-01-31,Standard,27749.4
1000,Monica Anderson,christopherthomas@example.net,Japan,2023-12-21,Standard,20139.86
390,Veronica Silva,fischerdanielle@example.org,Switzerland,2022-07-12,Premium,9027.76
3408,Charles Willis,dominiquepowers@example.com,United States,2026-06-08,Standard,38048.17
1477,Christopher Rivera,vmorris@example.org,Spain,2023-02-05,Basic,2591.36
2241,Rachel Gibson,websterbrandy@example.org,South Korea,2025-09-01,Standard,27321.43
2387,Valerie Benson,davidcook@example.org,Argentina,2021-05-21,Premium,43300.87
9140,Kari Conner,wrightdavid@example.org,Netherlands,2021-08-20,Standard,41030.02
993,Jenna Bryant,knightrobert@example.net,Sweden,2020-12-09,Premium,8338.97
4998,Nancy Lee,david52@example.com,Australia,2024-02-14,Premium,39442.12
3923,Maria Campbell,carrieowens@example.com,Australia,2023-02-05,Basic,49694.51
2973,Darrell Oliver,derek08@example.org,Brazil,2026-07-07,Basic,15901.96
3387,Keith Horton,lgreen@example.com,New Zealand,2023-01-30,Premium,312.72
7886,Jose Cook,katelyn44@example.com,Italy,2020-06-16,Standard,3955.42
8813,Heidi Stewart,rowens@example.com,Italy,2025-07-28,Standard,15291.51
4770,Chase Matthews,nicholsjohn@example.net,Italy,2020-03-03,Basic,44294.21
1294,Chad Roach,rhonda24@example.net,France,2022-07-29,Premium,13583.84
1825,Monica Allen,virginia46@example.com,Norway,2025-12-22,Standard,28753.12
2874,Alyssa Zimmerman,kerri63@example.org,Singapore,2022-06-21,Premium,5070.67
4174,Karen Mendez,acostaangela@example.com,Sweden,2024-04-12,Basic,18930.84
2536,Laura Hill,margarettaylor@example.org,United Kingdom,2024-09-08,Standard,42717.67
9133,Michael Curtis,ajordan@example.com,United Kingdom,2020-11-29,Standard,2207.61
1908,Christopher Taylor,garciapamela@example.org,Switzerland,2024-03-29,Basic,3435.41
43,Rodney Morales,,United Kingdom,2020-08-01,Premium,21547.6
9492,Robert Pittman,christymcguire@example.net,United States,2022-05-26,Premium,46446.47
369,Kenneth Edwards,sharon07@example.net,Germany,2024-07-12,Basic,48196.1
1152,Dawn Wyatt,johnhanson@example.com,Argentina,2022-04-22,Premium,24939.42
7753,Cindy Harrington,emily88@example.org,Japan,2024-07-29,Standard,41350.58
6359,Joshua Jones,brooksbradley@example.com,India,2023-01-21,Standard,4061.75
5913,Kristen Larson,colleenhernandez@example.com,Switzerland,2022-10-18,Basic,40420.68
6508,Jeffrey Leon,jaredrobinson@example.net,Australia,2020-03-29,Basic,43533.32
7526,Christine Lopez,awatkins@example.org,Mexico,2021-01-27,Basic,35662.7
4161,Gregory Russell,xrojas@example.com,Netherlands,2020-02-09,Basic,257.48
4288,Michael Burke,floresmegan@example.org,Italy,2021-08-13,Standard,37542.67
7776,Luke Moore,laura48@example.org,Singapore,2025-11-24,Premium,24120.62
6715,Natalie Stanley,thompsonamber@example.com,Switzerland,2021-02-19,Basic,18839.69
175,James Parks,jasonallen@example.org,Netherlands,2021-07-20,Basic,36164.41
1904,Dawn Burke,lclark@example.com,Italy,2023-06-28,Basic,11565.17
1100,Raymond Quinn,spencerjoshua@example.org,Singapore,2024-03-31,Premium,26429.01
8115,Anthony Parker,fisherjason@example.org,South Korea,2022-04-08,Premium,19310.62
3409,James Chapman,nvillanueva@example.com,Australia,2023-04-30,Premium,16408.42
1539,Jamie Snyder,wardtimothy@example.net,Argentina,2024-02-09,Premium,1350.7
2293,Bradley Wallace,crawfordamy@example.com,India,2023-01-26,Standard,35989.55
9301,Joshua Rice,kingmichael@example.org,New Zealand,2026-04-30,Standard,15135.75
1364,Wanda Ramos,olsonkathleen@example.net,Singapore,2024-04-12,Basic,17465.99
7189,Patrick Blair,berrynancy@example.org,Switzerland,2020-04-14,Basic,37348.2
6628,William Guzman,sarah21@example.org,Canada,2020-06-18,Premium,17302.18
5261,Daisy Larson,gibbsrobert@example.org,Argentina,2025-08-19,Basic,22202.72
6816,Nicholas Eaton,smithpaul@example.com,Spain,2025-03-22,Standard,912.53
9462,Joseph Brown,michelledavis@example.org,South Korea,2024-02-14,Basic,6528.98
681,Lindsay Lawson,vnavarro@example.org,Sweden,2022-07-22,Premium,9132.45
9316,Allison Clay,jonesbonnie@example.com,Germany,2022-06-17,Standard,9788.68
9299,Kevin Torres,traci77@example.com,Italy,2022-06-16,Premium,29732.07
3665,Barbara Burns,wbrady@example.org,Netherlands,2022-01-12,Basic,12445.4
1662,Timothy Williams,austin89@example.org,United States,2021-09-15,Premium,31237.92
509,Dean Donovan,seanshaw@example.com,Australia,2020-01-08,Standard,17132.19
167,Allison Smith,diamond43@example.net,Spain,2025-03-26,Premium,13388.2
5498,Bianca Davis,gregoryjackson@example.org,New Zealand,2026-06-15,Standard,16541.2
8300,Paul Bentley,brandonalexander@example.org,United Kingdom,2020-09-08,Standard,32634.24
1007,Michelle Walls,paulgolden@example.org,France,2022-05-10,Basic,18223.44
9740,Michael Underwood,josephsantos@example.com,France,2021-07-31,Basic,6504.47
1915,Brian Navarro,hfloyd@example.com,Japan,2024-05-20,Standard,18086.14
3495,Andrew Phelps,ellisrobin@example.org,Singapore,2020-12-11,Standard,36342.02
9634,Christopher Cole,andreaclayton@example.org,Spain,2023-01-05,Premium,46122.92
9751,Lisa Mendoza,blakescott@example.org,Germany,2021-04-10,Standard,40502.46
6445,Sarah Smith,matthew28@example.com,Australia,2025-10-19,Standard,16143.25
4991,Sarah Berry,rvargas@example.com,Brazil,2021-03-31,Premium,21331.63
2537,Rebecca White,sharonbeck@example.com,Spain,2021-12-17,Standard,34466.3
1105,Travis Hopkins,michaeljones@example.org,Germany,2020-10-02,Basic,37457.99
3876,Shelly Rodgers,gina43@example.com,Argentina,2021-09-11,Premium,1347.5
7524,Austin Kane,brooksemily@example.net,Italy,2025-03-03,Standard,21183.33
1753,Joshua Martin,mistyenglish@example.net,Singapore,2021-02-08,Standard,35639.14
5311,Kimberly Grant,yjensen@example.org,Norway,2022-01-01,Premium,16973.95
7297,Jessica Munoz,ashley24@example.org,India,2024-01-07,Basic,48688.64
2917,Lance Rose,matthewespinoza@example.com,Germany,2025-07-27,Premium,46830.61
8975,Laura Patterson,zking@example.net,Switzerland,2020-04-03,Standard,38370.38
5755,William Lewis,sandersalexandra@example.net,New Zealand,2020-02-05,Basic,19212.59
153,Brett Burns,heidihunter@example.org,Brazil,2024-11-09,Basic,26580.56
7691,Heather Payne,lisaporter@example.net,Germany,2020-06-08,Basic,19814.31
5680,Maurice Graham,brianoliver@example.net,New Zealand,2020-11-26,Standard,41855.31
3908,Tiffany Peterson,patrickmiller@example.com,Sweden,2022-04-09,Standard,16188.28
9136,Deborah Reed,brobinson@example.net,Singapore,2020-02-03,Standard,11876.66
2553,Jill Ray,kristeningram@example.com,India,2024-10-01,Standard,43142.3
2774,Douglas Sanders,warnerterri@example.org,Switzerland,2023-08-29,Premium,24213.48
6099,Alison Faulkner,eric52@example.com,Spain,2021-03-06,Basic,41715.42
3552,Bridget Carter,sgonzalez@example.org,Brazil,2025-07-05,Premium,35329.94
3723,Ryan Walker,priscilla11@example.com,India,2021-03-25,Premium,15464.4
9871,Daniel Ponce,vsmith@example.com,Japan,2022-04-04,Basic,19737.98
521,Mary Jensen,jellis@example.com,Canada,2023-07-22,Basic,530.41
8034,Cynthia Price,eholland@example.net,India,2021-08-24,Premium,16737.78
4539,Dustin Campbell,kerryschultz@example.com,Japan,2025-10-06,Premium,13239.66
6779,Frank Franklin,randrade@example.org,Japan,2026-04-23,Standard,31155.99
1823,Ryan Mcmahon,jonesfrancisco@example.com,Sweden,2021-02-07,Standard,20809.38
4087,Debbie Allen,bsandoval@example.net,Switzerland,2023-09-02,Premium,39756.84
6149,Patricia Paul,zmarquez@example.org,Argentina,2021-03-13,Premium,5793.4
8743,Trevor Ross,nicholas00@example.com,Italy,2020-07-21,Basic,49421.34
9473,Jennifer Alexander,ecarr@example.com,Norway,2020-07-03,Standard,22137.24
7742,David Wilson,feliciamaynard@example.org,Brazil,2023-03-19,Basic,4810.25
310,Steve Paul,kaiserjames@example.net,Netherlands,2023-02-26,Premium,22449.51
7721,Ashlee Thomas,jramirez@example.net,Netherlands,2023-12-03,Standard,7398.28
8223,Bradley Schultz,morrisjillian@example.org,Spain,2023-01-30,Premium,45333.04
8657,Mr. Michael Garcia,iroberts@example.com,New Zealand,2020-02-18,Premium,40383.48
3600,Tyler Zavala,jennifergilbert@example.org,New Zealand,2024-05-15,Premium,3458.02
3623,David Armstrong,dclark@example.org,Netherlands,2022-11-19,Standard,11016.67
3812,Betty Pollard,stacyroth@example.com,United Kingdom,2021-05-16,Premium,41440.63
3451,Jesse Tucker,davidjackson@example.com,Sweden,2022-07-25,Premium,14965.0
4592,Christopher Jones,jfuentes@example.net,France,2020-06-07,Premium,10052.0
206,Megan Nelson,rosaleslauren@example.net,Italy,2024-09-07,Standard,7122.66
9841,Sharon Parks,melissa45@example.net,United States,2023-02-23,Premium,26006.32
1136,Jennifer Hernandez,helen14@example.com,South Korea,2026-05-31,Standard,23972.41
9385,Brett Vincent,andrewdennis@example.com,Netherlands,2023-11-14,Premium,22672.07
2750,Robin Hernandez,dmalone@example.com,Australia,2026-03-28,Basic,43938.9
3614,John Griffith,guzmancarl@example.com,Mexico,2024-06-23,Standard,9260.19
306,Kaylee Hays,bendermatthew@example.org,Switzerland,2024-08-05,Standard,10036.26
1850,John Morrison,joshuanorris@example.com,Spain,2023-02-03,Premium,18262.24
7670,Haley Cowan,mlarson@example.org,Singapore,2022-11-06,Basic,40404.55
1989,Michael Graham,daviswilliam@example.org,New Zealand,2021-06-18,Basic,16093.77
3241,Brian Mccarthy,thomassingleton@example.org,United States,2022-03-13,Standard,26791.02
2799,Sylvia Anderson,smithrobert@example.org,France,2025-12-01,Standard,28383.91
4516,Amy Clark,wendyhumphrey@example.org,Australia,2023-08-14,Basic,21945.69
5631,Shannon White,mhernandez@example.com,Spain,2026-07-28,Premium,19900.59
9373,Patrick Mason,scottmaddox@example.org,Canada,2023-02-27,Premium,46729.23
3110,Amanda Zavala,kristirios@example.net,Singapore,2024-12-20,Standard,13741.4
4940,Ryan Smith,pbarnes@example.com,Sweden,2021-01-26,Premium,23520.43
4060,Mr. Don Flores,william49@example.com,Argentina,2021-07-26,Standard,8681.8
1988,David Johnson,hortoncarrie@example.net,South Korea,2026-01-06,Standard,34565.35
7158,Erica Turner,ssteele@example.net,Brazil,2022-06-14,Standard,41789.84
8875,John Gallegos,christian14@example.net,Canada,2022-05-19,Standard,27612.88
6614,Benjamin Hines,davidgordon@example.org,Italy,2020-02-03,Basic,46137.4
384,Gary Wells,shawsteven@example.org,Mexico,2023-04-07,Standard,5174.31
5635,Steven Tyler,wpeterson@example.net,Germany,2024-06-12,Premium,47640.93
4308,Teresa Thompson,ssoto@example.net,Italy,2022-04-11,Standard,13879.43
3389,Nicholas Lopez,rlarsen@example.net,Canada,2026-02-02,Premium,29282.08
3157,Carla James,knorris@example.com,New Zealand,2024-04-28,Basic,30943.54
9996,Arthur Campbell,gabrielleheath@example.org,Italy,2021-01-03,Basic,9595.22
2728,Karen Jones,wulaura@example.com,Sweden,2024-10-22,Premium,25055.8
6334,Samuel Rocha,thomas70@example.org,Singapore,2023-09-23,Basic,4127.39
9900,Ryan Lyons,campbellkathleen@example.net,Spain,2025-05-15,Basic,13239.79
8752,Craig Harris,rcollins@example.net,Japan,2022-01-30,Basic,42214.95
8303,Joseph Edwards,johnwalters@example.com,Italy,2023-07-22,Standard,25059.92
6038,Denise Hendricks,hbaker@example.com,Germany,2024-07-31,Premium,19066.65
3833,Christopher Banks,olsonmike@example.com,Japan,2022-10-15,Basic,7084.26
8918,Julie Padilla,paulayala@example.net,United States,2025-05-13,Standard,35500.95
4777,Brad Lee,craigchristina@example.net,South Korea,2024-12-15,Premium,21618.58
4277,Mr. Ryan Walker,robert01@example.org,Switzerland,2025-06-21,Standard,37495.44
254,Emily Bennett,lauraball@example.net,France,2020-03-03,Basic,47835.76
7896,Johnny Fisher,randy36@example.net,Norway,2023-12-30,Premium,47573.28
9591,Amy Boyd,christophermccoy@example.net,United Kingdom,2025-03-15,Premium,40185.89
7289,Anthony Carlson,barry95@example.org,Canada,2024-06-16,Standard,42775.54
279,Alexander Brown,angelagarcia@example.net,Argentina,2022-11-28,Premium,29123.28
3253,Megan Baker,garcialindsay@example.org,Netherlands,2021-06-18,Basic,2058.46
2481,Carol Griffin,taylorryan@example.org,Netherlands,2021-03-23,Basic,35744.72
290,Taylor Carlson,plucero@example.org,Japan,2021-01-07,Premium,36739.45
6087,Jody Rice,greenstacy@example.com,Norway,2025-08-09,Basic,45216.12
3076,Karen Wolf,ibarnes@example.com,Brazil,2026-01-16,Basic,29145.48
8124,Shannon Harper,pauljames@example.org,United Kingdom,2023-11-13,Standard,22862.39
7599,Kevin Hansen,sandra86@example.org,Canada,2023-08-17,Standard,7984.71
6404,Daniel Brown,marisa96@example.org,Singapore,2026-07-27,Basic,43892.97
5090,James Garcia,ibuckley@example.net,Switzerland,2021-01-20,Standard,48936.52
7284,Kathryn Mendez,uperkins@example.net,India,2026-03-02,Premium,25179.08
9718,Stephanie Holmes,james02@example.com,Canada,2020-08-09,Premium,25151.66
8403,Melissa Smith,davidblackwell@example.org,Germany,2026-07-11,Premium,24064.21
6122,Annette Walters,brobinson@example.net,Italy,2022-01-20,Basic,27579.9
7755,Elizabeth Cooper,deborahjohnson@example.org,Netherlands,2024-10-24,Basic,18911.61
271,Mrs. Diane Reyes,khanmitchell@example.org,Brazil,2024-10-28,Basic,31047.23
6010,Rachel Norris,rwilliams@example.com,Norway,2023-12-28,Basic,20592.41
4571,Stacy Orozco,vrichardson@example.com,United Kingdom,2020-08-10,Standard,39006.42
9117,Edward Cummings,qharris@example.org,United Kingdom,2023-10-17,Basic,27663.0
9804,John Murray MD,mparker@example.net,Argentina,2023-06-26,Basic,22308.22
2972,Derek Jones,michaelramos@example.com,Canada,2020-09-22,Premium,40128.28
6194,Danielle Carter,samantha35@example.org,Canada,2025-07-07,Premium,28514.08
8769,Ronald Young,gregoryjoseph@example.com,France,2022-04-29,Standard,13203.2
4208,Christopher Hudson,mia71@example.net,India,2023-12-12,Standard,22577.21
3219,John Taylor,fharris@example.net,Australia,2020-02-28,Standard,34442.1
1392,Tyler Salazar,robert21@example.org,Spain,2024-04-26,Premium,24820.15
3976,Samuel Lee,clarkkelly@example.org,Singapore,2022-03-19,Standard,32473.44
4317,Chad Williams,shall@example.net,Italy,2025-09-27,Basic,739.03
7960,Gerald Wall,xavier49@example.org,France,2025-12-03,Basic,4391.47
7345,Allison Cowan,dcampbell@example.com,South Korea,2020-05-01,Standard,15023.86
7449,Katherine Davenport,ajohnson@example.net,Norway,2021-10-25,Premium,455.27
84,Kathleen Moran,user033@nodotdomain,Japan,2022-02-28,Standard,41203.62
874,James Martin,qoneal@example.net,Switzerland,2021-09-20,Premium,33881.04
9606,April Briggs,sarahlane@example.org,Switzerland,2023-10-22,Basic,18429.68
7636,Joseph Ortega,reidrhonda@example.net,Australia,2025-06-29,Standard,10965.11
4558,Phillip King,wadekaren@example.com,Mexico,2020-02-26,Basic,14581.18
4501,Laura Vaughn,christophersmith@example.com,Netherlands,2024-10-20,Premium,11086.41
4648,Justin Moreno,michelleenglish@example.org,Australia,2024-06-21,Standard,15645.6
2039,Mr. William Ward,vclark@example.net,Switzerland,2026-03-22,Standard,49043.55
9695,Ronald Myers,wallison@example.com,New Zealand,2022-04-03,Basic,18193.26
6910,Heather Bradford,jonathan25@example.net,Australia,2024-08-20,Premium,29254.93
2451,Anthony White,james42@example.net,Brazil,2024-07-03,Basic,37396.46
3955,Chris Lewis,michealmccall@example.com,Netherlands,2024-06-17,Basic,32821.68
2330,Matthew Jones,jenkinsrandy@example.com,Mexico,2025-12-12,Premium,18686.35
9125,Kevin Davis,zjohnson@example.net,United States,2026-04-12,Standard,21106.0
7045,Carlos Castillo,dswanson@example.net,Spain,2025-07-27,Premium,17418.75
5043,Thomas Bowman MD,pcastaneda@example.com,Mexico,2024-10-16,Basic,38232.09
9365,Jeffrey Stephens,yvonne80@example.org,Japan,2023-03-28,Standard,6215.88
4747,Richard Parsons,pmartinez@example.net,Brazil,2026-07-01,Standard,30096.51
9368,Eric Lowery,figueroaeric@example.org,Norway,2025-08-07,Basic,13764.62
9403,Bradley Harmon,jimrobinson@example.net,United Kingdom,2024-03-03,Standard,14827.95
6492,Charles Owens,jeffery56@example.org,Germany,2022-12-14,Basic,19498.97
6638,Scott Smith,bradley85@example.com,France,2021-06-16,Premium,16098.38
7226,Ronald Smith,robert74@example.net,Canada,2021-04-11,Basic,5689.08
2402,Joshua Knox,xandrews@example.org,Australia,2024-04-30,Standard,40754.43
5521,Jessica Reynolds,dwilliams@example.org,South Korea,2021-01-21,Standard,8277.89
1217,Dr. Samuel Holmes DDS,kimberlyporter@example.org,New Zealand,2020-02-11,Basic,45786.54
8696,Justin King,angelagreen@example.com,Italy,2024-06-10,Premium,32015.47
6021,Erin Mckinney,smithandrew@example.org,Japan,2023-05-07,Basic,14662.23
6866,Kimberly Sanchez,lori61@example.net,United States,2021-05-28,Basic,37026.39
1065,Angel Reilly,susan93@example.com,New Zealand,2024-10-12,Basic,41691.22
3787,Cody Reyes III,rita93@example.net,Sweden,2021-04-06,Standard,25348.1
4411,Benjamin Townsend,tammy68@example.com,United States,2024-10-09,Standard,10611.27
6860,Stephen Spencer,david19@example.com,Italy,2024-05-13,Premium,38202.16
6761,Robert Grant,lisa66@example.net,Australia,2025-12-25,Standard,44008.98
5524,Matthew Bennett,claire17@example.org,Italy,2022-11-18,Basic,8690.45
5997,Ronald Graham,louis47@example.net,India,2022-09-27,Standard,22338.85
8834,Diana Ali,gonzalesnicole@example.net,Netherlands,2020-01-22,Standard,5948.25
5889,Teresa Smith,zpennington@example.org,Brazil,2025-12-19,Basic,19321.26
2162,Brian Garcia,nolanrita@example.net,Germany,2026-05-22,Standard,17200.08
3009,Chris Levy,christopher72@example.net,Sweden,2020-06-16,Basic,35033.42
1106,Nancy Webb,gonzalezmichael@example.com,Mexico,2025-10-22,Basic,14595.34
6655,Charles Romero,kaylee04@example.org,Mexico,2023-09-22,Basic,17917.5
693,Lori Mason,shawnanderson@example.com,Singapore,2024-01-30,Standard,31077.4
9958,Timothy Christian,vegabernard@example.com,South Korea,2024-08-16,Basic,26653.88
4957,Tracy Frye,stephanie78@example.net,Argentina,2025-03-15,Basic,34638.47
6598,Jason Mathews,gilbertkenneth@example.org,Australia,2026-05-10,Standard,48039.5
8481,Rebecca Thompson,janice62@example.net,Netherlands,2023-08-13,Basic,45404.16
4370,Melanie Drake,hannahbarber@example.com,Mexico,2025-05-07,Basic,38487.52
2766,Brian Miller,paul01@example.com,United Kingdom,2025-04-15,Standard,12547.08
3930,Joe Page,shepardedgar@example.net,New Zealand,2020-01-10,Standard,15024.96
7135,William Paul,qmorales@example.org,United Kingdom,2020-11-22,Premium,40249.45
8736,David Jones,jennifersmith@example.org,Canada,2022-05-26,Basic,8931.72
7531,Diane Hughes,bdavenport@example.com,Germany,2023-01-29,Standard,10452.42
7529,Jacob Allen,woodsjimmy@example.net,India,2023-03-22,Basic,49358.89
629,Reginald Morrow,cameron42@example.org,Italy,2022-07-14,Premium,36838.48
2452,Deanna Barrera,tapiajenna@example.org,Switzerland,2025-12-10,Premium,26557.26
6240,Anthony Simmons,badams@example.com,Netherlands,2026-02-09,Premium,17061.07
7013,Erik Dean,johnsmith@example.org,Argentina,2020-08-26,Standard,29169.25
3825,Joshua Leonard,rsullivan@example.com,Mexico,2026-02-08,Basic,17936.85
8978,Rebecca Jones,wdunn@example.org,Switzerland,2024-11-20,Premium,26091.66
2653,Richard Rice,james10@example.net,Sweden,2024-12-21,Premium,38373.08
9108,Anna Villanueva,meltonangela@example.net,Australia,2025-08-10,Standard,1567.03
3744,Jeremy Chambers,nicholas27@example.org,France,2023-12-21,Standard,47120.9
2177,William Casey,karina20@example.net,Italy,2022-03-24,Basic,46563.49
9907,Danielle Jenkins,laurenbrown@example.org,United Kingdom,2026-05-11,Basic,44027.28
9264,Samuel Prince,timothy90@example.com,New Zealand,2021-04-09,Premium,48105.21
3319,Carla Goodman,mcclainmorgan@example.com,Singapore,2024-07-08,Standard,22485.64
6344,Kathy Robinson,sfranco@example.com,Australia,2023-07-12,Basic,19746.73
2788,Daniel Bishop,whitemarissa@example.com,United Kingdom,2022-03-26,Basic,14489.54
4106,Christina Hudson,rodriguezzachary@example.net,Japan,2020-11-04,Premium,25165.07
6356,Lauren Coleman,floresedwin@example.net,Mexico,2020-03-21,Basic,25633.8
1677,Tracy Wells,turnergrace@example.com,Germany,2024-11-20,Standard,46854.65
3948,Christina Jenkins,christopherprince@example.net,Brazil,2024-12-16,Basic,20571.66
4445,Tyler Lang,adrianpalmer@example.org,Argentina,2026-05-15,Premium,11507.59
2937,Corey Barrera,gabrielle90@example.org,Switzerland,2020-10-25,Standard,23774.05
9006,Anna Reid,victoriaholder@example.org,Brazil,2021-08-02,Standard,41962.98
7767,Andrew Delgado,dshaffer@example.net,Australia,2021-08-04,Standard,48657.14
5723,Omar Kelly,stephanie72@example.org,Brazil,2021-07-27,Standard,20189.62
7442,Amanda Garcia,eric41@example.org,Netherlands,2021-07-23,Premium,11748.17
2504,Mr. Kyle Thomas DDS,jthompson@example.net,Spain,2025-12-06,Basic,19531.23
8483,Eric Simmons,zmorris@example.com,Mexico,2025-02-26,Basic,27841.9
2370,Raymond Wang,curtisvictoria@example.org,Sweden,2024-02-11,Basic,14752.8
4968,Robert Roberts,carlos13@example.net,South Korea,2026-01-03,Premium,20125.31
5884,Christina Perez,scottbonilla@example.com,Germany,2021-03-24,Premium,15635.65
2218,Michael Owens,johnnymiller@example.com,Singapore,2025-07-23,Basic,27364.21
5848,Seth Curry,amber99@example.com,France,2023-07-13,Standard,46106.73
2219,Peter Stephenson,xchambers@example.com,United States,2020-04-22,Premium,26418.48
3327,Christine Mendez,donaldrussell@example.org,Italy,2024-03-14,Basic,11530.66
6734,Jason Garcia,dyeredward@example.org,Netherlands,2026-03-25,Premium,14094.19
3584,Lisa Bryant,roy25@example.net,Italy,2020-01-19,Basic,12589.04
9825,Louis Armstrong,matthew71@example.org,Japan,2020-05-03,Premium,16899.77
3620,Paul Nguyen,veronicabutler@example.net,Italy,2025-10-11,Basic,20245.54
7708,Thomas Burns,lcline@example.net,Norway,2025-03-25,Premium,32184.69
6433,Bethany Haynes,catherinejones@example.net,United States,2020-07-05,Basic,16533.35
3116,Anthony Ayala,danieladams@example.com,United States,2024-05-29,Premium,24502.92
86,Mrs. Kristen Reyes,noatsign035example.com,Germany,2024-09-19,Standard,24278.99
5974,Danielle Reed,andrew58@example.com,Sweden,2020-02-28,Basic,24812.44
2802,Shawn Fleming,davidtorres@example.org,United States,2023-05-22,Basic,3048.17
3672,Elizabeth Key,jeffreyacosta@example.org,Switzerland,2022-05-23,Basic,25425.26
3668,David Rodriguez,zachary00@example.org,Singapore,2020-01-05,Standard,45340.2
9795,Anita Sherman,acook@example.org,France,2022-08-21,Basic,19033.86
5159,Brent Stewart,richard21@example.com,Germany,2025-10-12,Basic,32130.03
5726,Linda Lee,natasha55@example.org,Sweden,2024-03-07,Standard,24758.12
4591,Ryan Fisher,williamramsey@example.net,Italy,2020-01-10,Standard,42497.19
2020,Michael Moore,bparker@example.com,Italy,2023-09-26,Standard,43516.11
7832,Benjamin Phillips,swest@example.org,Sweden,2024-02-12,Basic,6661.32
2526,Catherine Williams,amartin@example.com,South Korea,2024-06-21,Basic,426.68
8287,Daniel Fitzgerald,framirez@example.org,Italy,2020-07-15,Standard,24148.88
9207,Sandra Kim,morgan40@example.net,India,2022-10-08,Premium,32672.68
3213,Heather Morales,brandy23@example.org,Spain,2020-09-28,Standard,48709.79
520,Jonathan Brooks,rosariochristopher@example.com,Sweden,2023-06-28,Standard,37129.98
5367,Jennifer Anderson,mwatson@example.com,Canada,2024-04-11,Premium,22526.06
6763,Monica Morton,ehart@example.com,Norway,2025-02-02,Basic,22832.51
2896,Garrett Robinson,alexis41@example.com,United Kingdom,2021-05-28,Basic,33574.5
245,Jeffrey Mills,amorris@example.org,Germany,2022-02-09,Standard,13528.72
5931,Cheryl Wade,katelyn19@example.org,United Kingdom,2024-04-20,Basic,33787.72
4715,Anita Pitts,baileykatherine@example.net,United Kingdom,2023-07-01,Standard,5921.19
9568,Holly Herring,joshua08@example.com,United Kingdom,2024-10-20,Basic,11612.52
3426,Rebecca Ellis,youngmary@example.org,United States,2024-05-07,Standard,45642.2
6932,Kiara Sexton,frank52@example.com,Brazil,2023-09-18,Standard,788.85
6721,Sandra Reyes,heather06@example.net,Japan,2022-04-08,Basic,12507.0
7411,Nicholas Massey,ian88@example.net,Netherlands,2023-09-14,Basic,13628.47
6178,Vanessa Davila,james71@example.org,Canada,2025-08-14,Standard,35535.63
7251,Christine Jennings,sarah57@example.org,Italy,2025-11-19,Premium,38646.25
5510,Ryan Harmon,victoria03@example.com,Canada,2023-10-29,Standard,5274.96
2002,Jordan Moses,johnparker@example.net,Germany,2025-08-29,Basic,42329.09
886,Lisa Evans,brittanyjohnson@example.com,Singapore,2023-08-29,Premium,33260.36
870,Andre Watson,smithjonathan@example.org,Italy,2020-06-11,Standard,10223.4
9689,Jennifer Santos,hbutler@example.org,Argentina,2024-02-28,Standard,45183.35
5721,Timothy Hernandez,crystaladams@example.org,Australia,2024-04-10,Basic,4518.67
357,Marilyn Wang,wrightcynthia@example.org,India,2020-09-17,Standard,43684.55
9908,Alexa Rangel,williamsdaniel@example.com,Canada,2023-04-29,Standard,49093.24
5452,Chad Pennington,jenniferjarvis@example.net,Sweden,2026-06-10,Basic,46369.71
8194,Tom Henderson,xdavis@example.net,Norway,2024-09-01,Premium,213.32
6439,Christopher Roy,andrew82@example.org,Netherlands,2021-04-07,Standard,28815.47
7705,Alejandra Ellis,gglenn@example.com,France,2022-03-07,Basic,36353.3
1276,Jessica Rojas,cdavis@example.net,United States,2020-11-06,Standard,46513.17
1891,Elizabeth Brock,hannahlyons@example.com,Australia,2021-12-24,Premium,8965.82
8687,Benjamin Powell,gjames@example.com,Canada,2026-05-05,Basic,5913.23
6569,Gerald Mason,poolediana@example.org,Japan,2024-05-04,Basic,6356.3
9624,Kristin Baldwin,dstewart@example.net,India,2023-08-05,Standard,45274.19
3564,Susan Larsen,jamesstewart@example.org,United States,2020-04-01,Premium,19104.42
5788,Carlos Miller,raymond69@example.net,United States,2020-08-31,Basic,13611.26
4959,Latasha Mendez,mcarroll@example.org,Brazil,2021-10-01,Premium,8868.84
1547,Brandon Smith,charlenewalker@example.org,South Korea,2026-03-07,Basic,13403.48
2381,Austin Briggs,jonathan78@example.net,Australia,2026-06-05,Premium,20565.95
3824,Victoria Lewis,krystal76@example.org,Norway,2021-11-03,Standard,39391.84
3233,Thomas Zhang,xleblanc@example.org,Spain,2025-09-20,Basic,34314.53
8400,Scott Lyons Jr.,awilliams@example.net,Sweden,2021-05-22,Basic,14550.44
3307,Anna Jackson,brian25@example.com,Mexico,2023-06-09,Premium,44942.32
493,David Harris,michael39@example.net,Canada,2025-09-23,Standard,5624.21
3500,Guy Reynolds,timothy60@example.net,New Zealand,2020-01-15,Basic,21208.4
6665,Sonya Ramirez,shelby46@example.org,Brazil,2024-04-24,Basic,38804.45
1117,Mr. Larry Shaw,andrewgarcia@example.org,France,2025-02-05,Basic,14523.4
5638,Katherine Garcia,ydavis@example.com,Spain,2020-07-01,Premium,31801.94
8775,Marc Glenn,lgarcia@example.com,Sweden,2023-05-30,Basic,2269.87
6147,Kathleen Lopez,johnjohnson@example.org,India,2024-08-08,Standard,15554.64
9868,Danielle Burke,richardsonjohn@example.net,Switzerland,2026-05-11,Standard,49598.62
8776,Jasmine Chavez,willissandra@example.net,Australia,2025-12-26,Premium,4062.04
6708,Stephanie Li,abonilla@example.com,Netherlands,2025-04-30,Premium,35818.16
9949,David Ponce,samanthapope@example.net,Japan,2022-10-02,Basic,14549.28
7966,Shelly Henderson,cruzjessica@example.org,Sweden,2024-09-07,Premium,29591.26
3646,Kenneth Smith,sbradley@example.com,Japan,2025-04-20,Basic,49834.59
2501,Lindsay Walker,halljames@example.com,Netherlands,2026-08-01,Premium,21470.5
5678,Michael Smith,huffscott@example.org,Netherlands,2025-02-09,Standard,44276.71
5242,Christopher Jones,reesegilbert@example.net,France,2025-11-13,Standard,5916.89
6519,Shirley Lucas,hughesrobert@example.org,Switzerland,2023-08-15,Premium,22206.49
2784,Monica Curtis,robertnichols@example.net,Australia,2021-09-17,Premium,36256.65
6159,Monica Aguilar,glee@example.org,South Korea,2024-07-18,Premium,14928.57
3810,Tyler Taylor,cellis@example.com,Japan,2022-04-09,Standard,16527.88
9429,Jennifer Nguyen,amyprice@example.net,United States,2024-07-03,Standard,31207.66
9525,Lisa Lawson,melissa35@example.org,South Korea,2026-02-07,Basic,41626.34
8600,Sarah Short,charles67@example.net,Italy,2021-09-03,Basic,41156.8
1697,Angelica Vincent,evelyn82@example.net,Norway,2023-05-25,Standard,24510.31
5686,Julie Johnson,hicksjennifer@example.net,Singapore,2026-01-12,Basic,14090.88
8368,Jeffrey Evans,pearsonjeffrey@example.org,Germany,2023-05-04,Basic,28888.46
5940,Linda Newman,bpalmer@example.org,Canada,2020-01-20,Standard,36848.1
2053,Donna Freeman,donald71@example.com,Sweden,2022-12-19,Basic,7456.42
1777,Sean Hatfield,andreasampson@example.com,Germany,2023-08-27,Basic,6719.84
6561,Richard Flynn,martinjordan@example.com,Canada,2023-07-13,Standard,5859.87
3314,Nicole Norton,jodyfinley@example.com,Italy,2021-03-31,Premium,1049.72
4782,Jason Thompson,uaustin@example.org,India,2022-11-16,Standard,12480.57
8539,John Lin,samanthahess@example.net,Singapore,2025-08-11,Standard,1347.56
6782,David Le,klove@example.net,Netherlands,2020-01-19,Standard,44869.92
1593,Eric Reese,frivera@example.net,United States,2023-02-12,Standard,9580.84
1724,Lauren Haley,ncarter@example.com,Switzerland,2024-11-26,Premium,25562.13
216,Scott Williams,ahays@example.org,France,2022-03-02,Standard,36660.59
6327,Brandy Walter,jessicathomas@example.net,Norway,2021-07-06,Standard,42480.85
8257,Mary Alvarez,tamaraburnett@example.net,United States,2021-04-25,Basic,7791.78
491,Renee Melendez,anthonyrios@example.com,South Korea,2021-01-03,Standard,11560.14
9134,Sarah Smith,williscorey@example.com,Italy,2022-04-21,Basic,42052.94
3484,Susan Gregory,idavies@example.net,United States,2026-02-26,Basic,30639.71
5103,Taylor Acevedo,jason28@example.net,France,2025-09-27,Basic,7172.65
5188,Chad Moreno,kclark@example.com,Germany,2021-04-28,Standard,7538.32
3432,Michael Hale,deanna22@example.net,South Korea,2023-04-30,Premium,37491.28
9199,Tabitha Clark,cbailey@example.com,Singapore,2022-01-22,Premium,8048.84
7711,Abigail Hart,ostewart@example.net,Brazil,2024-05-28,Basic,33271.64
5514,Holly Grant,hhunter@example.net,Brazil,2023-10-08,Basic,38774.38
26,Nathan Freeman,,Germany,2026-01-04,Premium,44789.75
3513,Dylan Patel,bryanbrianna@example.com,Singapore,2021-11-26,Premium,13455.18
2410,Emily Griffith,belldana@example.com,Italy,2025-07-14,Basic,24946.7
3271,Rachel Brown,amypowers@example.com,Spain,2022-03-29,Premium,44015.32
5210,Michael Garcia,potterjamie@example.org,New Zealand,2024-07-13,Basic,36060.02
8712,Connie Miller,yfreeman@example.net,Argentina,2021-02-20,Premium,36543.43
1553,James Gardner,erica50@example.com,Argentina,2023-10-11,Premium,10288.22
9198,Nicole Jackson,gbell@example.com,Mexico,2022-10-23,Basic,28622.04
8622,Morgan Atkinson,kellifox@example.com,Netherlands,2022-09-27,Standard,1407.31
3872,Kevin Mccullough,xbanks@example.com,United Kingdom,2020-11-03,Premium,30588.27
3403,Robert Hogan,jessica26@example.net,Switzerland,2023-12-02,Standard,43075.16
4530,Nathaniel Floyd,jennifer15@example.net,Spain,2026-06-08,Basic,41446.92
980,Matthew Garcia MD,sallen@example.com,Italy,2025-08-04,Basic,22910.44
2656,Barbara Willis,cortega@example.org,Netherlands,2021-08-08,Basic,42478.06
1848,Micheal Perkins,richard38@example.net,Mexico,2022-08-26,Standard,15836.31
7965,Danielle Simmons,leah18@example.com,Canada,2022-01-19,Premium,33820.98
8241,Sarah Banks,foxwilliam@example.org,Netherlands,2023-08-08,Standard,48649.76
7146,Jose Lawrence,fishersarah@example.com,New Zealand,2021-06-24,Premium,25482.17
7300,Gina Hayes,gardnerdaniel@example.com,United States,2025-04-26,Premium,12542.16
5722,Lacey Morrow,davidharvey@example.com,New Zealand,2026-03-25,Premium,14125.49
516,Maria Brown,tmueller@example.com,Canada,2020-05-09,Basic,27935.5
8746,David Jones,justinjohnson@example.net,Sweden,2024-06-20,Premium,1920.58
8298,Blake Bailey,brendabarrett@example.com,Italy,2020-02-24,Premium,17762.47
1103,Renee Mendez,danielhaley@example.com,Japan,2024-12-17,Standard,11460.52
3277,Mario Gould,smarsh@example.org,Italy,2023-09-26,Basic,17362.01
7218,Elizabeth Ruiz,danielhuffman@example.org,India,2024-06-14,Basic,28340.3
7390,Christopher Sullivan,cherylolson@example.org,Argentina,2023-08-07,Basic,43902.62
9078,Larry Rowland,garciataylor@example.com,Japan,2022-11-13,Premium,36313.39
8338,Dennis Soto,walterwright@example.org,New Zealand,2025-04-21,Premium,48585.43
3997,Julia Marks,alexandrawright@example.net,South Korea,2020-01-08,Basic,8004.06
195,Renee Bruce,nmoore@example.com,India,2020-07-04,Standard,46987.32
4712,Richard Smith,shawn18@example.net,United Kingdom,2024-10-25,Premium,40795.3
644,Beth Cline,whitepeter@example.com,Brazil,2021-06-07,Premium,1430.3
9090,April Rhodes,cbautista@example.com,Canada,2023-03-26,Standard,17502.55
3286,Amanda Smith,lisa89@example.com,Argentina,2022-12-16,Basic,23104.14
3117,Kimberly Dalton,cantrellvictoria@example.org,Mexico,2024-03-14,Standard,43170.48
6477,Daryl Olson,robertbradford@example.org,Germany,2024-03-29,Basic,13015.16
3576,Amy Perez,angelalee@example.com,Spain,2026-04-08,Basic,40960.74
9024,Stacy Hart,mdavis@example.com,Canada,2025-10-20,Basic,3797.03
4321,Mark Webster,meadowsdana@example.com,Australia,2025-08-13,Standard,44531.13
9993,Nicholas Smith,amanda19@example.net,India,2026-07-21,Basic,12.36
2208,Sergio Carroll,daniel30@example.net,Japan,2023-03-12,Premium,558.61
4553,Laura Middleton,bmaxwell@example.org,Brazil,2021-05-30,Premium,26961.54
7317,Ashley Bell,cookbrittany@example.com,South Korea,2026-08-09,Premium,27955.17
3719,Elizabeth Marks,jasonsullivan@example.org,France,2025-09-25,Standard,47697.54
973,Mason Moore,mgill@example.net,Mexico,2026-04-23,Standard,35023.65
4580,Nicole Hawkins,mitchell73@example.org,Switzerland,2020-04-17,Premium,19013.37
720,Cassie Brock,williamscraig@example.com,Australia,2020-12-21,Premium,10637.28
9018,Crystal Taylor,caleblopez@example.org,Mexico,2023-03-22,Basic,15623.95
6156,Matthew Smith,michael31@example.net,Brazil,2023-04-12,Premium,27633.95
9431,Bradley Holmes,deborah21@example.net,Brazil,2020-04-28,Basic,25766.92
3897,Michael Arias,ashleynewman@example.net,Mexico,2023-07-12,Standard,40471.77
2804,Roberto Smith,michaelwilliams@example.com,Spain,2023-06-10,Basic,8471.16
2567,Alexander Munoz,parkspatrick@example.com,India,2025-04-18,Basic,25284.56
4026,Jodi Thomas,pcarrillo@example.net,United Kingdom,2021-10-13,Premium,44495.74
6199,Troy Jefferson,christina99@example.com,Singapore,2020-02-02,Standard,29845.41
33,Bryan Herrera,,United Kingdom,2020-02-28,Standard,149.65
8308,Craig Patterson,shelly94@example.net,South Korea,2023-02-25,Basic,40605.13
8832,Cody Lopez,michael57@example.org,Sweden,2023-11-20,Premium,8057.95
9819,Sean Warren,hansenryan@example.net,France,2022-08-11,Premium,15737.39
4064,Robert Campbell,ashley99@example.org,Switzerland,2021-01-14,Basic,15861.74
8949,Karen Henson,ashley94@example.org,Spain,2020-12-16,Standard,38191.4
5541,Dean Harris,christopher89@example.net,Singapore,2025-08-16,Basic,5509.28
1698,Zachary Vargas PhD,srodgers@example.net,Norway,2022-09-02,Standard,3434.43
2793,Candice Ramirez,estessamuel@example.com,United States,2026-02-04,Standard,36843.72
2223,Vanessa Coleman,martineztammy@example.org,Sweden,2025-10-03,Basic,4188.27
5819,Jason Blackwell,kingamy@example.net,Mexico,2023-07-28,Basic,47814.74
9663,Jeffery Nguyen,xadams@example.com,Norway,2026-05-15,Premium,44368.47
3765,Joseph Schaefer,eric01@example.net,Italy,2022-07-03,Premium,43184.98
3867,Jeffrey Miller,chavezjames@example.net,Singapore,2022-01-14,Standard,24903.56
6422,Richard Beasley,christinegarrison@example.org,Australia,2023-01-14,Premium,28816.23
9400,Becky Shepherd,zsmith@example.net,South Korea,2023-08-03,Premium,49974.87
8939,Peter Humphrey,angelawilliams@example.com,Italy,2025-06-07,Standard,21526.06
6672,Albert Davis,millercarol@example.com,Brazil,2025-05-06,Basic,434.67
7979,Lisa Odonnell,rachel18@example.net,Australia,2024-05-23,Premium,29547.04
3759,David Romero,ryan26@example.com,Canada,2025-06-21,Standard,42039.72
9775,Dr. Jennifer Smith DVM,john40@example.org,Norway,2022-07-10,Standard,1963.35
3228,Charles Cervantes,brittanykelley@example.com,Spain,2022-06-18,Basic,16173.02
7803,Megan Mills,adamramirez@example.com,Canada,2022-03-05,Premium,46692.15
3924,Joanna Adkins,wrogers@example.com,South Korea,2020-11-12,Standard,552.05
3905,Charles Harper,yschwartz@example.org,Brazil,2023-04-15,Standard,25509.53
2278,Dana Williams,paulwhite@example.org,Canada,2024-08-30,Basic,9907.25
6811,Elizabeth Anderson,smithdanielle@example.net,India,2020-08-06,Basic,14646.4
1402,Monica Cannon,ggomez@example.net,Sweden,2021-08-01,Premium,7128.78
740,Emily Nelson,christopherwashington@example.org,Germany,2024-04-21,Standard,37485.37
4267,Tammy Mcdaniel,amurphy@example.com,New Zealand,2020-10-15,Basic,22054.61
9862,Marcus Cook,maryhart@example.net,Sweden,2022-09-02,Premium,38839.53
7353,Kimberly Ramirez,tgonzalez@example.org,Norway,2023-01-25,Premium,27294.86
7519,Brian Black,state@example.org,Australia,2023-07-13,Standard,21527.04
3852,Teresa Aguirre,kimberly52@example.org,New Zealand,2024-10-25,Basic,46625.8
8632,Olivia Herrera MD,alec58@example.net,New Zealand,2022-04-12,Basic,25698.95
2662,Sarah Meadows,solomonmichael@example.org,Germany,2021-05-22,Standard,6244.55
6505,Felicia Gordon,stevehernandez@example.com,France,2023-09-24,Premium,5620.85
9800,Ms. Lori Watson,onealbeth@example.com,Japan,2025-07-05,Basic,41062.65
675,Jessica Bowen,justin58@example.com,Brazil,2021-05-28,Basic,44450.27
7106,Patricia Johnson,iali@example.com,Singapore,2024-01-14,Basic,20095.08
6361,Kevin Hubbard,rochadavid@example.org,Italy,2024-12-15,Standard,16695.13
3842,Mrs. Jacqueline Jackson,tmayo@example.net,India,2020-06-10,Basic,18261.12
1816,Rachel Jones,vmiller@example.org,Spain,2025-02-16,Basic,30049.81
9490,Michael Gonzalez,stephanie51@example.net,Switzerland,2024-08-03,Premium,29572.26
9839,Abigail Burch,mitchellfelicia@example.com,New Zealand,2023-09-20,Basic,6640.49
9202,Kimberly Taylor,jessica96@example.net,South Korea,2020-05-09,Premium,43925.38
4654,Elizabeth Jackson,jasonwilliams@example.net,Netherlands,2025-05-29,Premium,25280.38
8693,Frank Arnold,bpreston@example.net,Brazil,2021-12-15,Premium,29353.13
2101,Michael Spencer,brookeballard@example.org,Japan,2026-05-23,Premium,14817.58
7712,Javier Rogers,jesus75@example.org,Spain,2020-10-13,Standard,2338.36
1674,Philip Fernandez,townsendjessica@example.com,Japan,2020-12-17,Premium,19231.19
2102,Patrick Blankenship,stephenmcneil@example.org,Argentina,2021-04-15,Basic,23151.02
4214,Richard Rodriguez,manningjamie@example.net,Switzerland,2025-10-29,Basic,5631.19
6959,Brandi Vega,patricktammy@example.net,United Kingdom,2020-09-07,Standard,42451.56
1549,Joshua Brown,ugarcia@example.org,France,2021-12-06,Premium,40610.26
9551,Patrick Jackson,ericaherrera@example.net,Canada,2020-02-24,Premium,24762.94
3324,Edward Weeks,mjohnson@example.com,Canada,2023-04-21,Premium,16245.04
9584,Jorge Duncan,ejones@example.com,Germany,2020-04-29,Standard,47025.98
356,Angel May,umaxwell@example.net,Singapore,2026-01-09,Basic,25186.06
5185,Jose Green,zmyers@example.net,Sweden,2023-11-08,Standard,9806.44
1462,Ashley Blair,alewis@example.net,Italy,2023-04-28,Basic,38316.83
7625,Joshua Lewis,qwilson@example.org,Netherlands,2021-07-02,Premium,42399.93
9386,Jill Brennan,gregoryfoster@example.org,Switzerland,2021-10-08,Premium,12962.65
3221,Angela Huang,andersonjulia@example.org,New Zealand,2025-04-23,Standard,45066.92
940,Brian Gonzalez,djimenez@example.com,Japan,2021-04-17,Basic,13980.51
5148,Marcus Brown,millersteven@example.net,United Kingdom,2024-06-24,Standard,46185.54
5924,Sheri Murphy,loganle@example.org,Germany,2022-09-02,Standard,37082.76
7884,Lance Brown,njones@example.net,Canada,2023-05-16,Premium,42043.61
1752,Evan Cooper,littleandrea@example.net,Brazil,2020-05-13,Standard,39680.95
9469,Jessica Sharp,debra61@example.com,United States,2024-08-28,Premium,46313.81
7598,Paul Tyler,gardnerjoseph@example.org,Sweden,2023-09-04,Basic,44662.98
1773,Willie Lara,prestonsheila@example.org,Germany,2024-08-11,Basic,46186.78
1197,Megan Alvarado,karen85@example.com,United Kingdom,2023-09-20,Standard,17073.34
1879,Deborah Dominguez,davismichael@example.com,Mexico,2022-09-07,Basic,9179.45
2669,Michael Berg,lauriehenderson@example.net,Switzerland,2025-02-09,Premium,16849.86
3172,Amber Wilson,rgill@example.net,India,2024-07-10,Standard,43630.45
2017,Peter Shepherd,morrisjoshua@example.org,Italy,2021-11-30,Standard,10575.87
2006,Christine Williams,katrina92@example.net,Switzerland,2025-12-18,Standard,32164.99
8273,Mary Benson,esimpson@example.org,India,2020-06-25,Standard,39602.33
3894,Matthew Walker,johnfowler@example.net,France,2020-12-27,Premium,26684.84
9992,Paula Jordan,likeith@example.com,United Kingdom,2025-12-18,Standard,40655.92
3238,Ronnie Johnson,leah30@example.com,Canada,2022-03-17,Basic,32501.82
4425,Stephen Allen,marshallkelly@example.com,Canada,2021-10-18,Standard,2463.38
4745,Tiffany Zamora,reesemichael@example.com,Spain,2025-03-16,Premium,8403.64
2079,Jim Skinner,uallen@example.com,Mexico,2026-07-03,Premium,33984.04
5220,Christopher Burnett,kathleen99@example.com,Singapore,2020-06-17,Standard,8983.92
397,Ashley Smith,derekmiller@example.com,Italy,2026-06-13,Standard,41555.01
2789,Christian Burton,jbowman@example.org,France,2024-12-26,Basic,2713.61
8878,Erika Moore,marcus81@example.org,Netherlands,2021-06-16,Basic,39970.68
8639,Michelle Johnson,james71@example.net,Spain,2024-01-06,Standard,34072.37
4073,Becky Parrish,campbellwanda@example.com,Australia,2021-07-21,Basic,35480.78
5575,Anna Cantu,andrademelissa@example.net,Brazil,2021-12-13,Standard,31251.19
8370,Melinda Hall,matthew13@example.com,France,2022-07-27,Premium,10416.31
9508,Douglas Ross,rodneyrios@example.org,New Zealand,2024-01-19,Basic,786.93
5356,Angelica Lopez,morrisonheidi@example.net,Canada,2022-11-29,Premium,40864.95
7234,Mackenzie Price DDS,zbarnett@example.org,Brazil,2025-03-26,Basic,46713.97
9484,Adam Lozano,zpratt@example.org,Sweden,2020-03-05,Premium,48462.0
6821,Chad Franklin,lcharles@example.org,Argentina,2020-11-26,Basic,49264.38
1520,Michael Mckinney,sparksbrian@example.net,Netherlands,2023-11-09,Basic,33984.73
8197,Karen Adams,lynnbenitez@example.net,Singapore,2025-01-22,Premium,3173.19
1379,Alicia Dillon,john48@example.net,Sweden,2022-10-15,Basic,48978.93
5673,Rachel Walsh,nelsonrebecca@example.org,United Kingdom,2020-01-31,Premium,9760.62
1024,Jasmine Frye,francesperez@example.com,Argentina,2025-06-17,Standard,11452.64
2588,Scott Meza,martineztamara@example.com,Brazil,2023-01-09,Basic,46976.94
7043,Thomas Hughes DDS,penny29@example.com,Sweden,2021-07-26,Standard,28082.47
5622,Michael Baker,codychang@example.net,Argentina,2024-06-16,Standard,6608.6
7638,Rachel Martin,walkermichael@example.net,Australia,2022-02-22,Standard,32986.17
5009,Nathan Stanley,john59@example.com,United States,2022-02-13,Premium,23610.14
2858,Danny Campbell,marcusjohnson@example.net,United States,2023-07-25,Premium,46285.37
8255,Lisa Thompson,angelacohen@example.com,Brazil,2025-01-24,Basic,27374.99
5772,Amy Olsen,glenmiller@example.org,United Kingdom,2020-02-28,Standard,49352.4
5843,Eric Anderson,kimberly05@example.com,Brazil,2021-07-01,Standard,1402.06
8028,Robin Baker,mbrown@example.com,Norway,2025-06-09,Standard,47206.33
5833,Amanda Nelson,warrenkrista@example.com,Netherlands,2021-10-05,Premium,47379.13
1630,Priscilla Floyd,arthur70@example.com,Netherlands,2021-12-14,Standard,45097.59
4889,Mark Wilson,ocampbell@example.com,Norway,2024-08-30,Standard,44294.27
4527,Tyler Andrews,yjenkins@example.org,Spain,2020-05-31,Basic,4313.61
3524,Tammy Morris,xwhite@example.com,Singapore,2023-06-30,Standard,10105.13
5905,Leslie Vance,umack@example.org,South Korea,2021-06-07,Standard,41301.61
7782,Kurt Montgomery,ricardopalmer@example.com,India,2024-08-11,Premium,19609.4
3608,Pamela Smith,samanthabutler@example.com,Italy,2024-09-09,Basic,48520.34
9419,Cynthia Gates,mevans@example.org,United Kingdom,2024-06-10,Basic,42651.88
5221,Nicholas Calhoun,dillonharris@example.org,Singapore,2024-11-18,Standard,21446.28
235,Anthony Romero,murphyryan@example.com,Japan,2024-08-08,Basic,29102.63
7756,Mary Santos,crystalthornton@example.org,South Korea,2020-06-02,Standard,45600.72
3797,Robin Clay,odelgado@example.org,France,2022-09-30,Basic,30233.32
4119,Nicholas Ali,perryjonathan@example.com,France,2026-02-15,Standard,13832.35
6319,Victoria King,amanda81@example.net,Mexico,2025-07-13,Basic,2052.49
5002,Anthony Hernandez,gjenkins@example.com,Japan,2021-08-06,Basic,24785.01
3801,Mrs. Courtney Wong,mark42@example.com,South Korea,2021-12-26,Standard,4832.74
7810,Alexander Anderson,ygood@example.com,France,2022-03-21,Premium,12748.59
3900,Stacey Clements,avilaelizabeth@example.net,Brazil,2020-09-29,Premium,1159.12
5025,Bethany Neal,patrick78@example.net,Brazil,2024-10-28,Standard,21523.9
1949,Melissa Sparks,tracybarber@example.org,Brazil,2025-04-08,Premium,18384.19
6362,Mr. Jack Moore PhD,timothy08@example.com,South Korea,2020-06-30,Premium,17890.4
471,Edwin Nunez,reneeperez@example.net,Mexico,2026-07-01,Standard,38676.15
9945,Travis Taylor,lhodges@example.org,India,2023-08-22,Basic,35872.13
3493,Joel Newton,kimberlycastro@example.org,Germany,2020-01-31,Premium,5079.01
6092,Melissa Smith,cervantesdavid@example.org,Australia,2024-01-07,Standard,43962.42
2672,Clinton Moore,ecopeland@example.com,Japan,2025-05-29,Basic,40620.66
9801,Carol Dean,nicholas73@example.com,Singapore,2023-10-26,Basic,23189.92
2225,Mark Davis,carlos69@example.net,Germany,2024-08-15,Basic,30334.49
1107,Daniel Freeman,lanegabriel@example.net,Germany,2026-02-15,Standard,36367.31
2189,Dean Mullins,john68@example.com,South Korea,2024-06-18,Standard,13052.35
819,Michael Bowen,hollyscott@example.net,New Zealand,2020-10-28,Premium,6694.52
5572,Melissa Martinez,markhardin@example.net,United Kingdom,2022-05-06,Standard,13524.56
4524,Michael Anderson,xbrown@example.com,Australia,2024-07-08,Standard,15855.23
5794,Mr. Robert Cantu,michael97@example.com,Norway,2022-10-31,Premium,13662.06
9382,Brenda Crawford,rhorton@example.com,Mexico,2022-02-14,Premium,47929.68
8781,Justin Garcia,stephaniewilliams@example.net,Sweden,2025-02-03,Basic,12052.75
7460,Johnathan Harper,angelasmith@example.org,Argentina,2025-12-02,Premium,11861.23
2625,Rebecca Klein,bradley46@example.net,Canada,2021-03-22,Premium,21792.68
7095,Lisa Coleman,hgreen@example.net,Netherlands,2025-09-02,Basic,5469.89
9393,Andrea Jenkins,jonathanperkins@example.net,Germany,2022-10-07,Basic,6289.07
9917,Daniel Spears,nathanielellis@example.com,Spain,2022-04-24,Standard,3996.02
9120,Gail Morales,ashley81@example.com,Singapore,2021-07-02,Basic,29736.06
889,Stephanie Evans,jennifer10@example.com,Japan,2022-07-28,Standard,47971.13
2438,Stephanie Stone,jimmy01@example.org,Spain,2020-07-29,Premium,39229.87
6057,Shawn Evans,ybrown@example.net,South Korea,2025-05-29,Premium,46591.41
7065,Darrell Wong,amyruiz@example.net,Argentina,2025-03-07,Basic,25763.88
818,Brian Harris,osnow@example.org,Brazil,2021-04-10,Premium,24968.55
8935,David Wang,slozano@example.com,Japan,2026-04-25,Basic,11222.82
3415,Kenneth Graham,morgansandra@example.net,Australia,2021-12-21,Premium,25051.59
6353,Gabriel Wilkins,mauricevargas@example.org,Switzerland,2024-10-27,Standard,38007.73
2342,Donna Ibarra,jacqueline53@example.net,Argentina,2024-04-21,Standard,27421.73
9030,Carrie Brown,harperashley@example.com,Mexico,2020-05-29,Basic,45789.17
3168,Destiny Bishop,sarahsweeney@example.com,Germany,2023-11-11,Premium,46458.57
1810,Eric Cox,janetdrake@example.net,Mexico,2021-05-31,Premium,37733.84
8036,Alison Delacruz,robbinsthomas@example.net,Netherlands,2022-11-02,Basic,37942.85
1265,Lisa Nelson,john52@example.net,Brazil,2024-02-29,Premium,3344.63
5087,Maria Gonzalez,mflores@example.com,South Korea,2020-07-22,Premium,28500.69
9676,Jared Myers,zwilliams@example.net,Argentina,2021-06-07,Basic,28913.1
5836,Anna Poole,aarontapia@example.com,Japan,2026-07-30,Basic,26315.14
5195,Peter Morgan,tanner30@example.com,Mexico,2022-01-03,Premium,9704.95
4450,Matthew Roberts,ihutchinson@example.org,United Kingdom,2021-12-20,Premium,31665.97
4946,Richard Yoder,daniellebutler@example.com,Japan,2022-03-16,Basic,36617.79
4046,David Wiggins,brooksdanielle@example.com,Sweden,2024-06-26,Standard,17778.54
6504,Toni Hill,sgeorge@example.com,Sweden,2024-09-12,Premium,30963.19
3703,Javier Stanley,dunlapdavid@example.org,France,2025-01-12,Premium,3548.18
1036,Anthony Randolph,matthew33@example.net,Italy,2024-02-26,Premium,11061.04
9257,Lisa Wood,mrose@example.com,France,2020-11-22,Standard,46767.54
5591,Amber Johnson,stucker@example.org,Italy,2020-04-03,Basic,5896.11
1229,Robert Rogers,lorettawatts@example.org,Canada,2022-10-12,Standard,43741.53
10000,Justin Tyler,uwhite@example.org,Sweden,2025-01-06,Standard,6751.99
6812,Mr. Jerry Robinson,kreed@example.net,United States,2022-03-31,Basic,40955.78
5142,Joshua Martinez,zdunn@example.com,Switzerland,2024-11-21,Standard,40531.12
53,Kirk Carter,@nodomain002,Norway,2025-06-26,Basic,10526.4
9068,Matthew David Jr.,sallen@example.org,United Kingdom,2020-07-05,Standard,38418.49
8396,Gary Palmer,jamesperry@example.com,Sweden,2025-05-29,Premium,20601.74
160,Linda Smith,urobles@example.net,Mexico,2024-12-01,Premium,36138.42
7553,Richard Brown,campbellroy@example.org,Norway,2024-10-13,Premium,17241.32
1588,Timothy Moore,herbert74@example.com,Germany,2026-06-13,Standard,34699.33
1590,Mark Clark,christopherwalker@example.com,Italy,2023-08-22,Standard,24355.67
9842,Arthur Reilly,kingkevin@example.net,India,2022-12-01,Basic,8603.16
9329,Olivia Berry,tcarson@example.com,Italy,2020-08-25,Standard,21159.59
6931,Brenda Lee,mendozajoseph@example.net,Spain,2021-11-02,Standard,46642.75
6597,Timothy White,sheilagreen@example.com,Argentina,2026-05-16,Premium,6618.47
6175,Beth Ford,sullivantracy@example.net,Brazil,2022-09-30,Premium,25915.97
8099,Peter Thompson,fcopeland@example.com,Spain,2022-08-13,Premium,46067.93
3859,Chelsea Powell,michael16@example.com,New Zealand,2024-06-04,Basic,3309.7
9815,Eric Rasmussen,tamarageorge@example.org,South Korea,2023-05-07,Standard,33548.66
6692,Latasha Washington,devonvaughan@example.com,Spain,2024-05-12,Basic,13640.39
2829,William Mcmillan,ggreen@example.org,United Kingdom,2026-01-25,Premium,3001.73
437,Samantha Robertson,rebecca46@example.org,Italy,2023-06-18,Basic,16332.31
8275,Jennifer Garcia,treynolds@example.org,Mexico,2025-01-03,Standard,35164.66
8169,Nicholas Lee,englishandrea@example.com,Netherlands,2024-01-14,Premium,17511.33
3879,Stephanie Joseph,mmoore@example.org,India,2020-08-03,Premium,37314.3
1589,Wyatt Townsend II,pwebb@example.com,Canada,2023-02-26,Premium,40420.21
2781,Anna Higgins,jeffrey77@example.com,United States,2021-01-30,Premium,13312.58
8982,Michael Owens,timothycarter@example.org,Netherlands,2025-03-27,Standard,39684.45
8562,Scott Smith,monica43@example.net,India,2022-06-30,Basic,32227.65
5687,Vanessa Cunningham,alexander39@example.net,United States,2021-12-13,Premium,16265.72
3966,Sabrina Galvan,christinesmith@example.net,Spain,2022-07-02,Standard,3932.15
4728,Daniel Brewer,christina18@example.net,Italy,2023-02-19,Premium,6384.95
974,Sarah Booth,kathy14@example.com,Canada,2022-05-29,Basic,15195.74
1239,Kimberly Johnson,molinajoseph@example.net,Japan,2025-12-31,Standard,34294.16
2952,Adam Robinson,richard07@example.com,Switzerland,2020-11-27,Standard,34439.59
2343,Michael Dawson,mcooper@example.net,Spain,2024-06-16,Premium,2788.79
6521,Donald Roberts,yfernandez@example.org,Germany,2022-12-31,Basic,694.37
7311,Michael Wallace,omcintosh@example.org,India,2020-11-08,Basic,857.85
6047,Julie Curry,samanthalopez@example.net,United States,2022-05-31,Premium,48951.89
2159,Jennifer Williams,morrisanthony@example.com,Italy,2023-10-24,Standard,8513.0
9289,Tina Harrington,meghan26@example.com,India,2025-05-31,Premium,16641.93
6590,Janice Roberts,jessepalmer@example.org,Germany,2022-03-12,Standard,41392.76
1498,Megan Anderson,bentleyvickie@example.net,Switzerland,2024-05-15,Premium,27981.38
4546,William Arnold,patricia75@example.org,Japan,2026-01-01,Basic,33899.8
6466,Ronald Kramer,valenzueladanny@example.net,Japan,2026-07-07,Basic,41465.05
4258,Victoria Smith,smithalan@example.org,United States,2021-02-19,Basic,47102.63
2423,Jonathan Swanson,lisa19@example.net,Sweden,2021-11-21,Basic,13311.47
8565,Adam Cortez,amandahorton@example.net,France,2024-03-11,Basic,31584.09
5186,Anthony Washington,cindy35@example.net,Spain,2025-07-10,Standard,40283.69
5648,Mary Richardson,johnsonerin@example.com,India,2024-09-28,Premium,40411.83
358,Mark Jimenez,nancy58@example.com,United States,2022-01-15,Basic,167.87
5243,Miguel Pena,holsen@example.net,New Zealand,2026-06-19,Basic,33473.99
8012,Michelle Stevens,mary81@example.net,Netherlands,2023-01-29,Premium,47383.35
9241,John Johnson,lijoseph@example.net,Mexico,2021-06-11,Standard,38301.91
2093,Jimmy Phelps,yscott@example.net,Italy,2020-05-15,Basic,20850.99
5410,Mark Williamson,christopher23@example.org,Italy,2023-07-09,Basic,33750.08
2016,Karen Hart,cschaefer@example.net,Sweden,2020-03-08,Premium,26357.34
9060,Reginald Brown,williamsdonna@example.net,United Kingdom,2022-01-09,Premium,27072.98
4045,Jason Clark,vmclean@example.org,Brazil,2023-09-03,Premium,4041.76
188,Laurie Hoffman,wbrooks@example.net,Norway,2022-03-29,Standard,28588.95
6859,Jennifer Lewis,lyonssusan@example.net,Argentina,2023-11-30,Premium,33517.12
3656,Daniel Turner,baxterbrandi@example.net,France,2021-09-19,Basic,45781.2
3427,Aaron Hernandez,kramos@example.net,India,2022-05-05,Basic,33652.73
7195,Felicia Thompson,laurawilliams@example.com,South Korea,2020-03-12,Premium,28062.77
1382,Kim Lopez,lunaadriana@example.org,Argentina,2025-10-24,Basic,399.63
7469,Valerie Sharp,smithjoseph@example.net,United States,2025-05-11,Premium,251.29
414,Jeremy Scott,walldaniel@example.net,Spain,2021-11-26,Basic,2875.19
5038,Grace Green,huntamanda@example.net,South Korea,2025-12-29,Standard,22897.64
4898,Ryan Warren,lawsonemily@example.com,Australia,2021-12-09,Basic,2598.61
3337,Tanya Hill,kroberts@example.net,Singapore,2021-03-09,Basic,48477.71
3607,Heather Trujillo,davidbooth@example.com,Canada,2023-10-10,Premium,9190.29
3176,Michael Mathews,jose45@example.org,New Zealand,2020-09-21,Basic,31060.93
2242,Corey Garcia,patrick31@example.net,Netherlands,2020-03-21,Basic,26442.25
9709,Michael Lindsey,fwalter@example.org,Switzerland,2024-03-16,Basic,14440.29
7797,Anthony Christensen,karenclark@example.org,Argentina,2022-02-25,Premium,7158.56
257,Maria Henderson,ipoole@example.org,Netherlands,2024-10-13,Premium,39880.76
8621,Blake Mitchell,isimpson@example.org,Singapore,2020-04-24,Basic,39543.65
201,Charles Schultz,rosskatherine@example.org,Australia,2022-04-16,Basic,43689.26
2236,Kristin Phillips,patriciaprice@example.com,Spain,2021-03-20,Basic,23777.3
4744,Laura Sparks,ohernandez@example.com,South Korea,2026-05-05,Premium,45649.35
1768,Larry Harding,ythompson@example.org,Netherlands,2023-10-24,Standard,48335.37
4237,Travis Dixon,norman53@example.net,Australia,2023-02-08,Basic,37473.43
6730,Tammy Werner,rogersdaniel@example.org,Canada,2020-01-26,Premium,41882.97
8451,Charles Jensen,jcarter@example.com,Sweden,2022-11-04,Premium,4469.62
7278,Casey Ferguson,julia32@example.net,Mexico,2020-12-11,Standard,30000.38
1573,Greg Osborne,florescynthia@example.com,Australia,2024-01-21,Premium,40871.44
25,Adam Vaughan,,France,2023-12-04,Standard,24601.31
3364,Abigail Collins,qmathis@example.org,Spain,2020-03-01,Standard,20335.46
1089,Jessica Larsen,robertokhan@example.org,Netherlands,2023-07-19,Premium,24640.25
4675,Phillip Kelly,deanjacob@example.com,United States,2023-12-13,Premium,16113.71
2695,Scott Lopez,john76@example.com,Japan,2025-07-04,Standard,6549.12
7583,Jordan Reeves,sarahlewis@example.com,Sweden,2021-08-22,Standard,45377.54
3399,Kenneth Bailey DDS,djohnston@example.net,Norway,2022-03-02,Standard,2426.58
3560,Alexis Arroyo,rgonzales@example.com,Mexico,2021-09-30,Standard,10759.79
9157,Miranda Perkins DDS,megan39@example.com,France,2022-08-24,Premium,6744.24
2842,Jason Bell,cory67@example.com,Argentina,2026-05-16,Basic,49960.58
2312,Miranda Murray,fbarry@example.org,Netherlands,2021-03-28,Basic,40598.87
8334,Thomas Richards,kruegercrystal@example.org,South Korea,2022-10-26,Basic,39127.39
3235,Daniel Roberson,paulschultz@example.org,Japan,2022-01-10,Premium,32096.95
4153,Sarah Berry,dennis88@example.net,France,2020-04-25,Premium,4799.92
1310,Kelly Miles,vjohnston@example.net,Switzerland,2023-08-01,Basic,41039.76
696,Jorge Harris,lopezmeghan@example.org,Mexico,2022-03-20,Premium,20520.46
9860,Nathaniel Shelton,bsmith@example.org,Mexico,2022-05-29,Standard,15940.32
3753,Rebecca Blake,parsonsjose@example.org,South Korea,2025-08-23,Basic,5863.12
6338,Aaron Pennington,carterjohn@example.net,Norway,2020-09-17,Basic,36153.96
1228,Mark Thomas,paigephillips@example.org,New Zealand,2025-06-09,Standard,48829.31
2000,Tiffany Hood,gutierrezjonathan@example.com,United States,2025-05-12,Standard,17910.96
277,Brittany Kim,brittneywashington@example.com,Italy,2025-04-02,Premium,45623.7
8177,Elizabeth Lawrence,kimberlyjohnson@example.org,New Zealand,2025-09-30,Basic,450.83
7665,Charles Gonzalez,sean18@example.net,Spain,2022-09-08,Standard,39601.18
5930,April Wiley,susanprice@example.org,Spain,2020-01-05,Standard,34143.5
2954,Kevin Rose,abowman@example.org,Sweden,2024-08-11,Standard,3192.7
3638,Phyllis Schmidt,tschmidt@example.org,Switzerland,2024-08-02,Standard,1545.53
3907,Daniel Stewart,john70@example.com,Argentina,2024-08-13,Standard,39000.99
4779,Tony Brooks,johnsontrevor@example.com,Australia,2026-03-23,Basic,38209.24
5846,Mr. John Decker MD,hernandezerica@example.org,United States,2026-02-17,Standard,9575.24
9699,Amy Mejia,strongronald@example.org,United Kingdom,2025-01-24,Standard,23787.17
4118,Donald Smith,xrobertson@example.net,Norway,2026-01-03,Standard,707.92
7031,Dr. Lori Jackson,robertbrown@example.org,France,2025-03-23,Standard,35282.21
1138,Richard Gordon,zball@example.com,Mexico,2023-01-11,Standard,35051.16
2768,Joshua Jones,kenneth12@example.org,United States,2025-06-11,Standard,7758.79
2335,Daniel Reynolds,jnelson@example.com,France,2023-07-27,Standard,42035.19
7707,Latoya Terry,mccormickjohn@example.net,Mexico,2022-06-13,Basic,41157.94
943,Jon Clark,mark03@example.com,Sweden,2022-12-01,Standard,48920.35
7663,Stacy Bailey,operry@example.com,Italy,2025-10-07,Premium,38441.77
2491,Jamie Love,davidsonmargaret@example.net,United States,2020-10-15,Standard,35616.49
9680,John Carter,leahmckinney@example.com,Italy,2021-05-19,Standard,27492.66
6291,James Collins,mark56@example.com,Germany,2026-03-03,Standard,11106.2
4936,Daniel Benjamin,david96@example.org,United Kingdom,2026-07-23,Standard,48504.15
3936,Daniel Lee,donaldmarquez@example.net,Switzerland,2020-05-15,Premium,16775.52
6957,Anthony Mills,pthompson@example.org,India,2022-11-19,Basic,10464.52
2385,Carolyn Haley,littlesarah@example.com,Canada,2020-06-22,Premium,12460.6
111,Briana Murray,jeffreybutler@example.org,Brazil,2026-04-11,Standard,23768.39
1864,Michael Henry,nathanpena@example.net,New Zealand,2024-06-04,Premium,44424.47
9977,Mary Griffin,martinezkevin@example.net,Germany,2025-10-28,Basic,29882.08
3120,Jeffery Taylor,marieneal@example.com,United Kingdom,2026-05-30,Premium,28346.63
4259,Timothy Reilly,miranda63@example.com,Switzerland,2022-04-07,Premium,27697.48
6706,Eric Wright,richard30@example.net,United States,2026-03-09,Basic,15790.09
903,Elizabeth French,vbrooks@example.org,India,2022-04-20,Premium,4420.58
2820,Michael Savage,phillip06@example.net,Japan,2022-04-11,Premium,43275.27
3823,Katherine Padilla,amyjones@example.com,Norway,2022-07-04,Premium,23971.77
8162,Connie Hansen,williamsmichael@example.org,Sweden,2025-01-08,Basic,18362.35
6891,Rachel Rollins,torresjeremy@example.org,Canada,2022-05-07,Basic,1676.51
9091,Brian Peters,rodriguezmary@example.org,Canada,2023-06-11,Basic,31706.29
4700,Courtney Sanders,salazartonya@example.org,Norway,2026-05-29,Standard,25792.28
8919,Cassandra Williams,joseph46@example.com,Canada,2026-06-03,Standard,42230.22
3803,Logan Massey,andersonpamela@example.com,Norway,2023-12-26,Standard,25623.45
6069,Gregory Wiley,cisnerosdawn@example.com,India,2020-10-09,Standard,36447.13
5811,Jamie Romero,robert53@example.org,South Korea,2022-11-24,Premium,37766.54
3537,Heidi Moran,yorkmichael@example.net,United Kingdom,2026-08-08,Premium,41678.93
3826,Kelly Liu,ernestgreen@example.com,New Zealand,2026-07-22,Basic,1364.97
8643,Hannah Campbell,billy77@example.net,United Kingdom,2022-08-31,Basic,6743.59
8609,David Larsen,smithnicole@example.net,France,2022-08-31,Standard,31744.22
4811,Jesse Fleming,gregory44@example.net,United Kingdom,2020-04-28,Basic,10894.67
1947,Christopher Black,higginsheidi@example.org,Sweden,2023-09-24,Basic,13928.07
8601,Stacey Berger,deborahhernandez@example.com,Singapore,2024-06-07,Premium,10339.07
7137,Timothy Schmitt,mariaramirez@example.org,United States,2022-08-22,Basic,30573.05
5336,Edward Tucker,hwade@example.org,United States,2024-11-12,Basic,23143.39
3489,Dwayne Joseph,bblack@example.org,India,2025-12-05,Premium,43154.78
1611,Scott Anderson,brandonfrederick@example.com,Italy,2025-10-15,Basic,30140.95
7462,Richard Scott,johnsoncharles@example.net,United States,2026-06-08,Premium,43802.53
8474,Anna Novak,larsennicole@example.org,United States,2020-10-11,Basic,10919.46
4678,Brian Davis,raymond23@example.org,United Kingdom,2023-06-24,Standard,40371.46
4960,Sierra Moses,justingoodman@example.com,France,2022-07-30,Standard,40619.16
5868,Joseph Young,laura04@example.net,Singapore,2021-11-30,Basic,22349.49
8764,Heather Meadows,richard21@example.net,Netherlands,2021-11-13,Basic,16663.43
4762,Kimberly Thomas,cummingschristopher@example.com,Singapore,2020-08-13,Basic,26472.92
2195,Pamela Medina,ipruitt@example.org,Spain,2026-01-27,Standard,19578.4
8004,Olivia Russell,erik04@example.net,India,2021-10-01,Basic,35291.49
5702,Jennifer Reilly,anita31@example.org,Netherlands,2023-07-01,Basic,17664.96
5114,Tammy Duncan,dgarcia@example.net,Spain,2025-07-29,Premium,10493.02
558,Alexander Gomez,hpatterson@example.org,Italy,2024-01-17,Standard,47978.13
8066,Jared Spence,hwarren@example.net,Mexico,2021-09-17,Standard,532.5
5140,Ashley Thomas,clayscott@example.com,India,2020-08-18,Standard,43988.4
1208,Debbie Dunn,orusso@example.org,Italy,2023-10-20,Standard,46928.79
7034,Tina Jennings,bcross@example.com,Japan,2023-02-15,Standard,49794.45
7310,Jennifer White,bob35@example.com,Spain,2021-05-21,Standard,45917.44
1511,Gina Wallace,deniseevans@example.com,Switzerland,2024-03-12,Standard,34606.73
6770,Autumn Hill,hernandezcarmen@example.net,New Zealand,2023-09-05,Standard,29881.11
3830,William Austin,philipreid@example.com,Germany,2020-07-02,Basic,18804.48
3733,Valerie English,kellyheather@example.net,Brazil,2025-01-07,Basic,4121.46
7958,Janet Oliver,coopergina@example.net,Norway,2025-02-17,Basic,22440.44
3212,Brandi Camacho DVM,jillhubbard@example.com,India,2025-04-05,Standard,8890.81
3631,Allison Wilson,frankcampbell@example.com,Japan,2023-01-14,Basic,30980.93
1709,Eric Warner,justinnguyen@example.com,Mexico,2022-11-12,Premium,41448.34
1846,Kurt Ewing,stephaniebrown@example.com,India,2026-03-06,Premium,3567.41
267,Jeremy Mitchell,tkent@example.org,Sweden,2020-08-13,Standard,38275.47
5986,Richard Murray,mark31@example.com,South Korea,2023-10-22,Basic,28973.94
1141,Marie Boyd,mannlisa@example.com,Switzerland,2021-05-06,Standard,7053.87
3163,Lisa Martinez,josephstevens@example.net,Mexico,2020-08-02,Basic,12040.38
6208,Anthony Morse,graygerald@example.net,Canada,2021-01-16,Premium,9958.39
2047,Christian Park,frenchjacob@example.com,Australia,2024-06-22,Premium,9020.56
3731,Shannon Ramirez,burnettsteven@example.net,Spain,2026-04-25,Premium,20597.07
1910,Samuel Stuart,xmurphy@example.net,Singapore,2022-10-28,Standard,26247.95
7308,Denise Combs,wilsonjimmy@example.org,Canada,2023-11-11,Basic,1218.79
2661,Joshua King,colejacob@example.org,Germany,2023-12-27,Basic,40167.34
657,Mr. Michael Williams,fcontreras@example.com,Singapore,2022-08-22,Premium,12322.74
6661,James Smith,smithhayley@example.com,Switzerland,2022-06-29,Basic,42311.44
1308,Christina Washington,jessicagordon@example.com,New Zealand,2023-05-28,Standard,21916.51
9430,Jesus Dawson,czimmerman@example.org,Spain,2025-10-09,Premium,33889.58
999,Mr. Thomas Thompson,nathaniellawson@example.org,Germany,2026-06-05,Standard,27046.99
7433,Laura Medina,dreyes@example.org,Canada,2020-08-18,Standard,14172.6
2835,Wayne Davis,marie99@example.net,United Kingdom,2023-08-22,Standard,14808.55
9179,Mario Clark,derek04@example.org,Spain,2026-07-26,Standard,5234.03
5881,Jesse Wright,qbradford@example.com,United States,2020-05-18,Standard,26182.73
1238,Brian Brown,robertsonlisa@example.com,India,2026-01-14,Standard,13844.05
2152,Becky Hansen,phillipsmorgan@example.org,Singapore,2021-05-14,Basic,12592.47
7920,Robert Jenkins,whiteandrew@example.com,Netherlands,2024-06-22,Premium,6963.15
9696,Joseph Mcgee,lbarrett@example.net,France,2023-02-22,Premium,11944.54
7190,Heather Kim,kthomas@example.org,France,2022-08-02,Standard,17711.62
8304,Steven Moore,emyers@example.com,United States,2022-01-23,Premium,415.41
6579,Joshua Hayes,gdavis@example.org,Argentina,2022-02-03,Basic,7717.24
5092,Derek Hall,jonathancollier@example.com,Brazil,2022-08-04,Basic,49425.97
2187,Jeffrey Bishop,vbradshaw@example.org,South Korea,2023-01-06,Basic,5954.31
1135,Dale Heath,acampbell@example.com,Canada,2020-03-02,Basic,19013.67
5005,Matthew Brown,marilynbanks@example.com,Australia,2023-11-07,Basic,32874.37
7975,Lisa Scott,bvalenzuela@example.org,Argentina,2025-09-26,Basic,19271.77
1304,Joseph Jimenez,kimcooley@example.org,South Korea,2021-09-06,Basic,977.27
8469,Scott Bean,jgibson@example.org,Netherlands,2022-06-06,Basic,11719.71
1628,Laura Robertson,diazjudith@example.com,Italy,2022-11-27,Basic,22805.0
9282,Samantha Santana,jonesjeremiah@example.com,Canada,2022-03-23,Basic,14650.38
1523,Michael Ortega,pittsmary@example.net,Sweden,2024-08-19,Basic,7195.44
9811,Sarah Lee,brownamy@example.org,Norway,2021-05-02,Basic,48573.02
359,Donna Frye,rebeccarodriguez@example.net,Japan,2020-04-28,Premium,21867.39
139,Shannon Ramsey,pmedina@example.com,United Kingdom,2020-03-01,Basic,4337.37
300,Evelyn Williams,cheryl54@example.org,United Kingdom,2026-04-05,Basic,849.31
1557,Benjamin Smith,vstewart@example.com,Norway,2024-09-22,Basic,30450.02
5100,Brandon Brown,gonzalesjoshua@example.net,Sweden,2020-08-16,Standard,13582.01
383,Kathryn Williams,hharrison@example.org,Spain,2026-03-15,Standard,47235.13
8313,Nicole Salazar,amberbaker@example.org,Spain,2024-11-17,Basic,2605.63
6949,Bryan Franco,jessica92@example.net,Brazil,2024-12-04,Standard,32677.47
4858,Suzanne Wagner,rachelmorse@example.org,Sweden,2025-02-09,Standard,46694.95
3181,Sherri Thomas,timothysimmons@example.com,Australia,2023-02-28,Basic,49775.41
1440,Brittany Melton,sparksdawn@example.com,Japan,2023-12-14,Premium,41533.39
7270,Thomas Reyes,dana97@example.net,Germany,2025-01-16,Premium,13128.91
5674,Caleb Williams,spowell@example.net,Italy,2022-02-25,Basic,26419.9
947,Misty Garcia,jamie08@example.net,Japan,2025-03-29,Premium,17590.85
2391,Martin Hall,kalvarado@example.net,Singapore,2020-11-21,Standard,35199.89
5499,Anthony King,foleytaylor@example.net,United Kingdom,2022-09-26,Premium,46757.65
7074,Elaine Herman,rodriguezroberta@example.org,South Korea,2025-11-18,Basic,2264.81
9231,Adam Maynard,ojohnson@example.com,Norway,2024-06-26,Standard,39617.16
2722,Elizabeth Roth,pearsonkimberly@example.net,Japan,2021-12-15,Standard,38854.15
1933,Theodore Long,floresjesse@example.com,Japan,2020-03-04,Premium,870.77
7424,Mark Woods,rcastro@example.net,Canada,2024-05-15,Standard,5416.45
3237,Kimberly Lloyd,jonathansnow@example.net,India,2023-08-09,Premium,38918.78
3141,Melissa Santos,qnelson@example.org,Japan,2026-05-31,Premium,27244.43
4164,Aaron Leon,joshuagarcia@example.com,Netherlands,2023-09-02,Premium,39626.23
8889,Robert Andrews,morgan38@example.net,South Korea,2022-01-02,Standard,1881.15
3808,Deborah Wood,toddjoseph@example.com,Germany,2020-10-15,Standard,37058.76
9480,Jennifer Frey,paulmartinez@example.com,Argentina,2024-11-12,Standard,42178.91
6984,Mr. Daniel King Jr.,rlindsey@example.com,France,2020-01-09,Basic,23175.14
8905,Lisa Good,orozcorebecca@example.net,Japan,2025-08-13,Standard,33919.37
9723,Daniel Cook,omccullough@example.org,Brazil,2021-11-08,Premium,12470.76
4155,Rodney Gilmore,pattywright@example.org,Canada,2023-06-13,Standard,11800.61
4173,Daniel Patterson,rosejuan@example.com,Singapore,2023-09-29,Basic,28761.63
797,Nicholas Rush,wnelson@example.com,Brazil,2022-04-29,Basic,9679.52
2417,James Dickerson,haroldbartlett@example.net,Japan,2022-10-08,Basic,42116.28
7171,Parker Knight,lindsey15@example.com,France,2024-04-20,Basic,5527.95
6140,Amanda Davis,matthewhernandez@example.com,Spain,2025-11-03,Standard,16436.56
786,Mitchell Sellers,jennifer01@example.com,South Korea,2025-01-21,Basic,38036.99
7068,Kimberly Jones,trevinohayley@example.net,India,2026-04-24,Basic,13036.47
3159,Robert Tapia,stephaniekrueger@example.net,Spain,2025-02-04,Basic,48009.94
124,William Barrett,samanthaburton@example.net,Brazil,2021-11-20,Standard,48044.44
9458,Brandi Rodriguez,emily97@example.net,Germany,2025-04-09,Basic,32802.21
9247,Henry Dunn,jenniferbarton@example.net,Japan,2021-10-18,Basic,34663.26
2173,Victor Leonard,woodarderica@example.org,Argentina,2021-09-07,Standard,45313.9
2170,Paul Cruz Jr.,coxshaun@example.org,Sweden,2023-12-27,Premium,21704.48
6881,Ana Jensen MD,vreese@example.net,Singapore,2020-09-30,Premium,20343.46
4010,Carla Reid DDS,joegrant@example.net,Mexico,2020-11-27,Premium,4427.04
9297,Brandon Dominguez,prussell@example.com,United States,2022-12-12,Basic,2652.39
4341,Matthew Hamilton,kevin20@example.org,Mexico,2023-02-19,Standard,44839.74
911,Eugene Baldwin,xtrujillo@example.org,Canada,2026-08-05,Premium,17675.48
6269,Jordan Mason,ubrown@example.com,Singapore,2022-05-05,Basic,32382.02
7772,Toni Lamb,keith40@example.org,Sweden,2020-06-23,Basic,16827.18
2310,Darrell Curry,wtaylor@example.net,India,2026-04-22,Premium,15889.77
9659,David Hogan,bellchristopher@example.net,United States,2023-08-25,Standard,34294.4
3635,Jonathan Yates,steelelisa@example.com,United States,2026-01-22,Premium,24475.25
1258,Justin Foster,timothy75@example.org,Canada,2022-10-24,Basic,21224.38
6592,Steven Perez,pdaniel@example.net,Argentina,2023-02-11,Basic,2734.69
4459,Kimberly Jones,mvaughan@example.org,Argentina,2021-12-06,Premium,35052.14
6134,Michael Jackson,colonjessica@example.com,Germany,2020-03-05,Basic,11855.96
1179,Jason Rodriguez,ithompson@example.com,Sweden,2024-05-30,Premium,31649.52
4653,Austin Horton,diana76@example.net,Brazil,2022-04-24,Basic,26546.72
6219,Frank Harding,ericcisneros@example.org,Spain,2021-02-07,Standard,926.76
3651,Spencer Camacho,spencerjohn@example.net,Spain,2021-05-09,Basic,12326.03
443,Bryan Parker,kjohnson@example.org,Norway,2025-11-20,Basic,13230.71
3416,Roy King,kelleybradley@example.net,Norway,2025-11-23,Basic,38184.06
1400,Emily Grant,rwood@example.com,Spain,2023-03-26,Standard,43336.12
1458,James Jones,lance16@example.net,India,2022-10-21,Basic,45998.57
7525,Sharon Cook,steeleamanda@example.com,United Kingdom,2021-06-15,Basic,25204.89
5745,Matthew Freeman,williamsjose@example.com,South Korea,2022-08-01,Premium,49409.19
1055,Jessica Garcia,francodiana@example.net,Singapore,2022-05-10,Basic,8561.57
8999,Howard Richardson,kimberly61@example.org,Germany,2026-01-27,Premium,9811.16
3276,Kenneth Jackson,patricia84@example.com,Norway,2023-11-07,Basic,16462.75
1464,Taylor Andersen,kimberly59@example.org,Germany,2026-01-20,Standard,11548.21
3700,Matthew Murphy,stevenmendoza@example.net,Brazil,2022-09-17,Standard,18129.99
3760,Russell Bird,katherinecurry@example.org,Australia,2025-09-17,Standard,16450.25
930,Jacob Santos,heatherwilliams@example.org,Norway,2025-05-21,Standard,25444.42
5512,Keith Solis,wmartinez@example.net,India,2024-02-18,Basic,48588.7
6469,Terry Carr,douglasstanley@example.org,Germany,2026-07-12,Basic,49571.55
8413,Margaret Kennedy,melendezteresa@example.net,Switzerland,2020-08-15,Premium,43259.52
1830,Michelle Richardson,thomas03@example.com,Mexico,2020-12-16,Premium,16760.75
2929,Robert Cummings,kelsey73@example.net,Sweden,2021-07-13,Premium,31101.18
8296,Randall Johnson,llewis@example.com,Switzerland,2025-01-10,Premium,49078.86
6539,Joseph Ayers,fkelly@example.org,Argentina,2023-07-02,Basic,12016.26
4222,Victoria Knight,mitchell90@example.org,Mexico,2021-05-31,Standard,20833.53
3547,Pam Hernandez,scott71@example.org,Spain,2023-03-30,Standard,14986.24
5599,Craig Dean,victoriastevens@example.com,Mexico,2023-05-21,Standard,43512.95
8938,Laura Buck,zknight@example.com,Australia,2023-06-16,Standard,42421.52
7319,Catherine Hawkins,sluna@example.org,Italy,2023-03-02,Premium,325.34
8351,Benjamin Stanley,ntate@example.net,Mexico,2024-02-01,Standard,25359.61
2012,Martha Martinez,ann87@example.net,South Korea,2026-01-02,Basic,883.82
914,Philip Jackson,natalie39@example.com,Singapore,2023-08-05,Standard,36927.52
8249,Angela Harrington,gwendolyn59@example.net,United Kingdom,2024-02-07,Basic,8037.55
7266,Elizabeth Green,roy66@example.org,South Korea,2020-02-22,Basic,49559.1
3220,Ralph Hendricks,moorecory@example.com,Sweden,2021-01-22,Premium,11074.8
2607,Oscar Carroll,fthomas@example.org,United States,2024-12-21,Premium,11497.3
3265,Donna Montes,angelashelton@example.org,Mexico,2021-10-06,Standard,1088.72
4929,Samuel Warren,thomassarah@example.net,Spain,2020-09-27,Standard,4399.55
8662,Gabrielle Johnson,anna74@example.com,Australia,2024-05-05,Premium,45687.87
6565,Ryan Taylor,millerjaime@example.com,United Kingdom,2025-10-26,Basic,42720.39
8130,Sara Park,candiceharris@example.net,Italy,2020-09-01,Premium,11021.01
7,Eric Byrd,,Switzerland,2023-12-18,Basic,12644.52
2981,Steven Thomas,pratteddie@example.net,Sweden,2025-11-17,Standard,30833.7
6584,Matthew Khan,cwilliamson@example.com,Australia,2023-04-20,Basic,26412.86
3362,Janet White,vwilson@example.org,Spain,2020-01-20,Basic,18404.49
4775,Jean Murillo,john03@example.org,United Kingdom,2025-05-09,Standard,39247.72
1944,Anthony May,rjenkins@example.com,Switzerland,2025-09-14,Premium,23585.3
7453,Robert Lane,whitecrystal@example.net,Norway,2023-03-31,Premium,24015.2
5500,Michael Summers,smithtimothy@example.net,South Korea,2021-05-26,Basic,34692.19
1636,Joe Miranda,robertssusan@example.net,United Kingdom,2024-03-09,Standard,13589.44
1142,Andrew Moreno,gilldakota@example.org,United States,2020-04-24,Standard,20058.81
2042,Alan Waller,emcfarland@example.org,Australia,2020-05-05,Standard,46047.9
6704,Jose Mckinney,dwayne65@example.com,France,2025-02-03,Standard,39542.58
7819,Jack Jacobs,xburnett@example.com,South Korea,2021-01-22,Standard,10052.89
2071,Stanley Kelly,ryan59@example.com,South Korea,2025-08-30,Standard,13750.34
3135,Debra Wolfe,caleb79@example.com,New Zealand,2020-08-12,Basic,16074.5
5161,Keith Morales,xmathews@example.org,Norway,2020-04-24,Standard,32149.93
8332,Carol Baker,umartin@example.net,Spain,2026-05-15,Premium,828.07
5276,Mr. Robert Acevedo MD,james84@example.com,Australia,2025-05-27,Standard,9255.41
2243,Andrea Clarke,lwilliamson@example.com,New Zealand,2026-07-19,Premium,30145.73
1475,Aaron Jennings,gregory66@example.net,Switzerland,2025-07-30,Standard,23146.67
8591,Allen Erickson,gmorales@example.com,Mexico,2023-09-10,Basic,39674.01
1890,Daniel Flynn,sherri61@example.com,New Zealand,2021-08-19,Standard,49669.11
3436,Stephanie Weiss,xramos@example.com,Japan,2023-04-29,Basic,41495.8
7594,Virginia Jimenez,lopezlinda@example.net,Argentina,2023-11-17,Standard,48861.13
7746,Richard Young,mary94@example.net,Netherlands,2025-12-30,Premium,37274.79
3706,Christopher Thomas,wdominguez@example.com,Italy,2021-12-22,Standard,34681.88
2022,Terry Woods,chapmancarolyn@example.com,Sweden,2022-04-28,Basic,21628.7
4021,Joanne Harmon,halltommy@example.net,Australia,2026-01-10,Standard,3912.53
8831,Latoya Singleton,lsimpson@example.com,Switzerland,2025-07-22,Standard,34718.82
8444,Olivia Wallace,tonya74@example.org,United States,2025-11-08,Basic,40699.49
3501,Allison Mcpherson DDS,philipchavez@example.org,Norway,2026-01-27,Basic,24109.17
2659,Grace Swanson,glennjackson@example.com,South Korea,2024-03-12,Basic,31328.79
8457,Joshua Myers,whitestephanie@example.com,Switzerland,2022-12-06,Standard,19245.61
6889,Lisa Harris,alexanderclark@example.org,Canada,2025-03-15,Standard,29178.62
1131,Rebecca Hoover,csmith@example.com,Canada,2023-11-09,Basic,21659.29
5558,Brandon Peterson,alexandernicholas@example.org,Germany,2025-05-22,Premium,48393.7
7359,David Avila,thomasmckenzie@example.com,Canada,2026-01-05,Premium,33565.24
1820,Michael Webster,hacevedo@example.net,Germany,2023-08-22,Premium,24378.47
7539,Jessica Castro,donald17@example.org,Netherlands,2022-12-29,Standard,44509.45
9387,Robert Hall,rphillips@example.net,Switzerland,2024-11-04,Standard,16224.91
4319,Laura Ramirez,ashleyjohnson@example.org,Sweden,2024-08-25,Basic,9449.16
9605,Joshua Espinoza,kwhite@example.com,United Kingdom,2022-11-16,Premium,18107.31
4145,William Saunders,staylor@example.com,Canada,2025-01-05,Basic,24620.41
4670,Kathryn White,sbrown@example.net,Italy,2020-02-29,Basic,47663.98
1237,Mercedes Miller,angela32@example.net,United Kingdom,2022-11-25,Premium,1361.23
5477,Joseph Stokes,elizabeth06@example.com,South Korea,2020-11-18,Basic,8861.74
9837,Vincent Lowe,christopher32@example.com,United Kingdom,2022-02-21,Premium,28721.73
1857,Paul Saunders,ynewton@example.org,Sweden,2021-05-11,Basic,39392.49
2283,John Alvarado,schmidtjenny@example.org,New Zealand,2023-01-11,Standard,35753.86
8694,Shannon Turner,dwebster@example.org,United Kingdom,2020-05-05,Standard,17943.34
9321,Michael Howard,gtate@example.com,Brazil,2020-04-15,Premium,43067.02
4094,Krista Williams,qgeorge@example.org,Netherlands,2023-02-26,Premium,32884.23
7062,Jordan Clark,christopherarcher@example.org,Argentina,2024-06-07,Basic,39874.72
5201,Cathy Barnes,ptorres@example.net,Spain,2020-06-03,Premium,9661.67
6402,Bridget White,hoffmanlinda@example.org,Germany,2020-01-11,Basic,47322.6
9930,Aaron Reeves,omarshall@example.org,Netherlands,2025-07-26,Premium,41709.97
3422,Stacie Sanford,lyonscaitlyn@example.net,Mexico,2026-01-27,Premium,48128.09
9270,Katherine Page,mcardenas@example.org,Australia,2022-03-16,Standard,9864.68
387,Nancy Evans MD,dennislarsen@example.net,United Kingdom,2021-12-03,Standard,32930.46
8549,Meghan Hernandez,carlos36@example.net,Canada,2023-08-28,Basic,5578.92
1629,Katherine Graham,hthomas@example.org,Sweden,2020-07-29,Standard,46409.26
3586,Christopher Hunter MD,markwood@example.org,New Zealand,2022-01-28,Premium,31443.73
7413,Peter Gonzalez,steventanner@example.org,Australia,2025-08-09,Basic,3090.02
2715,Janice Henson,justinlopez@example.net,Singapore,2026-04-16,Standard,5165.09
7172,William Morales,estradashelby@example.com,South Korea,2026-02-25,Premium,40454.74
8436,Tammy Finley,glenchambers@example.org,France,2026-03-28,Premium,40394.82
9322,Judy Perez,smithdaniel@example.org,United States,2021-01-09,Premium,33320.06
5660,Travis Powell,angelagarcia@example.com,United Kingdom,2020-06-26,Premium,23475.12
3190,Zachary Miller,yalexander@example.com,Italy,2025-06-30,Premium,19256.66
9969,Stacey Bruce,katherine35@example.org,Mexico,2021-06-26,Standard,44402.63
4306,Crystal Davis,debra26@example.org,Singapore,2025-03-06,Standard,17900.25
910,Keith Knox,robert90@example.org,Japan,2024-01-03,Standard,2882.39
5386,Chad Williams,wallemily@example.net,New Zealand,2024-08-29,Premium,5133.72
1997,Billy Tate,vazquezpatricia@example.org,South Korea,2020-01-13,Basic,20456.12
1867,Laura Alvarez,eric53@example.org,United Kingdom,2023-06-21,Basic,484.48
1843,Charles Morales,huffjon@example.com,Spain,2021-09-04,Standard,21510.29
2498,Antonio Nichols,joshuagregory@example.com,Argentina,2021-07-14,Basic,26493.85
202,Paul Lewis,joseph10@example.net,Germany,2026-07-30,Premium,41333.3
7906,Melissa Torres,ymiranda@example.net,United Kingdom,2020-12-09,Premium,31927.78
7725,Jamie White,dominiquesolis@example.com,South Korea,2021-03-22,Premium,32427.72
5055,Meagan West,craig65@example.com,Norway,2021-03-08,Standard,10845.37
5890,Karen Cruz,xvazquez@example.org,India,2023-08-19,Basic,40913.43
4007,Charles Weaver,ucruz@example.org,Australia,2021-05-14,Basic,44973.03
9902,Stephen Ross,smithsherry@example.net,Germany,2022-07-29,Standard,15727.18
2703,Amanda Wright,usullivan@example.net,Germany,2024-11-08,Basic,36434.3
3450,Francis Andrews,julie61@example.com,Spain,2021-11-13,Standard,36175.54
332,Jodi Roach,aatkins@example.org,Germany,2025-11-07,Basic,18077.73
7140,Crystal Smith,samuel45@example.net,Japan,2022-10-04,Premium,7665.55
8961,Kevin Gilbert,nicolewilson@example.net,Mexico,2021-08-19,Basic,48897.43
9820,Robert Cruz,jasonorozco@example.net,Brazil,2026-07-26,Standard,11127.51
7177,James Pena,dchavez@example.net,France,2020-04-02,Premium,38996.6
2460,Victoria Juarez,daltonjohnston@example.com,New Zealand,2022-12-07,Basic,47981.73
1775,Steven Taylor,tamaramurphy@example.org,Netherlands,2025-03-12,Basic,27289.73
6629,Douglas Hampton,hortoncandice@example.com,Germany,2021-11-11,Standard,15818.89
7597,James Williams,annarussell@example.net,South Korea,2020-12-29,Basic,31042.04
7987,Duane Clark,sandrabuchanan@example.org,Japan,2023-05-20,Basic,35902.76
2687,Veronica Osborne,lisaperez@example.net,India,2025-10-09,Standard,32127.95
9148,Jeffrey Ellis,garrettteresa@example.com,Canada,2025-09-05,Standard,45782.98
990,Amber Martin,michael71@example.net,India,2023-01-28,Basic,27061.88
9047,Matthew Rivas,amy55@example.com,Switzerland,2020-04-28,Standard,17826.24
8349,Diana Crawford,iwood@example.net,Japan,2025-02-05,Standard,15518.6
8876,Michael Moore,qmartin@example.net,France,2023-04-25,Basic,1555.99
8551,Robert Foster,christopherwalker@example.net,Canada,2024-04-26,Standard,31984.04
5807,Taylor Smith,francesthomas@example.net,Sweden,2023-05-02,Basic,31377.16
8734,Andrea Bass,russellpetty@example.com,India,2021-02-04,Premium,1892.54
8698,Joel Murray,rporter@example.org,Netherlands,2021-01-13,Standard,19649.83
6575,Eric Mathis,shawn99@example.org,South Korea,2026-03-15,Basic,20068.36
3053,Robert Sandoval,tony44@example.org,Australia,2025-08-08,Standard,30929.83
8638,Albert Black,taylornicole@example.net,France,2022-10-05,Premium,42484.5
5463,April Wallace,eric63@example.com,New Zealand,2023-08-18,Basic,9301.07
174,Victor Brown,carrollsuzanne@example.net,United States,2020-05-14,Standard,36849.91
4955,Michael Gonzalez,cunninghamomar@example.org,New Zealand,2020-02-04,Basic,9473.58
4616,Mark Miller,ricejoshua@example.net,Argentina,2026-07-28,Standard,42945.1
3322,Katelyn Curry,hartmansarah@example.com,Sweden,2024-07-12,Basic,49631.29
7066,Anthony Morales,beasleystacey@example.net,Argentina,2022-11-23,Basic,1498.83
6247,Jonathan Jordan,melissa89@example.net,Germany,2021-09-14,Basic,266.7
6746,Linda Jones,ashley43@example.net,Brazil,2020-08-06,Premium,2994.24
3373,Brittany Fitzgerald,cball@example.net,Argentina,2021-11-07,Standard,48043.76
6049,Alicia Garner,seanlong@example.org,Norway,2023-01-08,Basic,10817.11
3312,Chris Morris,phillip74@example.com,Switzerland,2025-06-14,Standard,2227.83
7417,John Kemp,woodsbrianna@example.com,Brazil,2026-01-14,Standard,47654.61
7294,John Stokes,brenda03@example.org,Japan,2020-05-10,Basic,9369.92
7585,Kelly Kennedy,milleremily@example.net,United States,2025-05-17,Standard,33158.48
9378,Lynn Edwards,lynchmark@example.com,New Zealand,2024-12-27,Standard,15513.65
8812,Lori Gutierrez,sjohnson@example.net,United Kingdom,2020-03-26,Basic,12047.89
8161,Mark Gomez,frenchlouis@example.com,India,2020-04-18,Standard,27118.52
4680,Kimberly Obrien,joseph61@example.com,Australia,2022-10-21,Premium,4720.13
3404,Michael Gordon,rbrown@example.net,Spain,2020-08-07,Standard,42280.46
19,Debra Christian,,Sweden,2025-12-05,Premium,21263.08
3692,Mallory Collins,valdezjohn@example.com,Argentina,2025-02-07,Standard,39319.98
8655,Jessica Chang,timothyfloyd@example.net,Sweden,2025-07-30,Basic,30690.62
4097,Steven Martin,tylermartinez@example.org,Netherlands,2022-03-07,Standard,33340.09
3629,Joel Cook,awilliams@example.com,France,2023-08-25,Premium,27582.38
8863,Caitlyn Clark,nicholas74@example.com,Argentina,2025-07-18,Premium,43299.3
2175,Jason Miller,lindsey76@example.net,Mexico,2021-09-09,Standard,9463.47
1357,Justin Freeman,tina05@example.org,Switzerland,2022-01-16,Premium,5627.08
5003,Daniel Wilson,mrodriguez@example.org,France,2020-01-26,Premium,44620.49
7392,Daniel Martinez,michael55@example.com,France,2020-03-27,Standard,49088.71
6923,Carlos Walker,sscott@example.com,New Zealand,2023-04-04,Premium,35144.54
5824,Colleen Hernandez,mirandaricardo@example.org,Norway,2025-01-06,Standard,17635.58
9503,Lauren Thomas,karenfuller@example.org,United Kingdom,2024-09-18,Basic,11545.77
5671,Brandon Carrillo,scottnicolas@example.org,Italy,2022-03-30,Standard,30314.06
3113,Andrew Johnson,lamroger@example.net,Norway,2022-12-31,Premium,43768.27
183,Jesse Perry,kellyrichardson@example.com,Germany,2023-05-14,Premium,17013.81
3643,Marie Jones,leeandrew@example.com,Argentina,2024-10-04,Premium,7063.79
8858,Michael Huerta,harrisonmichelle@example.net,India,2026-01-30,Premium,49327.87
1813,Robert Walker,jacksonbianca@example.org,Germany,2021-05-02,Premium,15479.41
7876,Joseph Gould,zjones@example.net,Australia,2025-10-08,Premium,6465.98
8498,Pamela Carter,allenryan@example.net,New Zealand,2023-08-03,Basic,45518.81
4913,Edwin Jackson,eric66@example.org,Germany,2026-05-26,Basic,29796.89
5669,Teresa Cohen,kevin51@example.net,Sweden,2026-07-16,Standard,2006.45
8543,Shawn Sullivan,davidsonjoseph@example.com,Italy,2022-09-16,Basic,17401.39
1801,Michael Barker,vazquezdavid@example.net,United Kingdom,2024-07-28,Premium,33759.83
9252,Joanna Martin,iibarra@example.com,Germany,2020-06-07,Basic,48990.96
2430,Michael Horton DDS,rbrown@example.org,France,2021-01-22,Standard,11172.26
5483,Paul Martin,lwilson@example.net,New Zealand,2022-10-30,Premium,42948.13
6762,Aaron Reed,rodriguezmark@example.com,France,2025-10-23,Basic,35530.05
9840,Gerald Romero,christopherbell@example.org,Switzerland,2024-06-03,Standard,44576.23
9636,Stephanie Jarvis,lindsaycraig@example.net,Italy,2024-11-04,Standard,43213.93
1969,Casey Morris,hollowayseth@example.com,Spain,2020-06-19,Premium,9011.04
8340,Robert Ramirez,rwilliams@example.net,France,2020-01-03,Basic,13346.31
8142,Peter Arnold MD,michaelcharles@example.org,Sweden,2026-04-28,Basic,37072.73
7697,Raymond Santos,qolson@example.com,Australia,2020-06-28,Premium,41041.91
7542,Shaun Wood,btaylor@example.org,Brazil,2025-12-27,Premium,4429.15
4988,Nicole Bright,ashleyeaton@example.org,Italy,2021-09-02,Premium,5433.2
9757,Edward Greene,nicholas30@example.org,India,2021-01-10,Premium,34660.64
4651,Dr. Jose Gray DDS,codypaul@example.net,Switzerland,2023-09-29,Premium,28309.59
1160,James Morgan,timothy23@example.net,Mexico,2022-10-25,Standard,46298.86
1214,David Reynolds,andrew30@example.com,Mexico,2024-09-05,Basic,45064.44
7337,Louis Savage,fcook@example.org,Mexico,2026-03-31,Premium,16663.71
1326,Ethan Frey,timothykey@example.com,Brazil,2020-08-17,Basic,40453.87
7513,Douglas Rodriguez,kevinvazquez@example.com,United States,2022-04-16,Standard,32140.39
7581,Susan Harper,dylanibarra@example.net,United Kingdom,2023-06-11,Standard,4029.12
4797,Timothy Howard,ronniewilliams@example.org,South Korea,2020-05-17,Basic,47307.9
6797,Jesse Sutton,davidchapman@example.com,Spain,2022-09-29,Standard,6924.02
5809,Erin Nelson,aherrera@example.net,Sweden,2020-02-19,Basic,19688.6
5944,Wanda Reynolds,alyssa41@example.net,Italy,2026-07-12,Premium,1125.19
9284,Evan Carroll,uhinton@example.net,Netherlands,2023-01-01,Basic,31495.0
8145,Gerald Snyder,jonesscott@example.net,Mexico,2021-03-01,Standard,15854.48
1456,Jesse Riley,feliciathompson@example.com,Australia,2021-10-24,Standard,17770.88
5411,Douglas Blanchard,michael16@example.com,Germany,2020-06-09,Standard,7247.93
7130,Frances Aguilar,gcruz@example.net,Japan,2024-09-14,Standard,49659.74
8893,Jessica Cruz,ericjenkins@example.com,Mexico,2020-05-12,Premium,6559.77
4963,Cynthia Jackson,morgangarrett@example.com,Sweden,2024-03-26,Standard,29091.37
2801,Michael Hunter,colleenclark@example.org,Japan,2023-12-18,Premium,37024.45
1645,Anthony French,anne73@example.net,Netherlands,2024-01-06,Basic,17561.74
2141,Gregory Harrell,kwilliams@example.com,South Korea,2024-09-04,Standard,3303.04
4537,Richard Bass,lmoran@example.org,Argentina,2024-02-12,Standard,36644.04
4458,Timothy Collins,vrogers@example.org,Mexico,2024-09-25,Basic,34926.84
8952,Richard Sweeney,sgeorge@example.com,Canada,2021-08-22,Standard,4571.49
5587,Maria Williams,mariafisher@example.org,Sweden,2023-03-30,Basic,17646.56
4379,Gary Miller,wwilson@example.com,South Korea,2021-12-28,Basic,21451.05
730,Matthew Sweeney,martinezbeth@example.org,United States,2025-04-30,Standard,30335.3
4358,Troy Lee,seangutierrez@example.org,Canada,2022-07-05,Basic,22501.67
7749,Gary Gilbert,wheelerdiana@example.org,Norway,2026-07-08,Premium,20981.33
6717,Claudia Wilson,karenwagner@example.com,Spain,2023-03-24,Basic,23125.71
1937,Pamela Sullivan,annettereese@example.net,Brazil,2024-12-20,Premium,4153.99
3794,Sherri Sullivan,sierramoreno@example.com,India,2024-07-10,Standard,39543.71
3737,Amy Jenkins,george43@example.com,Switzerland,2025-07-09,Standard,48757.83
2262,Patrick Harris,zfranco@example.com,Australia,2021-10-21,Premium,33562.18
4006,Aaron Thompson,jeffreygillespie@example.org,Mexico,2025-03-18,Basic,16069.03
1111,Mrs. Michele Boyd,angelamckinney@example.net,United Kingdom,2025-04-17,Premium,43976.97
9029,Nathan Blanchard,jenniferproctor@example.com,Singapore,2024-10-13,Standard,43615.57
5481,Tyrone Collins,cheyenne48@example.com,Argentina,2023-12-24,Basic,37876.77
2999,Cheryl Blevins,juliadavid@example.net,Japan,2020-03-30,Standard,13816.85
2395,James Phillips,tinarocha@example.com,Italy,2020-01-29,Basic,34457.93
1186,Austin Schultz,paul17@example.org,Singapore,2025-10-19,Premium,24718.41
2008,Trevor James,robbinsjoseph@example.com,United Kingdom,2025-08-09,Premium,14850.96
194,Holly Farmer,troy09@example.org,Japan,2021-06-18,Basic,48887.38
5612,Valerie Harrison,xdavis@example.net,Singapore,2020-02-19,Basic,43921.52
2902,James Silva,andrewarnold@example.com,South Korea,2020-02-23,Basic,14073.29
579,Michael Fuentes,brendacollins@example.com,Germany,2021-06-17,Basic,2989.21
6220,Danielle Perkins,wheelervanessa@example.com,France,2023-04-22,Standard,22260.79
5526,Stephen Wilson,watsonamanda@example.net,New Zealand,2021-08-26,Standard,45820.5
772,Paula Brown,xramos@example.org,Italy,2024-06-21,Standard,24968.06
7840,Alexander Wright,burtonphilip@example.net,Switzerland,2020-09-04,Premium,16034.2
2396,Dan Johnson,alisonross@example.org,South Korea,2022-09-25,Standard,43937.56
1479,Maria Olson,ogriffin@example.net,Norway,2020-11-02,Basic,748.9
1847,Ryan Hardy,david11@example.com,Mexico,2024-01-08,Premium,9115.5
9109,Jimmy Norman,qlogan@example.net,Japan,2021-02-12,Standard,14076.96
4275,Tiffany Davis,ypham@example.org,United Kingdom,2021-10-02,Standard,26352.5
3741,Ruben Jones,jodilove@example.net,Italy,2020-07-26,Premium,8810.62
4601,Rebecca Houston,mjohnson@example.org,Brazil,2023-02-16,Basic,4558.11
8088,Henry Brooks,ashley71@example.org,Canada,2026-05-26,Premium,41622.71
8711,Paula Roberts,cummingsallison@example.org,New Zealand,2021-06-04,Standard,13445.1
6677,April Hull,carrollalexandra@example.org,Singapore,2024-10-07,Premium,6171.57
6376,Christopher Williams,espinozadeborah@example.net,Singapore,2021-10-20,Premium,12059.31
8125,Anthony Parker,oconnorchristine@example.org,Netherlands,2024-10-12,Basic,49389.82
9539,Cathy Thomas,angelreed@example.com,Japan,2023-09-04,Premium,43365.96
4916,Tracey Hogan,heather13@example.org,United Kingdom,2022-10-01,Basic,9513.9
2074,Barbara Walker,haneycarrie@example.com,Sweden,2024-07-30,Basic,26198.11
4755,Marie Roach,hking@example.com,Switzerland,2022-05-06,Premium,18484.35
1897,Timothy Patel,ewheeler@example.com,Norway,2021-05-27,Basic,16682.87
8553,Kenneth French,ballernest@example.com,South Korea,2023-06-13,Premium,35648.68
6703,Morgan Grimes,brian24@example.org,Switzerland,2025-01-15,Premium,2306.76
6318,Megan Koch,nicole61@example.net,Sweden,2022-02-08,Standard,13015.01
3660,Jeremy Manning,dbrown@example.net,United Kingdom,2021-01-13,Premium,19620.49
6582,Jasmine Hall,irobertson@example.org,Germany,2020-02-06,Standard,45881.97
2380,Eugene Price,codykeller@example.org,United States,2024-02-11,Standard,34852.31
1448,Kyle Sanchez,jacob14@example.net,Italy,2023-01-17,Premium,3310.0
343,William Day,dianeburns@example.org,Spain,2021-02-01,Basic,35946.51
5128,Rachel Henderson,danielflores@example.net,Switzerland,2023-10-10,Standard,7645.44
3137,Lisa Ramirez,hillmelissa@example.net,United Kingdom,2024-11-29,Standard,15458.27
2528,Jennifer Johnson,sfletcher@example.com,Sweden,2022-05-22,Premium,20275.13
728,David Reed,joshua88@example.org,Netherlands,2023-07-06,Premium,30953.96
4578,Jonathan Perez,wlong@example.org,India,2022-05-19,Basic,39164.62
977,Jennifer Young,rebecca28@example.net,Norway,2025-06-09,Basic,10755.11
8392,Daniel Vaughn,petersendoris@example.com,France,2026-05-04,Premium,18184.18
5444,Michaela Hernandez,josephwilson@example.com,France,2020-08-22,Premium,3725.12
9035,Sabrina Chapman,michellegolden@example.net,Australia,2024-04-04,Basic,36700.1
3517,Brenda Harvey,vmendoza@example.com,Netherlands,2021-08-15,Standard,3821.71
7976,Michael Ellis,samanthagrimes@example.org,Sweden,2022-07-31,Basic,11986.52
9788,Christopher King,nsmith@example.com,Japan,2024-01-09,Basic,34605.83
3941,Elizabeth Wall,tiffany94@example.com,Australia,2023-01-16,Standard,46831.83
1300,Aaron Little,bunderwood@example.net,Spain,2025-01-30,Standard,25552.85
9765,Steven Aguilar,alisoncampbell@example.org,Netherlands,2021-05-23,Premium,45396.38
1349,Andrew Fernandez,jeffrey32@example.net,Australia,2021-01-05,Basic,39093.54
661,Bonnie Santos,carly00@example.net,Brazil,2025-01-05,Standard,36806.34
5887,Omar Chandler,gtaylor@example.com,South Korea,2024-06-14,Premium,16895.94
1493,Paula Gentry,nmorris@example.net,Argentina,2026-02-15,Premium,23448.68
9947,Beth Kerr,markfitzpatrick@example.org,United Kingdom,2021-08-07,Premium,5377.38
4590,Christopher Johnson,katelynsalazar@example.org,Mexico,2022-01-12,Basic,14169.99
8531,Grace Torres,whull@example.net,Singapore,2021-07-20,Basic,26385.65
5155,Mrs. Dawn Hawkins,goldenelizabeth@example.net,United States,2026-05-01,Premium,10758.76
2316,Bethany Harding,robertcastillo@example.net,United Kingdom,2025-06-23,Basic,34966.12
9615,Laura Lopez,jyu@example.com,Sweden,2021-12-30,Premium,29041.55
9578,Natalie Ramos,patellarry@example.org,Italy,2025-03-20,Standard,23652.37
7025,Erik Harris,masonsteven@example.net,Brazil,2020-10-06,Premium,3755.31
1086,Kevin Cunningham,jenniferwilliams@example.com,Netherlands,2025-06-23,Premium,41514.1
2525,Tammy Davis,bmoody@example.com,Mexico,2020-07-26,Basic,9230.52
8969,Sandra Holder,hamiltonmelissa@example.net,Brazil,2023-08-04,Premium,1779.97
5375,Clifford Mcdonald,zhart@example.com,India,2023-07-18,Basic,23284.21
3199,Nicholas Beard,ureyes@example.com,Japan,2020-01-30,Basic,16782.64
5752,Olivia Gonzalez,morrisshelly@example.net,Netherlands,2024-08-17,Premium,10227.01
4009,Cody Morris,barbara68@example.net,Netherlands,2022-02-26,Standard,12324.55
5718,John Richards,ryangreen@example.com,Canada,2026-06-26,Basic,1816.06
6658,Joshua Henderson,garnerkathryn@example.com,Japan,2024-09-28,Standard,19419.95
9358,Kelly Rojas,nholmes@example.net,Mexico,2020-06-27,Premium,8964.15
8791,Matthew Alvarez,drakemichelle@example.org,Sweden,2022-10-09,Basic,12212.53
68,Matthew Moon,@nodomain017,Australia,2020-05-26,Basic,8011.06
7924,Edward Stanton,anthony42@example.org,Spain,2022-11-15,Standard,47554.02
41,Julie Alexander,,Singapore,2020-04-04,Basic,32232.42
2270,Alisha Byrd,craig99@example.com,Italy,2020-05-24,Basic,11141.81
2382,Jackie Jones,katrinareid@example.com,Argentina,2021-02-08,Basic,42030.99
7342,Jordan Peters,reneepatel@example.net,India,2021-02-17,Standard,43805.49
9962,Misty Rogers,william24@example.org,Switzerland,2025-09-01,Premium,40216.97
4917,Micheal Austin,lori53@example.net,Italy,2021-09-05,Premium,28835.54
5323,Isabella Taylor,geraldperry@example.net,Netherlands,2024-08-18,Premium,34474.8
5774,Julia Parsons,heatherglover@example.net,Japan,2023-10-10,Basic,8685.51
6233,Alicia Phillips MD,bwarren@example.net,Spain,2023-10-21,Standard,38984.51
6964,Ryan Harris,dbyrd@example.net,Norway,2025-01-14,Basic,46610.39
3448,Bradley Parks,jimenezrandy@example.com,Brazil,2020-03-02,Premium,3447.72
6817,Mark Adams,tlucas@example.net,Japan,2022-10-03,Premium,160.44
2368,Michelle Prince,katie84@example.org,New Zealand,2021-02-15,Basic,14855.44
7982,Joan Rogers,kristinehardin@example.net,Singapore,2026-03-20,Standard,41259.77
8167,Carl Pennington,shellyguerrero@example.com,Japan,2021-04-05,Basic,32892.08
2513,Wendy Kelley,jimmyhopkins@example.com,Sweden,2022-09-20,Standard,32464.89
9620,Jeffrey Keller,drakemary@example.net,Germany,2023-12-01,Premium,8190.81
2724,Tasha Cochran,bwalsh@example.org,France,2021-09-19,Premium,3746.79
5949,Stephen Martinez,christopher94@example.org,South Korea,2022-01-13,Premium,9427.17
9186,Timothy Martin,calvinhudson@example.org,New Zealand,2022-02-26,Premium,13813.95
9005,Juan Wright,trevinojessica@example.com,Mexico,2022-03-03,Basic,34538.06
1144,Kevin Figueroa,charles76@example.com,United Kingdom,2020-03-29,Standard,10724.24
9737,Kathleen Flores,shawkins@example.com,Norway,2025-11-08,Premium,36926.64
7223,Christina Murray,gina98@example.net,United States,2023-07-08,Basic,30238.36
8293,Danielle Carter,mendozadaniel@example.org,France,2022-05-06,Premium,32615.7
9221,Phillip Maddox,grahammaxwell@example.com,Spain,2025-10-05,Standard,13836.39
4729,Becky Garcia,ydavis@example.org,Japan,2020-06-04,Premium,49999.12
5495,Mitchell Jimenez,mary99@example.net,United States,2024-01-14,Premium,40664.75
5756,Crystal Robinson,parkertim@example.com,Japan,2022-05-20,Standard,37788.11
7563,Raymond Powell,mitchellkatherine@example.net,Mexico,2026-03-23,Premium,20515.53
3790,Brian Perkins,hcontreras@example.com,United Kingdom,2022-02-14,Premium,1409.17
2221,Aaron Lee,wileycynthia@example.org,Argentina,2024-12-20,Premium,22326.71
5076,Amber Chapman,bobby56@example.com,Germany,2023-09-14,Premium,9699.33
2332,Jennifer Moore,epotter@example.org,Australia,2026-06-23,Basic,10635.25
5395,Brett Maxwell,bookerjohn@example.com,Mexico,2024-06-28,Standard,45564.36
7440,Jennifer Hudson,manuelgarcia@example.org,United Kingdom,2021-09-07,Premium,6653.0
8068,Nathan Miles,uferguson@example.org,New Zealand,2021-08-25,Premium,18467.03
7091,John Scott,wilcoxcrystal@example.net,Argentina,2022-11-02,Basic,38097.88
9337,Alexa Johnson,aaronmontgomery@example.com,Canada,2025-02-06,Basic,6474.6
4089,Courtney Williams,daniel51@example.org,Canada,2023-10-25,Premium,44668.49
1968,Michael Ellis,vduarte@example.net,Japan,2021-08-04,Basic,7877.3
9364,Ricardo King,alicia86@example.net,Brazil,2020-03-25,Premium,37742.95
9797,James Garrett,donna17@example.org,Norway,2022-03-31,Basic,15302.71
6758,Michael Woodward,justin34@example.com,Norway,2020-10-25,Premium,15232.75
9587,Elizabeth Golden,jessica94@example.net,Singapore,2024-09-15,Standard,38572.78
4366,Sarah Sosa,dennis30@example.com,Italy,2020-12-07,Standard,10853.37
7000,Shelly Horton,judy62@example.org,Switzerland,2026-02-23,Premium,34531.79
424,Susan Davis,williamjohnson@example.org,Brazil,2021-02-27,Premium,12916.51
281,Alfred Galvan,qwong@example.net,United Kingdom,2021-10-30,Premium,37297.89
1905,Brian Lee,hhernandez@example.net,United States,2026-07-19,Premium,44106.85
596,Todd Thomas,matthew75@example.com,Italy,2022-02-25,Standard,13827.88
8580,Michael Cook,joshuamosley@example.org,Brazil,2025-08-07,Premium,35385.3
3918,Charles Garcia,onealnicole@example.net,Brazil,2020-03-26,Basic,48227.79
6143,Ann Goodwin,schwartzelizabeth@example.org,Brazil,2026-03-10,Standard,25284.08
5662,Kelly Lewis,matthew34@example.com,Sweden,2024-09-16,Basic,40841.44
5779,Joshua Herrera,olivia38@example.org,Argentina,2025-03-25,Standard,3032.76
3619,Thomas Rodriguez,rodriguezchristopher@example.net,Brazil,2026-01-04,Premium,48299.18
6846,Cristian Smith,dennisgarcia@example.com,Switzerland,2025-11-11,Standard,10329.09
840,Dr. Rhonda Martinez,kelly95@example.com,Italy,2020-02-22,Standard,7378.59
4597,Jesse Poole,johnjohnson@example.net,Japan,2022-12-26,Basic,30425.52
7497,Pamela Davis,davidbrooks@example.com,Germany,2025-04-22,Standard,26554.46
142,Jordan Chambers,ijohnson@example.net,Norway,2024-05-07,Basic,16477.2
2598,Tiffany Morrow,jeffrey00@example.org,Norway,2023-08-19,Basic,2714.65
6702,Kimberly Lewis,thomas04@example.net,Spain,2026-06-10,Standard,7842.69
7757,Jacob Cabrera,jwang@example.net,United Kingdom,2022-02-11,Basic,38860.84
1378,Samuel Keller,bradley89@example.net,Brazil,2021-06-23,Standard,12980.8
3675,Erica Taylor,lauriejohnson@example.com,Canada,2021-07-24,Premium,40630.89
8771,Thomas Nelson,perezcarrie@example.com,Switzerland,2021-07-06,Basic,3563.43
9896,Peter Davidson,kimberlybell@example.org,Canada,2023-07-04,Premium,35274.18
6363,Pamela Burnett,irivera@example.com,New Zealand,2025-04-11,Premium,34896.54
4742,Laura Thomas,htorres@example.com,Argentina,2024-01-09,Standard,28266.27
3809,Taylor Flores,kcamacho@example.net,South Korea,2021-06-05,Basic,33161.34
1139,John Anderson,tonyamorris@example.net,Netherlands,2024-05-29,Standard,42489.59
2258,Jesse Mccormick,mjohnson@example.net,Italy,2026-05-30,Standard,29299.47
7866,Jessica Vasquez,kaitlynbell@example.com,Australia,2025-05-18,Premium,23799.89
1788,Danielle Wilson,dennisdarrell@example.org,New Zealand,2024-08-27,Premium,40446.29
3939,Jennifer Schneider,murraydarrell@example.com,Spain,2026-07-26,Premium,31096.55
9317,Troy Baker,oavery@example.com,Mexico,2022-02-05,Standard,17267.27
4647,James Davenport,tapiamichael@example.com,Argentina,2020-11-09,Premium,3954.34
460,Robert Reese,agarcia@example.com,Germany,2024-08-28,Basic,36427.39
6116,Joel Smith,pmcgrath@example.com,Spain,2020-05-16,Premium,22872.25
9543,Mrs. Lindsey Gilbert,saracarey@example.com,Germany,2024-04-04,Standard,6367.84
949,John Garcia,harriserika@example.org,Spain,2023-05-18,Standard,36093.27
3701,Mary Meyer,oconnellnathan@example.net,Sweden,2025-09-17,Basic,40738.02
1337,Henry Taylor,nina25@example.com,Canada,2024-09-02,Basic,11280.62
6371,Dr. Paul Olson,harmonmarissa@example.com,Netherlands,2020-09-28,Standard,47955.98
4629,Kimberly Mitchell,melvinlawson@example.com,Germany,2022-02-01,Standard,22606.82
6287,Rose Kaiser,craigshannon@example.com,Italy,2024-06-03,Standard,48217.26
5926,Charles Ellis,greenegregory@example.org,Netherlands,2025-09-04,Basic,15093.54
5935,Gregory Joyce,camachomichael@example.net,Brazil,2024-03-19,Basic,26080.09
6041,Laura Singleton,josephjimenez@example.org,United States,2025-10-02,Basic,25923.69
442,Matthew Schwartz,donaldchen@example.com,Japan,2025-02-09,Basic,25719.82
6660,Shannon Jackson,thomaskenneth@example.com,Singapore,2024-09-18,Premium,45182.5
1603,Leah Lee,mrogers@example.com,Germany,2023-10-04,Premium,28379.58
2239,James Pope,rachel59@example.com,Germany,2024-07-11,Standard,25322.66
640,Michael Roberts,qgomez@example.com,Italy,2024-09-03,Standard,48812.2
9821,Samantha Petersen,bwebb@example.net,Brazil,2025-11-14,Premium,17943.86
3831,Monica Oconnor,melissaperry@example.com,France,2023-03-30,Standard,6665.21
9396,Darlene Nelson,nhenderson@example.net,Mexico,2021-09-09,Premium,20169.36
6145,Joshua James,iharrington@example.com,Mexico,2024-08-17,Standard,22498.68
7986,Eduardo Hart DDS,hilljean@example.org,South Korea,2020-03-07,Basic,27046.34
9053,Michael Smith,zhall@example.net,Sweden,2025-03-02,Premium,43960.95
6345,Thomas Rodgers,bautistataylor@example.com,Singapore,2023-08-23,Premium,6571.38
2502,Joshua Murray,francisapril@example.com,Switzerland,2023-09-11,Standard,12816.31
1959,Travis Wilson,saunderssierra@example.org,Italy,2022-06-01,Basic,44525.88
1071,Michael Sloan,anthonyhodge@example.org,Sweden,2021-03-03,Premium,33269.42
156,Ariana Jennings,uharris@example.net,Mexico,2025-09-09,Premium,9955.08
2296,Robert Stewart,mallory78@example.com,Germany,2020-06-27,Standard,42055.81
9802,Dr. Thomas Clark PhD,richardbarnes@example.net,Sweden,2022-10-15,Premium,31451.72
4579,April Horton,jessica09@example.com,United States,2021-12-12,Standard,25495.74
1090,Nicholas Humphrey,joseph78@example.org,France,2024-04-08,Standard,36015.51
6050,David Silva,heather63@example.com,United States,2025-02-19,Basic,20127.69
6416,Krista Davis,molly35@example.org,Germany,2020-11-20,Premium,13646.13
2941,Gary Salazar,kayla55@example.net,Switzerland,2026-04-08,Standard,31980.22
724,Elizabeth Dean,teresa94@example.org,Italy,2023-11-11,Standard,30947.16
4385,Tyler Chapman MD,johnsonemily@example.org,Switzerland,2022-01-03,Standard,37709.35
931,Shawn Scott,castillolinda@example.com,Norway,2025-09-27,Premium,46428.52
2910,Maria Sanford,juan12@example.net,Norway,2021-12-25,Standard,5666.15
7846,Ryan Cannon,fwhite@example.org,India,2021-12-07,Standard,33626.7
6764,Russell Green,carlsonpatrick@example.net,Australia,2020-09-14,Premium,3667.52
8389,Angela Russell,brianhowe@example.org,New Zealand,2022-10-23,Basic,39503.16
6417,Deborah Gregory,zimmermanernest@example.com,United Kingdom,2020-06-11,Standard,18036.8
896,Courtney Nichols,erica60@example.com,Italy,2025-11-02,Premium,9148.66
3248,Emily Middleton,williamsmichael@example.com,Australia,2022-09-04,Basic,42358.08
2327,Juan Johnson,henry25@example.net,Australia,2022-11-10,Basic,21871.14
7097,Angela Beck,travisgarner@example.org,Japan,2021-10-24,Standard,14115.16
9506,Philip Vega,okelly@example.org,Spain,2023-02-08,Premium,11246.33
7582,Tamara Harris,pgates@example.org,Argentina,2026-02-10,Standard,47725.52
9743,Carl Douglas,htaylor@example.com,Japan,2023-04-28,Premium,9682.18
5039,Samantha Cohen,omunoz@example.com,United States,2021-12-31,Premium,41551.97
6451,Kenneth Johnson,anthony65@example.com,Brazil,2026-02-19,Standard,22948.99
4137,Michael Patrick,ureynolds@example.net,Canada,2021-06-01,Basic,24055.42
9249,Mrs. Megan Potts MD,sarah02@example.net,Switzerland,2025-07-28,Standard,24060.3
1716,Kimberly Norton,dixonjoshua@example.net,Germany,2020-06-06,Basic,24248.52
1699,Nicholas Fitzgerald,jonathan91@example.org,Spain,2022-08-30,Basic,21440.27
9691,Mr. Michael Williams Jr.,cody50@example.org,South Korea,2025-12-15,Standard,9865.52
9550,Damon Powers,avilakatelyn@example.com,Japan,2025-12-08,Standard,1325.61
9972,Gary Wallace,bbrown@example.net,Argentina,2025-12-31,Basic,1786.53
8225,Thomas Spencer,ryanthomas@example.org,France,2025-07-06,Premium,19808.7
3832,Kyle Blake,bnewman@example.net,Brazil,2024-05-03,Premium,23801.67
6300,Brian Vaughn,tyronewilliams@example.org,South Korea,2026-01-31,Standard,18698.59
3349,Erica Huang,yvettecampbell@example.net,Japan,2020-12-21,Standard,5904.95
9519,Brooke Roberts,esimpson@example.net,New Zealand,2023-12-21,Standard,41824.27
986,Kara Sandoval,mistywolf@example.com,India,2024-08-24,Standard,49529.73
1822,Cathy Bell,woodsdaniel@example.org,Switzerland,2022-10-16,Basic,30558.56
4572,Thomas Carr,kristi45@example.com,India,2021-11-28,Basic,21430.75
588,Amanda Terrell,jamestimothy@example.com,Norway,2021-07-13,Premium,31509.25
9758,Patrick Daniels MD,feliciaperkins@example.net,Germany,2022-02-11,Premium,20213.27
5078,Matthew Richards,vjohnson@example.net,Argentina,2022-09-03,Standard,410.1
7783,Jacqueline Gonzalez,jeffreybest@example.com,Canada,2023-11-01,Standard,24929.01
8324,Kristina Hernandez,hernandezthomas@example.com,Canada,2023-12-09,Standard,26816.29
9523,Nicholas Anderson,christopher84@example.org,United States,2022-01-07,Standard,16250.86
9968,Kayla Campbell,laura99@example.org,South Korea,2020-10-12,Standard,111.31
5484,Juan Gilbert,adamwalton@example.net,New Zealand,2026-04-03,Basic,30911.49
7747,Gabriella Jones,weberashley@example.net,Australia,2023-07-03,Standard,11912.3
9281,David Thompson,diana89@example.com,Brazil,2025-01-16,Basic,29701.72
5515,Ryan Skinner,josephperez@example.org,New Zealand,2024-07-27,Standard,33192.72
9528,Christopher Wheeler,nguyenspencer@example.org,South Korea,2020-10-23,Basic,18817.3
8872,Dr. Donna Bailey,ryan22@example.com,Singapore,2022-08-17,Premium,34195.09
5554,Daniel Ramirez,jasminegriffin@example.org,Singapore,2023-05-13,Basic,23984.28
3558,James Grimes,shawhenry@example.com,Switzerland,2024-12-11,Standard,12229.75
1396,Joshua Mcbride,bryantlindsey@example.net,Brazil,2022-06-10,Standard,13961.53
265,Rhonda Martin,denisewalters@example.net,Brazil,2023-03-08,Standard,41555.95
3548,Daniel Wood,sean73@example.com,India,2022-09-29,Premium,46377.14
6845,Jonathan Johnson,fpatrick@example.org,Singapore,2025-06-29,Basic,40833.92
7629,Victoria Burgess,glenn95@example.org,Norway,2024-06-22,Standard,6350.35
6789,Michael Davis,dlong@example.net,France,2024-06-06,Standard,44149.15
3070,John Hopkins,ewatkins@example.com,Australia,2020-09-12,Basic,47204.61
5026,Alan Davis DVM,dwayne59@example.com,France,2024-08-29,Premium,3109.65
8397,Michelle Knight,bhoffman@example.net,Italy,2023-03-28,Standard,10088.72
3865,Christina Flores,rebecca71@example.net,Argentina,2024-01-31,Premium,16795.86
9073,Brianna Aguilar,sandra27@example.org,South Korea,2022-04-26,Basic,30067.09
2401,Ryan Rivera,jessica33@example.org,Norway,2026-05-27,Basic,18173.97
6275,Oscar Kelly,traceyconner@example.net,Canada,2023-09-28,Premium,22543.44
8485,Kaitlin Smith,erandall@example.org,Sweden,2023-12-16,Standard,12153.93
3712,Randy Bradshaw,doughertyscott@example.org,United States,2022-10-07,Standard,28432.98
247,George Harper,pamela20@example.net,Brazil,2020-10-26,Standard,47285.07
1595,Karen Thomas,fowleranthony@example.org,Brazil,2021-10-16,Premium,36683.89
9683,Beverly Roman,lmccoy@example.net,Singapore,2021-07-24,Basic,19619.88
1530,Jason Oliver,kenneth99@example.net,Germany,2024-09-24,Standard,13200.19
8224,Amanda Smith,washingtonangela@example.org,United States,2025-01-13,Basic,19147.12
924,Nicholas Carlson,badkins@example.com,Mexico,2025-03-14,Premium,13296.65
7554,Bradley Jones,francoaustin@example.net,Japan,2026-05-10,Standard,1394.69
4365,Steven Jensen,melissa26@example.net,Germany,2020-02-06,Premium,27792.93
670,Benjamin Reyes,mrodriguez@example.org,Sweden,2024-03-06,Basic,27197.12
3605,Jeffery Long,jessica00@example.com,France,2021-09-06,Premium,3240.58
5109,Tracey Reilly,brandonguerrero@example.org,Singapore,2022-11-04,Standard,20834.37
1911,Mr. Scott Miller,thompsonjorge@example.net,United States,2025-02-01,Premium,28852.08
8345,Brianna Harris,simonzachary@example.org,Canada,2020-11-23,Basic,37453.42
5249,Crystal Abbott,jacobcook@example.org,Norway,2023-07-27,Premium,25897.91
7184,Ronnie Jenkins,michael22@example.net,United States,2026-06-12,Basic,33731.27
3959,Stephanie Hernandez,chase09@example.org,Canada,2026-04-14,Premium,47122.08
6958,Richard Perry,jessicamora@example.org,Australia,2020-06-01,Premium,8252.2
6027,Joshua Fowler,michellelynch@example.com,Switzerland,2026-02-24,Standard,33916.96
5644,Crystal Clayton,jessicafisher@example.com,New Zealand,2024-04-28,Premium,7612.43
2697,Christopher Long,julie56@example.com,Netherlands,2022-04-23,Standard,13173.37
2592,Katherine Baxter,gregory32@example.com,Argentina,2021-05-20,Basic,26059.4
5907,Lori Smith,caseyandrew@example.com,New Zealand,2020-01-15,Premium,3196.81
1782,Julian Williams,jilladams@example.com,Singapore,2020-03-15,Standard,45455.69
6510,Jennifer Martinez,michelle39@example.org,United States,2022-01-03,Standard,18410.81
3014,April King,angela08@example.net,Canada,2025-01-24,Standard,42914.37
7134,Rebecca Olsen,michael03@example.org,United States,2022-04-15,Basic,21790.24
2308,Mary Kennedy,angelalambert@example.net,Argentina,2024-05-18,Basic,16609.88
7277,Regina Davis,evanhenderson@example.net,Brazil,2024-09-12,Standard,17258.8
3691,Kimberly Taylor,yzhang@example.com,Mexico,2022-02-06,Basic,44018.17
688,Bonnie Valencia,sethedwards@example.org,Germany,2025-01-29,Standard,21388.1
6012,Kenneth Schmidt,scook@example.net,Italy,2022-11-23,Basic,45256.01
7072,Lori Howard,antonio83@example.org,Canada,2021-03-22,Premium,22786.11
613,Lisa Cervantes,derrick85@example.org,Australia,2022-02-02,Premium,10257.64
7168,Carol Yang,david68@example.org,Australia,2020-01-19,Standard,21924.75
9206,Xavier Webb,nsullivan@example.com,South Korea,2020-04-07,Premium,49367.37
3201,Martha Jacobs,kwalters@example.net,New Zealand,2024-09-01,Premium,41342.53
2268,Gina Spencer,hendersonkimberly@example.net,Japan,2024-09-05,Basic,15021.64
9782,Richard George,donnastrickland@example.org,United States,2024-10-22,Standard,15587.91
6630,Jennifer Johnson,christiangates@example.com,Norway,2023-10-12,Standard,35097.74
4136,Michael Richmond,josephbryant@example.net,France,2025-03-27,Basic,16168.11
1899,Lori Boyd,douglas05@example.net,Norway,2021-07-31,Basic,7110.75
9531,Monica Anderson,harrisonlisa@example.net,United States,2024-07-02,Premium,42655.45
8154,Jason Howard,brian82@example.com,Sweden,2024-07-24,Standard,40734.87
259,Travis Tucker,acostadylan@example.net,United Kingdom,2026-05-31,Basic,31924.22
2925,Mason Chase,brett55@example.com,Argentina,2024-12-26,Basic,36339.96
9425,Stephanie Harris,chamberstrevor@example.com,Japan,2025-10-06,Basic,35473.51
4944,Alexander Martin,jamieanderson@example.net,United States,2022-03-02,Premium,42978.55
2823,Paul Martin,lisacollins@example.net,Canada,2023-10-05,Basic,42851.14
6530,Daniel Wood,fharper@example.com,Australia,2026-03-06,Standard,11797.02
3340,Joshua Hopkins,vwarren@example.org,New Zealand,2020-08-13,Standard,16790.92
3526,David Morrison,breanna89@example.org,Argentina,2023-04-23,Basic,6316.11
4564,Jeffrey Hart DDS,shuerta@example.com,India,2026-01-23,Basic,1978.87
9657,Jennifer Hill,margaretgill@example.org,Brazil,2020-03-21,Premium,23485.31
7909,Miss Sharon Park,pamelalowe@example.org,Sweden,2024-10-15,Basic,15654.89
5330,Leslie Case,samanthaenglish@example.org,France,2025-09-06,Premium,40773.76
5224,Kevin Cruz,woodsdavid@example.org,Italy,2022-12-14,Premium,9954.59
2286,Frank Brooks,robertmcdowell@example.net,Netherlands,2020-09-05,Premium,32677.03
6064,Kimberly Cantrell,johnsonrichard@example.com,Argentina,2023-05-31,Standard,33031.32
4655,Maureen Cross,stewartbrandy@example.net,Brazil,2022-11-10,Standard,871.65
5001,Anna Ponce,xcampbell@example.com,France,2021-07-08,Premium,47412.73
6711,Jennifer Johnson DVM,tim69@example.org,Germany,2020-08-18,Premium,16083.15
9325,Kathy Jones,yolson@example.net,Italy,2020-05-13,Basic,41659.11
485,Travis Hobbs,ocole@example.org,New Zealand,2025-01-15,Standard,25850.13
2212,Crystal Mills,weaverhector@example.com,Norway,2025-03-26,Standard,7863.87
5417,Lisa Booker,brownashley@example.com,Japan,2025-02-07,Basic,32022.86
7564,Edward Lawson,hgolden@example.net,Switzerland,2020-06-06,Basic,26126.05
2556,Robert Young,rjones@example.com,New Zealand,2024-10-26,Standard,15591.7
8,Jennifer Espinoza,,Switzerland,2026-01-04,Standard,26291.9
3658,Henry Taylor,xthomas@example.com,Singapore,2024-02-09,Basic,35413.4
6412,Christopher Garcia,patelmatthew@example.net,Germany,2023-02-24,Standard,19471.79
9165,Hannah Wilson,matthewgarcia@example.com,France,2024-03-12,Premium,13124.63
4875,Kimberly Valenzuela,jacksonjasmine@example.net,Norway,2025-02-19,Premium,46083.61
4403,Amanda Phelps,schneiderchristina@example.net,Japan,2020-01-15,Premium,42923.69
8917,Emma Jennings,dustinliu@example.org,Norway,2024-12-31,Basic,34973.58
5547,Gary Chavez,anthonycowan@example.net,Norway,2025-05-26,Standard,41334.81
5298,Michael Graham,allen38@example.org,Australia,2025-03-07,Premium,12530.33
2427,Janice Cunningham,katiegriffin@example.net,Singapore,2025-11-29,Premium,34878.05
6745,Gavin Howell,brookswilliam@example.net,Canada,2022-02-28,Premium,5154.42
1815,Carlos Miller,beckbethany@example.com,Brazil,2026-07-26,Premium,30178.47
6823,Jacob Mcdonald,ewarren@example.net,Mexico,2020-01-06,Basic,38204.24
9626,Thomas Garcia MD,bryantalan@example.com,Canada,2022-12-01,Premium,15714.42
2275,Ana Thomas,raymondlauren@example.com,Mexico,2022-05-25,Standard,41708.02
1012,John Duncan,duncanwayne@example.com,Italy,2020-04-27,Basic,25417.59
1578,Amy Kennedy,kgray@example.net,United States,2020-11-07,Basic,27814.87
7265,Deanna Woodard,danabuchanan@example.net,Norway,2025-05-07,Premium,32376.19
1068,Matthew Wells,xrodriguez@example.com,Singapore,2020-11-16,Premium,11811.0
1992,Sharon Martinez,carolyn43@example.org,South Korea,2023-11-07,Premium,1439.32
3971,Chase Haney,kingsusan@example.com,Singapore,2020-06-30,Premium,13247.76
9074,Bryce Thompson,nicholas72@example.org,Italy,2026-05-08,Standard,44175.01
5880,Nicole Tate,ihale@example.net,Singapore,2021-01-02,Basic,9977.47
8431,George Harding,stevenhernandez@example.net,Germany,2024-08-08,Premium,24718.55
4543,Sara Stuart,jessica92@example.org,Argentina,2021-09-22,Premium,338.86
9327,Emily Oneal,michael38@example.org,Mexico,2021-03-16,Standard,14148.29
7194,David Sullivan,howardwallace@example.com,Singapore,2023-08-07,Standard,12024.6
3868,Brian Hoffman,aguilarchristopher@example.com,Mexico,2025-09-19,Basic,46812.71
9416,Justin Bautista,lisahenderson@example.org,Singapore,2020-05-08,Basic,46612.85
6824,Crystal Rodriguez,haleylinda@example.net,Norway,2023-09-15,Premium,33542.94
3049,Bryan Sullivan,shelly83@example.com,Spain,2025-12-01,Premium,30004.68
782,William Keith,dbishop@example.net,New Zealand,2022-10-15,Standard,37767.78
6748,Edward White,frankarroyo@example.com,Spain,2020-11-01,Basic,15970.05
2676,Kristen Jackson,lauraclayton@example.net,Mexico,2021-02-21,Premium,4844.21
1750,Eugene Martinez,lisacollins@example.com,Spain,2022-10-04,Basic,27764.54
6223,Stanley Le,rmiller@example.net,Canada,2023-11-10,Premium,32353.53
7947,Michael Houston,trichardson@example.org,Sweden,2025-11-13,Basic,49959.58
2792,Brandon Edwards,gentrykatherine@example.net,Netherlands,2023-11-09,Premium,35712.35
6520,Tracy Mcguire,stephensashley@example.org,Brazil,2022-02-08,Standard,47530.35
5775,Thomas May,nelsonbrian@example.org,United Kingdom,2024-06-04,Standard,38231.77
6358,Patrick Rocha,hollowayjoshua@example.net,Singapore,2025-03-31,Standard,4517.57
4980,Richard Roy,brownalejandro@example.org,Sweden,2026-05-07,Premium,20388.41
7589,Christopher Mcdowell,judithwood@example.net,United States,2024-06-21,Basic,42524.19
1092,Casey Obrien,atkinsonkimberly@example.com,United States,2026-07-02,Basic,20306.98
6527,Cory Jones,danny38@example.org,Argentina,2020-08-11,Premium,43145.34
9608,Carol Morgan,joseph17@example.org,United Kingdom,2020-09-26,Basic,15073.87
4628,Joshua Hernandez,collinskarla@example.net,Spain,2025-03-15,Standard,7731.94
2325,Brian Hudson,vanderson@example.com,Italy,2024-08-07,Basic,7832.23
6535,John Johnson,georgemaynard@example.net,South Korea,2023-08-29,Premium,8694.03
8972,Christine Carr,charles31@example.net,United Kingdom,2023-11-28,Premium,41419.03
5056,Andre Cortez,gbarnes@example.com,New Zealand,2020-04-21,Premium,37208.68
2609,Samantha Johnson,hamiltonmegan@example.org,Netherlands,2025-01-28,Standard,39134.96
9021,Joseph Benson,marc82@example.org,United Kingdom,2024-09-25,Premium,34251.19
2291,Stephen Duncan,paul24@example.com,Singapore,2025-03-08,Basic,28082.97
1728,Mr. Bryan Mckinney,kristinharris@example.com,South Korea,2022-09-29,Basic,28400.38
611,Margaret Harper,cynthia62@example.net,United States,2020-06-28,Basic,47300.51
4667,Dylan Johnston,wardcharles@example.com,Canada,2025-12-02,Standard,32838.3
8052,Noah Briggs,danieldillon@example.com,United States,2022-03-20,Basic,18145.15
5414,Leslie Diaz,gespinoza@example.com,Canada,2021-05-08,Premium,35223.88
344,Michael Cooper,despinoza@example.com,Japan,2025-03-23,Basic,4846.67
4684,Miranda Huber,rollinschristina@example.net,South Korea,2023-07-30,Standard,12347.36
8785,Lisa Michael,anthonyhoward@example.org,South Korea,2022-05-01,Basic,13195.2
3751,Steven Rodriguez,crystal55@example.org,Japan,2025-06-02,Premium,48556.18
8454,Tiffany Gray,jmorse@example.com,South Korea,2022-12-24,Standard,31233.07
9308,Philip Ibarra,ingramjoseph@example.com,Italy,2021-02-20,Standard,10558.78
6000,Tammy Daniel,larrymoody@example.com,Canada,2020-11-17,Basic,10548.47
3216,Wendy Williams,zchaney@example.net,Mexico,2020-10-05,Premium,32354.02
98,Veronica Simpson,smithsusan@example.net,Spain,2027-01-08,Premium,5214.34
7388,Jason Weaver,caitlin99@example.net,Singapore,2024-02-02,Premium,39952.27
7666,Nicholas Hernandez,wwalsh@example.org,Japan,2023-05-13,Basic,25550.26
5177,Louis Bowen,millerdenise@example.net,South Korea,2020-01-04,Basic,17778.19
7280,Mr. Raymond Lawson,raymond00@example.com,Norway,2021-04-11,Premium,22056.17
6166,Brandi Gould,angela07@example.org,Sweden,2024-09-08,Basic,3322.83
1538,Brian Cervantes,ichang@example.com,Italy,2022-05-25,Premium,41200.31
3589,Jeremiah Rowland,tonya44@example.net,Canada,2025-08-02,Basic,29323.24
9443,Kelli Payne,courtney05@example.org,United Kingdom,2024-07-11,Basic,24640.92
6986,Matthew Reynolds,oclark@example.org,Japan,2021-07-22,Premium,34619.23
3649,Erin Ellis,theresa95@example.net,France,2022-11-30,Standard,6119.28
2658,Tammy Jones,daniel06@example.org,Netherlands,2026-06-19,Basic,8940.85
9827,Lauren Foster,morenoscott@example.com,Switzerland,2025-09-18,Basic,21787.48
1518,Julie Anderson,phillip63@example.org,Italy,2024-02-08,Basic,21868.62
5062,Robert Thompson,uwhite@example.com,United States,2026-04-10,Standard,2780.24
9350,Tina Harrington,ncampbell@example.org,United Kingdom,2020-07-05,Basic,3644.01
4625,Michelle Mcneil,rhamilton@example.net,South Korea,2023-04-02,Standard,20276.0
4273,Emily Robinson,salvarez@example.org,Spain,2024-09-02,Standard,6561.54
3670,Scott Gomez,martinezshawn@example.com,Norway,2025-08-09,Standard,46564.85
6567,Jose Gross,connor65@example.com,South Korea,2025-12-19,Basic,15721.11
5801,Scott Hernandez,christine41@example.net,Germany,2020-04-25,Standard,37926.1
2091,Paul Fisher,michelle12@example.net,United Kingdom,2021-01-14,Premium,34299.25
7098,Juan Brewer,lfreeman@example.org,France,2023-11-08,Premium,1845.2
6172,Donna Obrien,ftodd@example.org,Switzerland,2020-01-21,Standard,11072.5
573,Michael Henry,barbaramcclain@example.com,Switzerland,2021-03-09,Standard,48939.2
9559,Nicole Clark,webbcrystal@example.org,Germany,2023-06-22,Premium,19162.6
4689,Cody Hoover,stevenwalter@example.net,Australia,2020-07-20,Standard,12825.99
9075,Deborah Hawkins,cortezheather@example.com,Germany,2025-03-21,Premium,10648.53
3063,William Howard,hensleyjacob@example.net,Mexico,2020-06-04,Premium,31544.15
9294,Jessica Perry,alexa34@example.org,South Korea,2025-07-16,Standard,46258.62
6471,Jon Gonzalez,jacqueline41@example.net,Australia,2024-12-26,Basic,6145.68
7161,Samantha Douglas,perezdaniel@example.com,Spain,2025-01-06,Standard,49432.73
6634,Mrs. Susan Newton MD,crystalcohen@example.net,Netherlands,2022-08-14,Basic,329.65
8492,Andrea Oneill,lopezpaige@example.com,India,2025-06-20,Standard,31298.96
7926,Brooke Ramirez,jessica04@example.org,Argentina,2023-04-15,Standard,8044.9
7346,Kevin Wilson,cruzamy@example.org,South Korea,2022-10-19,Standard,45930.36
6305,Lisa Potter,pamelajones@example.org,New Zealand,2023-12-06,Premium,20354.57
7901,Kristen Flores,farrelljose@example.org,Japan,2020-01-16,Standard,49702.88
9440,Kenneth Cox,christinepugh@example.net,New Zealand,2024-12-31,Premium,44477.21
8186,Sandra Rivera,kevin43@example.net,France,2021-08-12,Standard,27423.69
4480,Henry Huerta,brian15@example.org,Argentina,2022-07-21,Premium,16121.84
4949,Scott Mcmahon,jessica56@example.org,Switzerland,2022-07-06,Premium,29317.12
5977,Hannah Marquez,ijohnson@example.org,Japan,2022-03-23,Basic,11868.1
371,Mr. Alexander Landry MD,dawnmerritt@example.org,United States,2020-04-20,Standard,17397.32
1939,Kaitlin Gutierrez,jolson@example.org,Brazil,2023-01-07,Standard,25130.4
2353,Randall Nguyen,ffox@example.net,France,2021-11-19,Basic,31070.62
7128,Keith Casey,bellkarla@example.com,Netherlands,2026-08-07,Basic,40861.5
1754,Thomas Sullivan,benderkimberly@example.com,Spain,2026-04-05,Standard,5893.45
3671,Sara Hamilton,tina67@example.org,New Zealand,2023-11-11,Basic,30403.03
7299,Mrs. Ashley Mooney,regina36@example.org,United Kingdom,2024-08-19,Basic,15882.53
3653,Alexander Guzman,donaldsonxavier@example.com,Canada,2024-06-27,Basic,1860.96
5202,Amy Sanders,chapmanchristopher@example.org,Australia,2025-02-17,Premium,16045.47
7910,Mark Mcclain,lsanders@example.net,Italy,2021-03-13,Standard,9761.32
2362,Albert Garcia,bethwright@example.com,Spain,2021-12-15,Standard,18107.59
4261,Keith Gonzalez,shaun53@example.org,India,2020-12-18,Premium,29963.79
5433,John Adams,quinnann@example.net,Spain,2026-07-29,Standard,36632.46
6286,Jennifer Cline MD,michellenichols@example.com,Brazil,2020-01-26,Premium,5127.95
4992,Austin Conley,joshuabrown@example.net,France,2023-12-03,Standard,35783.63
7601,Jennifer Pearson,coxamy@example.com,New Zealand,2024-06-21,Basic,39898.51
9463,Nicole Butler,alvaradoedwin@example.org,United Kingdom,2023-02-05,Premium,38675.41
3738,Rodney Duran,richardpatterson@example.org,Japan,2021-03-05,Premium,10334.23
7521,Bradley Duncan,scottsmith@example.com,Mexico,2020-04-03,Basic,48328.52
8560,Jason Steele,christianatkins@example.org,Australia,2026-03-10,Standard,48172.37
8927,Tyler Murphy,kristina70@example.org,Netherlands,2022-05-30,Standard,47533.57
9991,Daniel Valenzuela,andersonnicole@example.net,India,2021-04-27,Basic,24862.36
5592,Scott Thompson,dawn20@example.org,France,2021-10-25,Standard,45079.66
1172,Aaron Moore,katie03@example.com,Sweden,2025-12-15,Standard,46400.47
7371,Aaron Johnson,grace27@example.org,France,2023-06-25,Premium,9150.73
7938,Penny Johnson,nathanhayes@example.com,United Kingdom,2020-02-12,Standard,11915.3
8087,Angela Craig,james24@example.com,Australia,2026-02-14,Premium,380.21
1423,Jennifer Moss,david39@example.net,Spain,2021-02-21,Basic,46473.61
6783,Anthony Lee,hday@example.org,United States,2022-07-11,Standard,22050.63
9444,Gabrielle Page,shepardcolton@example.net,Netherlands,2022-04-03,Basic,8949.9
8140,Brenda Marsh,ryandaniel@example.org,Brazil,2022-05-06,Basic,2177.56
9351,Tamara Stone,tyler23@example.org,Norway,2022-05-14,Standard,482.51
8019,Megan Hernandez,shafferalexander@example.com,United States,2022-02-26,Basic,26453.6
6340,Mariah Wang,taramccullough@example.org,Brazil,2025-11-20,Standard,11722.19
9648,Jeffrey Hernandez,todd09@example.com,Netherlands,2025-12-16,Premium,38189.99
875,Traci Vincent,donald07@example.net,Japan,2024-03-26,Standard,48542.0
2298,Heather Miller,scott46@example.com,Netherlands,2026-05-01,Basic,14179.57
2644,Jordan Schneider,vlogan@example.org,Argentina,2023-07-11,Premium,22679.78
7532,Anna Whitehead,nperez@example.com,Argentina,2021-02-18,Premium,15333.67
1720,Manuel Diaz,tracymayer@example.net,India,2025-12-03,Basic,20874.26
5348,Catherine Barker,carpentersteven@example.com,Germany,2021-05-05,Basic,48754.71
5933,Cynthia Larson,kelly72@example.net,New Zealand,2021-08-01,Standard,24099.71
841,William Graham,garrett18@example.net,United Kingdom,2021-03-05,Premium,35791.91
9938,David Alexander,denise84@example.org,Netherlands,2023-10-25,Standard,49403.53
582,Rachel Jones,dferrell@example.com,France,2024-05-12,Premium,16133.81
205,Anthony Moore,mckenzie21@example.org,Norway,2023-10-23,Premium,31621.97
1642,Katherine Brown,hendersonfernando@example.net,United States,2024-04-17,Basic,11635.32
2015,Kayla Burns,qbarnes@example.net,Italy,2023-07-02,Basic,21347.3
3254,Robert Gross,robert65@example.com,United States,2024-10-10,Premium,12253.52
7541,Parker Brown,swagner@example.net,Netherlands,2021-11-24,Standard,27342.28
906,Terry Jones,kiara57@example.org,New Zealand,2020-01-14,Standard,36749.6
632,Ronald Potter,joanwright@example.org,Norway,2025-05-09,Standard,24320.81
8421,Wanda Hughes,frankmiller@example.com,New Zealand,2022-03-30,Premium,5915.33
7824,Jeffery Richards,johnhoward@example.net,United States,2024-08-20,Standard,22284.52
1975,Amber King,austinpollard@example.org,United Kingdom,2020-01-04,Premium,4790.78
163,Daniel Kane,mfowler@example.com,Argentina,2023-11-06,Basic,22051.19
4999,Christina Smith,aliciamiller@example.com,Netherlands,2021-02-15,Premium,31477.04
1244,Alyssa Alvarado,ashleyholt@example.com,Japan,2025-07-20,Premium,14188.92
9451,Amanda Novak,qgreen@example.com,United States,2022-07-07,Basic,42108.19
7765,Maria Wright,tiffany72@example.com,Argentina,2025-03-12,Standard,41232.94
4714,Christina Myers,christine14@example.net,Singapore,2021-05-01,Basic,46214.95
876,Megan Adams,nhines@example.net,Spain,2022-02-23,Premium,35494.27
1432,Kevin Marquez,jacoballen@example.net,Singapore,2020-01-09,Basic,15087.57
8739,Alexander Ferguson,stephaniecervantes@example.net,Mexico,2026-05-21,Premium,15230.83
6869,Colton Roth,lindapope@example.net,Japan,2022-06-23,Standard,29981.43
4644,Marcus Fields,ariaszachary@example.org,Netherlands,2022-02-15,Basic,7288.8
5081,Debra Smith,peter69@example.org,Australia,2026-03-09,Standard,2289.15
5784,Peter Campbell,shane36@example.net,United States,2020-12-18,Basic,770.58
9139,Samantha Holmes,michael84@example.org,Netherlands,2025-05-19,Premium,5716.04
7617,Joseph Day,mgibson@example.net,Japan,2026-01-25,Premium,7649.73
8040,Amy Chapman,dholmes@example.net,Singapore,2025-04-05,Basic,37910.16
7956,Jeffrey Stokes,boylehaley@example.com,Japan,2024-01-16,Standard,2029.67
9438,Micheal Miller,wwalker@example.org,Argentina,2025-05-22,Standard,5879.11
2857,Natalie Smith,hatfieldkenneth@example.net,Sweden,2024-12-10,Premium,47624.08
1862,James Stevens,cynthia44@example.com,Switzerland,2026-08-02,Basic,34304.2
2660,Christina Le MD,donnamiller@example.com,France,2026-07-14,Basic,43287.13
3385,Paul Massey,laurenbaker@example.org,United States,2020-01-23,Premium,37456.37
9565,Rachel Jensen,ashley77@example.com,Japan,2021-05-20,Basic,23128.44
9777,Sarah Wilson DVM,evan95@example.org,Japan,2021-05-02,Standard,11493.18
8091,Taylor Parsons,sandrawilliams@example.net,Canada,2022-06-11,Basic,23684.95
8348,Eric Garcia,wzavala@example.net,Japan,2022-06-08,Standard,21090.04
7463,Sharon Jones,nealkatelyn@example.com,United Kingdom,2021-09-24,Premium,14436.11
6887,Beth Price,dustincarter@example.org,Australia,2021-03-10,Basic,13609.76
4734,David Aguirre,ochoasophia@example.org,Spain,2021-01-09,Basic,12748.89
3332,Chris Jones,debrajohnson@example.net,Germany,2025-06-20,Premium,31762.06
9007,Nicholas Floyd,brian76@example.org,Japan,2025-03-02,Premium,2986.16
8636,Terri Roberts,joshuali@example.org,Germany,2022-11-07,Basic,24744.85
6405,Tony Thomas,codyhoward@example.net,Netherlands,2022-03-17,Premium,38893.75
8347,Jill Bean,joshuaburnett@example.org,Switzerland,2023-02-03,Premium,30790.58
9465,Courtney Johnson,robertsellen@example.net,Argentina,2022-07-09,Premium,29891.91
7061,Diana Williams,robertlopez@example.org,South Korea,2024-03-20,Basic,6527.16
2097,Mrs. Amy Malone,ian41@example.net,Italy,2020-04-21,Standard,43179.47
2004,Tiffany Nguyen,chaselaura@example.com,Singapore,2021-10-06,Premium,1106.28
8805,Scott Wade,simmonsjennifer@example.net,Australia,2022-04-06,Basic,18867.67
9733,David Fitzgerald,petercastillo@example.com,Japan,2025-12-27,Standard,43705.12
4677,Jennifer Walker,etorres@example.org,Australia,2020-03-06,Standard,4344.31
5018,George Smith,kylecaldwell@example.com,Argentina,2022-08-03,Standard,16052.29
7470,Shawn Brooks,richardvillanueva@example.net,New Zealand,2021-09-22,Premium,31903.8
547,Randy Friedman,bvelasquez@example.net,Mexico,2026-02-12,Basic,21462.09
1450,Amber Hernandez,olopez@example.net,India,2022-07-23,Standard,5138.06
3987,Gordon Hahn,kortega@example.org,Switzerland,2024-10-30,Basic,34103.93
6901,Elizabeth Mccoy,smithsheena@example.net,Argentina,2025-02-25,Premium,421.07
2611,Luis Murphy,blevinsjennifer@example.com,New Zealand,2020-01-26,Standard,42423.24
1901,Elizabeth Graham,stephaniemckee@example.org,New Zealand,2026-05-04,Premium,33395.36
3921,Mark Elliott,peter16@example.org,Singapore,2024-01-23,Basic,34915.92
2758,Kathryn Fletcher,tammymcguire@example.com,Sweden,2024-01-08,Standard,30217.06
6125,Patrick Bird,dana29@example.net,New Zealand,2024-06-16,Standard,16902.83
6398,Norman Porter,wilsonjoseph@example.net,Sweden,2024-03-04,Basic,38010.71
1886,Donna Williams,nataliehernandez@example.org,New Zealand,2022-09-12,Basic,39469.86
9824,Mrs. Kerri Weeks,phawkins@example.net,New Zealand,2022-10-03,Basic,15276.12
5739,Kathy Steele,osmith@example.org,Netherlands,2026-02-02,Standard,36372.49
8668,Brent Lewis,ericksontina@example.org,United Kingdom,2024-09-05,Basic,27625.43
5891,Jenny Soto,mcdanielmegan@example.org,India,2022-04-21,Premium,42451.19
2098,Margaret Orr,todd18@example.org,Sweden,2022-07-04,Standard,44900.02
9290,Eric Richmond,manderson@example.org,Netherlands,2025-10-02,Premium,47672.64
5693,Christopher Gutierrez,rhowe@example.com,New Zealand,2021-07-07,Standard,32501.4
500,Timothy Hayden,sheila75@example.org,Italy,2024-11-25,Standard,40673.58
5625,Wayne Robinson,tracy12@example.com,United States,2023-07-12,Basic,13853.68
837,Kathryn Lester,singhnicole@example.com,South Korea,2023-03-30,Standard,42804.01
3472,Judy Jones,camposronald@example.com,Singapore,2025-07-15,Basic,38723.25
4698,Benjamin Martinez,jimmycole@example.net,Sweden,2023-09-05,Basic,30133.23
6281,Aaron Barnett,blakemay@example.org,Japan,2021-01-10,Basic,48355.29
8884,Alexandria Barnes,jonathon00@example.org,Canada,2020-10-10,Premium,40608.0
2172,Mr. David Mercado,dmckay@example.com,Netherlands,2022-03-25,Premium,4126.17
9232,Michael Hurst,brucebradford@example.org,India,2026-02-05,Premium,30406.78
5679,Justin Foster,cbauer@example.net,Australia,2026-08-05,Premium,30213.23
9185,Gabriel Whitaker,patricia87@example.com,United Kingdom,2020-04-22,Premium,45686.58
399,Reginald Knapp,martinmichael@example.org,Japan,2025-07-12,Standard,11852.88
2011,Richard Mitchell,nicolepope@example.org,Brazil,2020-04-20,Premium,26277.29
5167,Juan Davis,samuel60@example.org,New Zealand,2020-02-27,Standard,24796.6
5872,Jerry Ferguson,nfox@example.net,Japan,2020-01-14,Basic,273.9
9793,Walter White,courtney36@example.org,United States,2022-06-04,Standard,25082.32
1284,Christopher Hill,zstanley@example.org,South Korea,2020-02-04,Standard,45568.51
8391,Eric Hull,georgeburke@example.com,Mexico,2021-11-23,Premium,19629.22
2449,Christina White,vsampson@example.org,Norway,2021-08-21,Basic,37046.7
4257,Dawn Levy,stevenjackson@example.com,Canada,2023-12-26,Premium,14461.44
1837,Kyle Collins,theodore65@example.com,Singapore,2022-10-15,Premium,3112.63
9597,Jessica Lopez,jflores@example.com,United States,2022-08-22,Basic,22366.11
1020,Ashley Parrish,robinsonjulie@example.com,Brazil,2020-05-02,Basic,27520.16
5067,Cristian Lambert,qchambers@example.net,South Korea,2020-05-01,Premium,10120.3
1327,Jacob Duran,ewingnicole@example.net,Australia,2021-01-22,Basic,21969.84
8753,Amanda Rose MD,mathewskatie@example.com,Italy,2021-01-02,Basic,20386.72
476,Alexis Harris,tayloraaron@example.com,Sweden,2020-05-11,Premium,14346.27
2811,Evan Davies,williamsrichard@example.org,Mexico,2022-02-02,Standard,2858.73
8633,Joseph Smith,afuentes@example.net,Japan,2022-03-06,Standard,3662.26
1652,Anthony Parker,wgordon@example.com,Netherlands,2026-06-25,Standard,21224.63
9612,Victor Davis,bentleycory@example.net,India,2022-11-06,Premium,23895.82
1170,Kyle Black,joshua89@example.org,Brazil,2022-07-27,Premium,17487.73
2529,John Watts,jennifer04@example.net,Italy,2021-06-20,Basic,27088.48
1207,Kevin Nguyen,sgardner@example.com,Mexico,2024-08-09,Basic,33526.88
6257,John Ortiz,sarah29@example.com,Japan,2023-06-18,Premium,40280.41
7927,Nicole Smith,patricia85@example.org,Argentina,2025-05-26,Standard,3374.09
5470,Krystal Hamilton,stephen40@example.com,New Zealand,2024-12-11,Standard,17232.93
9384,Kaitlyn Adams,elewis@example.org,Norway,2021-10-22,Basic,36978.86
432,Todd Rosales MD,dcampbell@example.org,United Kingdom,2023-09-24,Premium,15716.16
7701,Joseph Kelly,vincent80@example.com,Argentina,2021-06-19,Standard,46452.51
868,Michele Hill,rodriguezfred@example.org,Canada,2022-05-11,Standard,12234.78
2975,Sherry Adams,curtischarles@example.com,Germany,2022-02-15,Standard,11871.35
5237,Lisa Ochoa,leemichael@example.net,Brazil,2026-03-04,Basic,1339.69
5094,Tracy Santiago,vmorgan@example.org,Brazil,2020-09-01,Premium,33925.67
5434,Michelle Huber,deborahcox@example.net,Australia,2021-04-30,Premium,9394.84
542,David Davenport,sabrina83@example.com,Sweden,2026-07-08,Premium,9704.38
5196,Laura Patton,sandrasimmons@example.com,New Zealand,2025-07-04,Basic,41313.87
1133,Grace Chavez,katherine72@example.com,France,2025-07-04,Premium,26891.16
9838,Robert Cross,carol12@example.org,Australia,2023-01-06,Standard,7014.51
4502,Juan Evans,bcampbell@example.net,Singapore,2025-10-09,Standard,25396.96
6355,Wyatt Henry,kgutierrez@example.com,Sweden,2024-08-13,Basic,7469.54
9334,Shannon Taylor,xgibbs@example.com,Brazil,2025-01-29,Standard,12374.59
3391,Claudia Brooks,arianablair@example.net,Canada,2025-02-13,Premium,13528.56
3889,Shawn Doyle,jillmorris@example.org,Germany,2020-09-10,Basic,7790.17
2963,Allen Stanley,blakeevans@example.com,Germany,2023-07-30,Basic,30504.19
4156,Kimberly Stone DDS,shebert@example.org,Japan,2026-04-27,Standard,2735.72
3260,Kari Sandoval,ephelps@example.org,Argentina,2022-10-17,Basic,3554.44
6303,Mark Hughes,carla12@example.net,Netherlands,2022-04-14,Basic,38545.45
6035,Jonathan Walton,gallagherthomas@example.net,United Kingdom,2026-05-07,Basic,17094.04
7919,Sherry Franco,anthonygina@example.org,Netherlands,2022-12-26,Premium,25156.31
9937,Jennifer Baker,nathanlee@example.net,Italy,2021-02-10,Premium,32341.9
2584,Lee Mann,gregory81@example.net,Norway,2022-09-17,Standard,20420.73
2814,Erica Johnson,bgray@example.net,United Kingdom,2025-10-03,Standard,23455.26
3960,Joseph Montgomery,wpadilla@example.org,South Korea,2022-05-26,Basic,33050.11
2948,Courtney Baker,kristenmoreno@example.org,Sweden,2026-01-31,Premium,263.06
6644,Stephanie Valdez,duncanmichael@example.com,Japan,2025-12-29,Basic,1020.37
5175,Ann Peterson,danny83@example.org,Argentina,2025-04-23,Standard,26811.63
6842,Edward Shields,olopez@example.org,Singapore,2023-04-30,Standard,32832.06
8299,Mary Williams,sheila47@example.org,Argentina,2026-04-05,Premium,43831.45
3587,Elizabeth Camacho,ngolden@example.net,Brazil,2026-05-31,Premium,25378.6
9229,Matthew Hall,aliciabeltran@example.net,Norway,2023-02-12,Basic,48267.73
7989,Jose Smith,susan11@example.com,India,2025-07-31,Standard,25683.24
2564,Melissa Lee MD,christensenjohn@example.net,United Kingdom,2022-05-30,Standard,31427.41
2631,William Mclaughlin,taylorgary@example.org,United Kingdom,2022-06-20,Premium,1869.61
3191,Timothy Walker,shelley36@example.org,Mexico,2021-05-22,Basic,49829.8
7779,Richard Wilson,vdaugherty@example.net,Australia,2025-12-15,Premium,19871.04
7646,Kevin Stokes,gdominguez@example.net,Italy,2022-10-18,Premium,26688.86
5037,Douglas Santos,tmartinez@example.net,Spain,2023-03-27,Standard,10629.37
1081,Julia Dunn MD,cburns@example.com,Australia,2021-03-26,Standard,34227.83
4284,Joshua Nelson,lisawilliams@example.com,Sweden,2024-08-31,Basic,38981.17
9712,Rebecca Gonzalez,bradyshannon@example.net,Canada,2020-09-01,Premium,25144.71
7086,Cristina Thompson MD,marcus55@example.com,New Zealand,2025-08-03,Basic,23211.04
2086,Chad Allison,joshuawilkinson@example.net,Singapore,2021-03-02,Standard,36223.85
6346,Rhonda Cervantes,iflowers@example.net,France,2023-12-06,Standard,42686.44
2453,Mark Weber,mhernandez@example.org,Australia,2025-05-20,Basic,15074.79
4967,Matthew Mclaughlin PhD,jill23@example.org,India,2025-01-24,Standard,11100.99
2024,Kelly Phillips,danielgraham@example.net,Norway,2026-03-23,Standard,27246.57
8072,Lisa Henderson,kevin38@example.com,Singapore,2025-09-27,Premium,12796.34
8988,Tanner Ortiz,darlene09@example.net,South Korea,2024-04-05,Premium,24072.64
8719,Isaac Smith,loripeterson@example.org,Norway,2020-05-29,Basic,10600.16
7322,Linda Johnson,ronaldbrown@example.com,France,2023-05-07,Basic,21133.09
227,Robin Young,myersmatthew@example.org,Canada,2020-07-30,Basic,2065.3
1014,Donna Boone,elizabeth36@example.org,Norway,2022-12-17,Basic,21162.38
6680,Michael Coleman,wattsthomas@example.org,France,2023-04-14,Standard,5049.84
1930,Juan Parker,lambertbailey@example.com,New Zealand,2021-10-22,Premium,32037.82
1044,Samantha Zavala MD,jmason@example.org,Netherlands,2026-01-25,Premium,7002.94
5252,Michelle Sanders,medinadonald@example.org,Australia,2021-06-08,Standard,16993.3
1405,Denise Maxwell,groberts@example.com,Australia,2021-10-08,Standard,24758.54
2180,Donna Stanton,connermelissa@example.net,United States,2022-02-28,Basic,18326.72
698,Sandra Becker,davidharvey@example.org,Canada,2021-07-20,Basic,14434.7
1125,Kenneth Brown,zcalderon@example.com,India,2020-10-24,Premium,5084.94
7379,Connie Thomas,pgallagher@example.net,South Korea,2026-04-05,Basic,11067.96
3896,Clifford Murphy DVM,hannahthomas@example.com,United States,2022-05-15,Standard,3196.57
8218,Douglas Martinez,bcampbell@example.com,Spain,2024-06-16,Basic,45086.6
5111,Tanya Shannon,srios@example.org,Germany,2025-03-03,Standard,32857.9
1779,Jason Rocha,daniellewagner@example.com,India,2023-03-22,Premium,31682.12
7787,Stacy Garner,davidzavala@example.org,United Kingdom,2023-11-20,Standard,25008.88
2635,Wendy Wright,hcosta@example.net,Sweden,2022-12-10,Basic,2010.87
7188,Jose Jordan,dlong@example.com,Spain,2026-04-16,Premium,15403.33
7545,Kimberly Elliott,angela96@example.org,Germany,2021-02-11,Basic,28959.36
7605,Sandra Gonzalez,eric35@example.net,Japan,2021-06-03,Standard,48658.85
3490,Leah Walters,bryan33@example.com,Canada,2023-12-31,Standard,26303.88
8260,Eric Salazar,ashleykimberly@example.org,France,2025-02-23,Basic,31900.4
1038,Heather Bowers,vanessa03@example.com,Singapore,2026-01-11,Premium,9179.72
6094,Louis Gibson,kathryn98@example.org,Australia,2020-02-12,Standard,34347.65
2257,Lisa Barnes,jamesandrade@example.org,Japan,2020-04-02,Standard,46024.19
8189,Shelia Moore,cody81@example.net,Australia,2020-01-27,Standard,36736.24
2614,Bradley Robertson Jr.,johnsmichael@example.org,Netherlands,2023-10-24,Premium,11595.36
314,Samantha Gardner,vharmon@example.com,Brazil,2024-12-03,Standard,28368.26
2650,Heidi Torres,courtneyhurst@example.com,New Zealand,2026-07-04,Premium,21260.79
2282,Stacey Clark,treid@example.org,Canada,2023-07-16,Basic,37962.5
6742,Jon Day Jr.,devin05@example.org,Netherlands,2020-06-27,Premium,15116.61
2980,Ethan Jones,jason08@example.com,Japan,2022-06-18,Premium,36798.03
2548,Justin York,traceymelton@example.com,Spain,2022-09-24,Premium,27424.07
5513,Bryan Tucker,fischerdustin@example.net,South Korea,2023-01-03,Standard,37975.49
5133,Lauren Trevino,powersjay@example.net,Brazil,2022-10-10,Premium,36992.61
2160,Allison Kim,ssmith@example.com,Singapore,2021-03-24,Premium,26358.1
7081,Maureen Bates,adriana96@example.org,Singapore,2021-03-20,Basic,8457.89
3138,Chad Daugherty,pachecoanna@example.net,United Kingdom,2022-01-07,Basic,32382.03
9080,Timothy Wilson,sandra41@example.org,New Zealand,2021-07-05,Standard,34522.78
5851,Michelle Graham,brianalvarez@example.net,Sweden,2023-09-04,Premium,38970.09
9866,Christina Ferguson,hmartinez@example.com,Spain,2025-09-25,Standard,5972.65
6446,Adam Espinoza,abriggs@example.org,Japan,2026-07-03,Standard,3668.8
3968,Theresa Knight,rebecca72@example.net,Spain,2023-03-05,Basic,38495.12
1429,Nathan Wilson,joseph35@example.net,Australia,2023-10-16,Standard,41750.63
8423,Kristopher Allison,mshepherd@example.org,United Kingdom,2026-04-02,Standard,24710.19
2521,Charles Robinson,dallen@example.com,France,2022-01-18,Basic,2370.31
7838,Kyle Mooney,sarah16@example.net,Sweden,2021-03-09,Premium,2932.2
4970,Robert Hampton,cguzman@example.net,United Kingdom,2020-10-06,Premium,25272.2
1856,Marco Davis,velazquezdarlene@example.com,Switzerland,2026-05-14,Standard,2372.23
8885,Brandy Allen MD,jon31@example.net,New Zealand,2025-02-23,Basic,36193.77
5603,Hailey Ball,michelecooper@example.net,Mexico,2021-08-02,Basic,16998.0
9345,Katherine Thomas,michellecole@example.net,Sweden,2023-07-27,Basic,38767.87
9869,Patrick Williams,qnelson@example.com,Italy,2020-10-26,Premium,37398.19
449,Kaitlin Medina,stacie27@example.net,Argentina,2021-12-10,Premium,19677.1
7704,Derrick Ford,jeffreyyates@example.org,United Kingdom,2025-01-08,Premium,8724.86
1285,Richard Smith,kbenton@example.net,Switzerland,2020-11-17,Premium,21264.79
5996,Karen Alvarez,gbowman@example.com,Netherlands,2025-11-27,Standard,25593.79
7900,David Summers,jamesmorris@example.org,United Kingdom,2025-08-06,Premium,48935.6
3728,Brett Martin,jasonberg@example.net,New Zealand,2020-06-17,Basic,32706.31
7354,Nancy Flowers,christinegreene@example.net,Argentina,2020-09-25,Basic,20424.25
362,Mr. Lawrence Edwards,brandywest@example.net,Netherlands,2021-08-05,Basic,36641.31
6280,Joshua Schmidt,zmiranda@example.org,Argentina,2026-01-17,Standard,14054.29
5231,Jessica Torres,lindsey68@example.com,Spain,2020-03-25,Standard,24014.07
8943,Denise Reynolds,susangonzalez@example.net,Norway,2022-06-17,Premium,19402.15
7296,Desiree Fox,matthew95@example.net,Japan,2022-08-14,Premium,3102.46
8892,Connie Henderson,jessicaalvarez@example.com,Brazil,2024-01-13,Standard,30323.68
7535,Joshua Jacobs,katherine91@example.net,Mexico,2022-04-13,Premium,9817.54
6252,William Christian,jonathanjohnson@example.org,Spain,2022-05-13,Basic,1725.29
5927,Dylan Guzman,staceybender@example.com,Brazil,2022-11-16,Basic,17715.91
5150,Nicole Hardy,justin77@example.com,Germany,2023-02-07,Standard,40025.28
2461,Kara Rogers,kramos@example.net,Australia,2024-07-12,Standard,37960.65
23,Daniel Salinas,,Switzerland,2021-10-03,Basic,49130.62
2067,Paul Estrada,rebecca91@example.org,Germany,2026-01-19,Standard,35963.12
1654,Sabrina Rodriguez,hernandezshelly@example.org,Sweden,2025-12-18,Standard,2664.21
703,Michael Miles,james08@example.com,Japan,2025-05-03,Basic,47416.32
8491,Jonathan Taylor,qross@example.org,United Kingdom,2020-04-05,Basic,43559.16
2744,Amy Taylor,cynthiapacheco@example.net,Japan,2023-10-28,Standard,15407.1
1377,Alejandra Price,jacksonjennifer@example.org,Brazil,2020-08-23,Basic,15071.83
1725,Patrick Perez,carpentermegan@example.com,Italy,2020-08-27,Basic,31622.07
2469,Mary Alvarez,sheilayoung@example.org,Australia,2023-12-25,Basic,48922.7
3755,Linda Cox,danielwhite@example.net,Germany,2024-02-06,Standard,38846.97
2326,Steven Davis,michelle20@example.net,Italy,2022-09-18,Premium,188.4
461,Amber Cooper,mirandajoshua@example.org,Norway,2024-02-20,Basic,38787.76
5164,David Medina,courtneyshaw@example.com,Norway,2020-04-23,Standard,44771.16
4184,William Johnson,glennchloe@example.org,Netherlands,2020-11-27,Standard,47380.35
5527,Charles Robinson,hfisher@example.net,Argentina,2020-02-12,Basic,17168.53
4083,Paul Vasquez,austin54@example.org,Sweden,2021-07-18,Standard,8334.75
1487,Sarah Duncan,bryantbrenda@example.org,Argentina,2020-08-04,Basic,32565.05
3679,Jacqueline Perry,rayrivera@example.com,India,2026-05-12,Premium,30871.2
283,Dustin Gallegos,eblack@example.net,Canada,2023-02-19,Premium,28051.83
6580,Savannah Johns,iking@example.net,South Korea,2023-07-18,Basic,43814.33
4559,Laurie Fuller,smithgeorge@example.com,Netherlands,2024-03-01,Premium,47964.32
4309,Teresa Jacobson,hjimenez@example.net,Canada,2022-03-22,Basic,35988.7
6685,Bridget Bell,christophercosta@example.com,Switzerland,2021-02-22,Basic,34821.63
4866,Evelyn Bryant,megan39@example.com,Sweden,2022-08-25,Standard,14173.03
3538,Marie Patterson,josephcompton@example.com,Italy,2023-08-21,Standard,39885.0
3869,Elizabeth Gay,xrivera@example.org,United Kingdom,2022-12-19,Premium,43804.37
7004,Joshua Moran,johnstonrobin@example.org,United Kingdom,2026-06-27,Premium,22836.58
2582,Nicolas Brown,wisetonya@example.net,India,2021-02-15,Basic,32228.47
1369,Alexis Benson,caldwellclaudia@example.com,Norway,2025-10-23,Basic,18467.55
9470,Sharon Peck,wrightdebra@example.org,Argentina,2021-11-06,Basic,46935.41
8198,Gabriel Andrews,emason@example.net,Canada,2025-04-12,Basic,23466.52
598,Mr. Jeffrey Horton,egarcia@example.com,Canada,2023-05-15,Standard,22757.48
4352,Richard Chandler,andrew79@example.org,Spain,2023-02-07,Standard,20858.48
6347,Darryl Hernandez,emiller@example.com,Spain,2024-09-28,Premium,42016.3
8977,Michael Rivera,paul10@example.net,United Kingdom,2024-10-27,Premium,13005.94
6380,Angel Butler,lisa30@example.net,Australia,2024-08-30,Premium,14451.5
4759,Vicki Barrera,graysierra@example.org,Italy,2021-05-21,Standard,37994.01
647,Debra Perry,harold02@example.org,Brazil,2022-08-19,Basic,226.46
6382,Daniel Mendoza,elaine53@example.com,New Zealand,2025-12-19,Standard,37595.01
7528,Jeremiah Hernandez,gonzalesdonald@example.org,Japan,2022-09-10,Standard,34436.63
9698,Jodi Rodriguez,jessica38@example.org,United Kingdom,2024-09-18,Basic,34126.62
6024,Jeremy Silva,kyle99@example.org,Italy,2020-03-31,Standard,734.36
7955,Steven King,johnathantyler@example.net,Argentina,2020-07-01,Standard,44688.68
7166,Matthew Dunlap,ryan09@example.net,Germany,2023-09-02,Premium,49643.57
3469,Jessica Hill,dawnmedina@example.com,Italy,2022-06-27,Basic,41273.8
7798,David Brooks,koneal@example.com,Brazil,2021-10-02,Standard,14423.37
7698,Lisa Robinson,mvazquez@example.net,Spain,2020-06-19,Basic,45870.17
2991,John Diaz,barberdiana@example.com,New Zealand,2022-05-16,Standard,18843.36
9408,Michelle Jones,bhernandez@example.com,France,2020-08-01,Standard,46869.19
4876,Ashley Sullivan,iwilliams@example.net,Canada,2024-01-07,Standard,20333.15
2545,Catherine George,bsmith@example.net,Spain,2021-10-30,Basic,7937.78
8596,Benjamin Wheeler,qmorris@example.com,United Kingdom,2022-12-18,Premium,2897.8
5342,Jennifer Sampson,waltonnancy@example.org,Japan,2020-05-13,Basic,47142.65
1568,Nicholas Terrell,kgillespie@example.net,United States,2020-04-19,Standard,48539.53
9995,Mrs. Meghan Sanders,evilla@example.com,United Kingdom,2021-01-16,Premium,32993.31
4067,Matthew Farmer,christian09@example.net,Brazil,2020-11-18,Standard,39985.26
3989,Thomas Sellers,leonarddoris@example.org,United States,2025-08-31,Basic,38691.27
7032,Christine Baker,smartinez@example.org,United States,2022-10-20,Premium,1600.84
2161,Scott Stewart,katherine18@example.org,Canada,2021-01-17,Standard,4035.72
686,Brian Porter MD,amurphy@example.org,Spain,2025-07-12,Premium,41822.88
7603,David Roach,ellisangela@example.net,Argentina,2021-04-19,Basic,30251.12
7785,Abigail Parsons MD,carrdevon@example.net,Netherlands,2025-10-15,Standard,30666.79
3244,Audrey Gomez,stephanie63@example.net,United States,2023-08-17,Standard,10228.54
5845,Timothy Sexton,stevenrodgers@example.net,Argentina,2023-04-27,Standard,19528.71
9220,Emily Martin,kristinamoreno@example.com,Mexico,2020-09-15,Basic,47814.63
2462,Jacob Wu,jnunez@example.com,Netherlands,2022-08-19,Premium,12059.6
4084,Kelly May,victoria19@example.org,Japan,2025-08-25,Basic,24730.83
2838,Tristan Bonilla,panderson@example.org,United Kingdom,2021-05-03,Standard,12062.65
3698,Brandon Powell,wilsoncameron@example.com,Argentina,2022-10-27,Standard,10536.37
7129,Tanner James,martinronald@example.net,Sweden,2021-08-26,Premium,31023.48
6268,Andrew Proctor,pdavis@example.net,Japan,2022-04-14,Premium,30134.67
4942,Brandon Sanchez,lsoto@example.com,Australia,2026-06-17,Standard,24850.07
5947,Jason Day,hickstina@example.net,Argentina,2020-04-26,Basic,26214.07
4584,Ronald Gonzalez,lindarasmussen@example.org,South Korea,2020-12-02,Basic,47419.2
5785,Jonathon Stevenson,frank42@example.net,United States,2025-10-23,Standard,40259.49
4041,Melinda Patterson,qsilva@example.com,Sweden,2026-04-15,Basic,33973.52
2231,Lori Riley,xirwin@example.com,Switzerland,2024-12-12,Standard,20855.84
7570,Lori Krueger,sguzman@example.com,Switzerland,2021-01-14,Basic,12604.26
936,Lorraine Turner,mccoysamantha@example.org,Norway,2024-09-22,Standard,22462.94
2321,Brittany Cisneros,smithcarla@example.com,Netherlands,2026-03-27,Premium,24729.02
4879,Cassandra Landry,stewartlauren@example.com,Norway,2023-02-23,Basic,26530.75
522,Mr. Aaron Arnold,stefanie87@example.net,United States,2020-06-26,Basic,23520.11
523,Joseph Hill,denisecole@example.net,Italy,2026-01-24,Premium,21871.54
5346,Rachel Smith,marytownsend@example.net,Netherlands,2023-10-04,Standard,28825.7
9877,Jessica Harris,james13@example.org,India,2022-01-05,Standard,8905.27
3360,Michael Chandler,sarahwells@example.net,Switzerland,2023-11-30,Basic,535.95
1312,Timothy Clark,znorris@example.com,Germany,2020-02-03,Basic,380.4
3984,Jamie Johnson,kruegerjade@example.com,Australia,2024-05-11,Standard,41186.75
6495,Michelle King,blevinsamanda@example.net,Argentina,2024-10-26,Basic,13437.71
9561,Jillian Mack,douglaskirby@example.net,France,2023-06-20,Basic,18304.61
1717,Angela Gilmore,heidigonzales@example.com,South Korea,2022-08-16,Premium,13400.25
781,Kristy Hart,kimberlygordon@example.com,Mexico,2023-12-24,Standard,33834.63
8799,Gabriel Jones,michael85@example.net,Switzerland,2023-05-21,Standard,6642.23
8232,Scott Velazquez,datkinson@example.org,Japan,2021-10-07,Premium,26355.01
5608,Lisa Smith,jasonlucas@example.org,Sweden,2020-09-05,Basic,16920.86
5979,Jacob Miller,gmejia@example.net,France,2021-10-27,Standard,12215.43
652,Monica Ellis,jasonwilkerson@example.net,Italy,2023-01-19,Basic,38179.63
3748,Patrick Gibson,matthew79@example.com,Switzerland,2024-06-27,Basic,36796.25
2197,Ronnie Powers,kimmarcus@example.com,United Kingdom,2022-12-30,Standard,34113.49
8419,Eric Marks,matthew19@example.net,Japan,2022-05-26,Standard,17499.99
370,Kathleen Robertson,sbryant@example.net,Singapore,2024-04-02,Basic,39029.66
9885,Diane Cabrera,martinsteven@example.com,Australia,2021-03-14,Basic,11096.84
8006,Gregory Smith,dprice@example.net,South Korea,2024-07-01,Standard,5469.27
4215,Lauren Smith,brownoscar@example.org,Canada,2020-01-30,Basic,36562.82
378,Angel Gordon,benderandrew@example.net,Germany,2020-06-12,Standard,35207.85
9447,Judy Brown,shannonbutler@example.com,Sweden,2020-01-29,Premium,48320.87
2217,Jessica Carney,rachel13@example.com,Australia,2024-11-22,Basic,37943.35
8683,Cathy Miller,wdavis@example.net,United Kingdom,2025-10-23,Basic,14322.89
1614,John Mayer,carrolldiane@example.com,United States,2021-12-22,Premium,29700.82
6980,Adam Stewart,ericksonnicholas@example.org,Spain,2022-08-25,Premium,3470.05
7550,Audrey Koch,stephanieschneider@example.net,France,2025-12-02,Standard,37171.69
1828,Steven Medina,christopher06@example.com,Germany,2026-03-06,Basic,4306.09
3633,Joseph Durham,millerdanielle@example.org,South Korea,2024-06-14,Standard,6756.17
963,Michael Roberson,amy84@example.net,Spain,2020-08-18,Basic,48828.48
2994,Linda Rodriguez,amber57@example.com,Japan,2021-01-08,Basic,10349.17
6607,Emily Gamble,perezdana@example.org,South Korea,2025-05-14,Standard,31632.33
9673,Jordan Villarreal,burkeluis@example.com,Spain,2024-01-05,Premium,25885.91
2377,Chelsey Clark,sclark@example.net,Norway,2020-04-14,Standard,6916.71
8881,Amanda Wilson,jessicaweaver@example.com,United States,2020-01-25,Premium,7927.4
360,Dr. Michael Evans,john62@example.org,Brazil,2026-06-10,Basic,29214.09
3840,Miss Gina Walton,shannon27@example.net,Spain,2025-11-15,Basic,1659.3
8185,Robin Rice,hevans@example.org,Netherlands,2020-11-02,Premium,45868.07
1247,Wayne Wolfe,grice@example.net,South Korea,2020-06-20,Standard,31897.57
7505,David Jones,valdezjoseph@example.com,Netherlands,2026-01-06,Standard,26459.58
8350,James Taylor,edwardhodges@example.org,Spain,2021-12-14,Standard,41374.82
6512,Richard Golden,harmondonald@example.net,Brazil,2021-01-14,Premium,34060.03
5088,Melinda Cervantes,sarah26@example.net,Spain,2020-07-17,Basic,42873.94
3695,Karen Goodman,susan62@example.net,Singapore,2025-06-27,Standard,10223.56
1574,Jose Harrison,aanderson@example.org,South Korea,2023-05-09,Premium,21756.89
6282,Darin Byrd,daviddennis@example.org,Germany,2023-10-18,Basic,40518.84
5440,Angel Lewis,jeanetteirwin@example.net,Germany,2021-06-28,Basic,33191.4
2568,Caleb Rodriguez,taylorluis@example.net,Germany,2022-02-09,Premium,7966.87
3424,Beverly Cook,harmonrachel@example.net,South Korea,2024-04-30,Standard,20873.97
2038,Tracy Guzman,matthew57@example.com,Switzerland,2026-06-17,Standard,297.4
9244,Laura Johnson,changdeborah@example.com,United Kingdom,2022-11-13,Standard,43930.67
773,Kendra Wang DVM,georgemendez@example.com,Norway,2023-09-28,Basic,31082.63
5381,Cory Kelley,birdtonya@example.net,Mexico,2021-03-04,Premium,45624.69
9569,Dustin Potter,hschultz@example.org,Italy,2020-05-08,Premium,5291.1
3563,Heather Stevens,matthewherrera@example.net,Argentina,2022-10-23,Standard,24032.98
563,Charles Turner,gina21@example.net,Netherlands,2023-12-24,Standard,9769.44
6684,Denise Wiley,josephprice@example.net,South Korea,2020-09-06,Standard,27047.29
2547,Carl Harris,yatesjanet@example.net,Canada,2020-08-31,Standard,13160.95
5511,Andrea Hughes,marissa87@example.org,Mexico,2025-09-09,Basic,25627.16
5331,Christopher Thomas,khardy@example.com,Norway,2025-02-20,Basic,36115.72
9668,Gilbert Reynolds,kmunoz@example.com,Australia,2022-07-12,Basic,8368.45
4532,Melanie Ramos,gabriellatorres@example.net,Italy,2025-07-30,Standard,24494.04
1675,Randy Hopkins,jason80@example.com,Germany,2023-12-19,Standard,33375.29
7396,Chris Butler,pwest@example.net,India,2020-07-21,Standard,34834.55
366,David Davis,james84@example.org,South Korea,2023-10-16,Premium,41213.23
8017,Jordan Harper,qmontoya@example.net,Brazil,2024-05-29,Premium,18880.78
9377,Christina Wiley,monicabonilla@example.org,New Zealand,2021-12-11,Basic,26544.16
4328,Jonathan Porter,adrianasweeney@example.org,India,2022-09-05,Premium,5742.33
9984,Alicia Brown,shawnclayton@example.net,India,2022-10-21,Standard,36193.32
148,Charles Shah,valdezbrandon@example.org,Netherlands,2020-03-21,Standard,49841.7
1669,Todd Bishop,michael81@example.com,India,2022-09-16,Standard,39662.58
3089,Heather Russell,mariahunter@example.net,Germany,2022-12-26,Premium,25146.94
8845,Brent Hernandez,dgomez@example.com,Spain,2026-02-01,Standard,7377.11
7651,Tina Patel,williamsjacqueline@example.net,United States,2023-09-01,Standard,48627.31
408,Daniel Bush,vgarcia@example.com,Argentina,2024-03-04,Basic,45895.26
9585,Megan Ramirez,grossdanielle@example.net,Australia,2022-03-18,Basic,40571.28
7789,Kathryn Chavez,ricardo59@example.net,France,2023-09-02,Standard,15527.11
3457,Ms. Janet Leonard,patrick86@example.com,Australia,2020-05-24,Standard,48440.58
6187,Christopher Walker,saraheaton@example.com,Sweden,2026-07-31,Premium,17126.77
4183,Jordan Curry,jacobhernandez@example.org,New Zealand,2022-08-12,Basic,40575.21
3577,Lauren Marshall,michaelhuerta@example.org,Switzerland,2024-11-27,Premium,5613.1
3272,Deborah Stewart,masondavidson@example.com,Sweden,2022-07-20,Standard,42739.99
4941,Brandon Bennett,tmendoza@example.com,Mexico,2020-11-26,Standard,7452.96
1032,Jose Bennett,danacoleman@example.com,Canada,2020-05-11,Premium,44634.76
8873,John Smith,ashley27@example.org,United States,2021-06-21,Standard,11126.76
6231,Mandy Lee,hodgeschristopher@example.com,Norway,2026-03-13,Basic,45793.92
6593,Derek Coleman,cynthia10@example.com,Spain,2024-09-18,Standard,37135.32
8907,Russell Erickson,rclark@example.org,Mexico,2025-11-07,Standard,553.17
9812,Alexandria Shepherd,alicia89@example.com,India,2023-12-17,Basic,13467.04
6725,George Hall,kylie68@example.com,South Korea,2025-05-18,Basic,6929.54
8030,David Mitchell,teresa57@example.com,Mexico,2024-03-13,Standard,14278.1
8053,Nicole Ward,fsmith@example.org,Sweden,2025-02-11,Premium,35447.31
856,Alicia Roth,ramseychristopher@example.com,Switzerland,2026-06-05,Basic,25411.25
3927,Heather Thomas,jensenphilip@example.com,Spain,2020-08-05,Standard,45708.17
8548,Ronald Villegas,spencemichael@example.net,New Zealand,2025-01-26,Standard,2499.49
79,Tanya Kim,user028@nodotdomain,New Zealand,2021-08-05,Premium,38130.34
7089,Rebecca Johnson,erik62@example.com,Norway,2025-05-25,Premium,29980.4
2248,Nicole Collins,markbishop@example.net,Germany,2020-07-20,Basic,22862.88
8264,Justin Sampson,josegonzalez@example.org,Germany,2025-08-29,Standard,8978.9
4027,Jennifer Johnson,jaredjohnson@example.org,Japan,2021-01-02,Standard,27998.82
9950,Hannah Schmidt,mannwilliam@example.com,Brazil,2020-04-23,Basic,40849.68
9572,Daniel Horne II,salazarlisa@example.com,Australia,2021-08-06,Premium,15612.02
9296,Bruce Johnson,ofrancis@example.com,Australia,2024-09-24,Standard,27007.04
715,Chris Velazquez,seth27@example.org,Sweden,2026-06-24,Premium,31271.97
7452,Edward Simmons,travis96@example.com,Canada,2020-06-10,Standard,28125.17
789,Shannon Yu,annettewilson@example.net,South Korea,2025-03-26,Basic,26848.37
2280,Erin Brown,vwarner@example.net,Canada,2024-05-09,Standard,41577.9
4096,Michael Perkins,htanner@example.net,South Korea,2023-12-19,Standard,34253.62
3898,Joshua Mitchell,matthew80@example.org,United States,2021-02-02,Premium,37921.39
7945,Keith Davis,wileyadriana@example.com,Japan,2024-09-10,Premium,32354.36
7178,Matthew Austin,dominguezoscar@example.com,Switzerland,2022-01-18,Basic,45129.02
9077,Ryan Conner,robin38@example.org,France,2026-01-13,Premium,3051.81
9453,Lisa Wade,weberbianca@example.com,Norway,2024-12-29,Standard,31687.09
3632,James Tucker,rsherman@example.com,Switzerland,2022-06-06,Basic,36585.84
8625,Amanda Lloyd,shane31@example.org,France,2020-10-12,Basic,4184.34
7298,Vicki Harper,zrodriguez@example.com,Sweden,2025-12-12,Basic,3448.42
6273,Christian Rodriguez,hscott@example.com,Switzerland,2021-08-05,Premium,35320.83
425,Kimberly Sharp,fstewart@example.net,Netherlands,2025-02-25,Premium,18658.24
393,Paula Lane,joseskinner@example.org,Brazil,2025-08-15,Standard,26493.59
3192,Laura Kelley,amy09@example.net,Sweden,2023-05-17,Basic,34332.3
17,Debra Morton,,Australia,2021-11-16,Premium,6359.77
6336,Frank Fitzgerald,christophermorrison@example.com,Sweden,2022-09-23,Premium,18946.14
4201,Jessica Richardson,kenneth02@example.com,Italy,2021-10-23,Basic,49185.28
2673,Michael Suarez,steven56@example.org,Norway,2025-11-20,Standard,45694.3
2445,Jennifer Parker,sparkslaurie@example.org,France,2023-03-30,Premium,47012.82
6698,Lauren Thompson,gdoyle@example.org,Switzerland,2020-12-02,Basic,21092.54
6165,Michelle Johnson,phillipsmason@example.org,United States,2024-07-26,Standard,36622.99
2602,Ryan Palmer,elainefriedman@example.org,New Zealand,2022-08-06,Premium,1893.2
3494,Michael Chambers,debra42@example.com,Singapore,2021-01-19,Premium,31536.23
6045,Ann Calderon,uramirez@example.net,Netherlands,2020-07-19,Standard,11960.95
1460,Michael Hill,hnewman@example.net,Norway,2025-12-31,Standard,1555.09
3805,Ryan Carpenter,collinselizabeth@example.org,Norway,2025-09-18,Premium,8356.7
9846,Sandra Rush,johnparsons@example.com,Italy,2023-02-19,Premium,23258.62
7395,Richard Nicholson,lopezwilliam@example.net,Brazil,2026-01-24,Basic,20466.67
4840,Jeffrey Lynch,jennifercarson@example.net,Mexico,2022-01-01,Basic,26944.17
8112,Anita Wright,xray@example.net,Singapore,2023-11-11,Basic,13054.41
3836,Michael Taylor,heatherhopkins@example.org,Canada,2024-07-20,Basic,7908.5
9314,Donna Morris,leemary@example.com,Argentina,2024-06-18,Premium,16908.02
5684,Amanda Hodge,montoyachristopher@example.net,Mexico,2020-08-23,Basic,34323.54
8749,John Molina,qbonilla@example.com,Argentina,2021-01-16,Premium,28506.71
5828,Miranda Beck,ericjohnson@example.org,United Kingdom,2025-07-07,Standard,41030.33
9749,Eric Zimmerman,robert89@example.com,Netherlands,2020-03-06,Standard,37043.11
4725,Victoria Deleon,joshualivingston@example.org,New Zealand,2024-11-15,Standard,30021.14
8760,Elizabeth Cunningham,rachel17@example.net,Canada,2025-03-21,Standard,20102.34
5888,John Erickson,melissasmith@example.org,New Zealand,2020-05-20,Premium,22627.34
2356,Jane Reese,nball@example.com,Spain,2022-11-28,Premium,5953.27
6037,William Vasquez,randy83@example.com,Singapore,2022-08-13,Basic,18525.02
4799,John Ho,melissa99@example.org,United Kingdom,2021-06-08,Premium,19707.28
2443,Mark Frank,tcastillo@example.org,Australia,2021-05-17,Premium,20139.61
8646,Jamie Robertson,smithjennifer@example.net,United States,2025-10-04,Standard,27039.36
4593,Jeffrey Lyons,andreahogan@example.net,Sweden,2023-02-15,Premium,43956.57
8773,Kristin Bailey,jennifermeyer@example.net,France,2024-08-01,Premium,26404.73
465,Maria Fisher,adam22@example.net,Australia,2023-10-10,Standard,10025.98
164,Charles Lester,arnoldjessica@example.com,Argentina,2024-02-01,Premium,38422.34
9262,Stephanie Hansen,oharrell@example.net,Singapore,2024-04-14,Basic,15992.2
9434,Megan Boyd,nicolewyatt@example.org,Germany,2022-11-09,Basic,12369.64
8406,David Cruz,collinsnatalie@example.com,Mexico,2022-05-27,Standard,6764.88
9778,Maria Martinez,jennifermurray@example.net,South Korea,2026-01-09,Premium,34932.68
9479,Chase Lopez,dawn41@example.com,France,2020-01-27,Standard,2645.16
7381,Daniel Miller,danielhuber@example.org,United Kingdom,2020-05-12,Basic,44410.51
6637,Nathaniel Rodriguez,wflores@example.com,India,2021-02-04,Standard,34003.85
242,Antonio Garcia,potterjavier@example.net,Japan,2024-07-01,Premium,15924.44
2010,Ann Phelps,patrick84@example.com,New Zealand,2022-10-21,Basic,11241.48
6357,Erica Wright,gallowaykyle@example.com,Japan,2021-05-29,Standard,1204.73
3085,Dustin Harris,qrodriguez@example.org,Singapore,2020-09-20,Standard,40257.38
6209,Valerie Robertson,wbryant@example.com,New Zealand,2023-02-14,Standard,18029.45
901,Catherine Frazier,michael40@example.net,India,2020-08-06,Standard,2679.84
5543,Ruben Charles,michele17@example.net,Italy,2025-07-29,Premium,9985.14
6008,Lori Jordan,williamsmark@example.com,Mexico,2020-02-18,Basic,43780.01
7639,Carolyn Moore,marshalljoshua@example.com,Spain,2021-10-05,Standard,1789.48
6794,George Williams,wbarton@example.org,New Zealand,2020-01-21,Basic,40078.09
8870,Kelly Harris,martin40@example.org,Australia,2020-06-08,Premium,11911.93
7759,Christopher Bowen,brettlutz@example.com,Netherlands,2024-01-30,Standard,41798.06
4838,Jesus Wheeler,wlee@example.com,Italy,2021-01-27,Standard,3680.69
2294,Kevin Marshall,jenniferwilliams@example.net,Argentina,2023-11-10,Premium,22404.15
6549,Christopher Harrison,wmoore@example.net,Japan,2023-11-21,Basic,23539.84
7899,Jennifer Duncan,carneyross@example.net,Spain,2020-10-06,Premium,27507.7
7978,Jessica Williams,nichole79@example.net,Norway,2024-10-06,Premium,43046.25
4482,Tracy Atkins,gardnerelizabeth@example.com,Argentina,2025-10-29,Basic,11144.37
5303,Douglas Morton,jeremyharrell@example.net,South Korea,2024-03-15,Basic,22793.31
4606,Jennifer Banks,cfigueroa@example.net,Italy,2026-01-28,Basic,1380.5
3717,Traci Martinez,joerobbins@example.org,Netherlands,2024-04-26,Basic,36085.83
9072,Sergio Massey,vbrown@example.net,Spain,2021-11-18,Basic,20797.49
6141,Gavin Yates,jessicarowe@example.net,India,2024-11-25,Basic,28973.72
1765,Diana Johnson,rmiller@example.org,Switzerland,2026-03-15,Basic,19902.87
6599,Maria Parsons,brownjustin@example.net,Netherlands,2020-03-26,Basic,3547.82
1550,Samantha Howard,leah96@example.com,Norway,2021-04-01,Standard,9788.55
3030,Jason Jenkins,lcarter@example.com,Japan,2024-05-25,Premium,8650.64
8654,Brandy Moreno,charleswillis@example.net,Netherlands,2020-07-18,Premium,36549.32
6299,Thomas Wells,thart@example.net,Singapore,2022-03-04,Premium,40275.27
6663,Joy Reid,lwashington@example.net,Brazil,2026-06-26,Standard,35835.44
6627,Ray Rosario,alyssabrown@example.com,Brazil,2022-12-31,Basic,43529.53
2045,Cheryl Turner,mckenzie26@example.com,Germany,2025-03-20,Premium,13922.53
768,Virginia Casey,vnorton@example.net,Norway,2022-10-16,Basic,419.83
5694,Elijah Archer,kylemeyers@example.org,Brazil,2021-03-13,Premium,42184.93
7871,Nicole Garcia,robert91@example.org,Switzerland,2023-09-17,Standard,20041.32
7796,Joshua Anderson,luke49@example.org,United Kingdom,2025-05-23,Basic,34168.03
1509,Charles Bush,lukesmith@example.net,Singapore,2026-07-02,Premium,15389.25
7231,Craig Tate,ycarter@example.com,Brazil,2025-01-21,Premium,12862.52
7858,Louis Tyler,lisa57@example.org,South Korea,2020-08-22,Basic,12787.65
3303,Joshua Rodriguez,jaredboyd@example.net,Italy,2024-01-26,Premium,41030.95
4518,Jared Garza,xcuevas@example.org,Australia,2024-08-06,Basic,15596.28
4220,Brianna Martinez,stephanie47@example.com,United Kingdom,2021-05-14,Basic,3278.38
9079,Deborah Smith,khorton@example.net,India,2020-11-08,Standard,45027.54
9941,Christine Martin,gprice@example.net,Switzerland,2020-04-29,Premium,16750.16
3293,Jennifer Smith,jeffguzman@example.org,New Zealand,2024-05-26,Premium,47915.42
820,Deborah Campbell,barbaramorales@example.com,United States,2021-02-03,Basic,33614.52
1404,Timothy Shannon,melissa43@example.net,Singapore,2022-01-28,Basic,17044.85
1383,Judith House,zachary99@example.org,Mexico,2024-11-05,Premium,9100.22
2149,Stacy Fitzgerald,robertking@example.net,Argentina,2023-10-06,Standard,49481.96
6929,Michael White,karajames@example.com,Japan,2021-03-08,Premium,9598.15
5672,Colin Mckay,mbrown@example.net,South Korea,2025-08-23,Premium,21088.18
1639,Lydia Howard,ashleypoole@example.net,United Kingdom,2022-09-02,Basic,40211.93
5892,Kevin Smith,uosborne@example.net,Sweden,2022-07-12,Basic,20149.89
7428,Kellie Mitchell,uwalsh@example.net,Singapore,2024-08-28,Premium,32764.32
609,Chelsea Nguyen,hamptonsabrina@example.com,Italy,2020-04-05,Basic,31135.43
6908,Christopher Cameron,john51@example.net,Mexico,2023-03-25,Basic,20456.13
400,Nancy Brown,pbrown@example.com,Norway,2025-11-18,Standard,6060.16
7248,Pam Miller,carloshensley@example.net,Spain,2021-08-12,Premium,39151.77
6407,Marilyn Henry,cristianhendrix@example.org,New Zealand,2025-06-21,Premium,855.93
883,Michael Holloway,gene59@example.net,India,2023-02-22,Premium,8960.44
3566,Dale Beck,kellyjones@example.com,Mexico,2021-04-20,Premium,20934.52
4286,Erica Porter,davidwilson@example.net,Italy,2024-12-19,Basic,4498.62
1180,Edward Arroyo,paul34@example.com,United Kingdom,2025-12-16,Standard,38128.24
5449,Kimberly Mcintyre,wrightjason@example.org,Norway,2026-01-18,Premium,4634.72
4245,Kylie Bailey,jose87@example.com,Australia,2021-11-17,Standard,18636.06
5219,Zachary Ortiz,chrishenderson@example.net,Netherlands,2025-03-13,Standard,21409.94
3977,Joseph Moon,hansenkenneth@example.org,Argentina,2020-04-02,Standard,20808.94
2131,Michael Anderson,nicholas57@example.com,Mexico,2023-08-08,Standard,16956.35
5079,Teresa Jones,bishopcheryl@example.org,Norway,2021-03-17,Premium,35968.1
457,Rhonda Chavez,melissahuynh@example.com,Italy,2025-01-01,Basic,44760.56
5583,Sheri Hoover,wallercarl@example.net,Australia,2025-10-07,Premium,27642.9
5176,Erik Keller,shepardhector@example.com,United States,2023-08-15,Basic,962.51
1951,Michael Serrano,kaufmanalan@example.org,France,2026-04-12,Basic,27799.56
5373,David Williams,joshuabarton@example.net,Switzerland,2025-12-19,Basic,43154.32
690,Tiffany Townsend,christopherelliott@example.org,Norway,2024-06-19,Standard,43795.78
8853,Tracy Hogan,royhenry@example.org,Italy,2025-04-04,Premium,38550.04
6526,Ryan Mccarty,micheal40@example.net,Germany,2020-04-15,Basic,9525.87
9822,Alicia Combs,xjenkins@example.net,Japan,2025-02-05,Premium,7929.67
6489,Brenda Perkins,kathyparks@example.org,Sweden,2022-07-21,Premium,44831.82
6922,Patricia Kim,mcguireedward@example.net,Mexico,2020-01-23,Basic,4513.8
1954,Courtney Vaughan,natashakemp@example.com,South Korea,2020-10-11,Basic,13457.87
7635,Claire Mcintosh,laurageorge@example.net,New Zealand,2024-10-08,Basic,33424.13
5637,Kim Nelson,kellythompson@example.org,Netherlands,2022-02-13,Premium,26596.03
7155,Mr. Mark Landry,stonejessica@example.net,France,2022-07-28,Basic,46242.8
8425,Rebekah Gutierrez,perkinsjoshua@example.com,Argentina,2025-12-22,Standard,1874.15
6611,Pamela Hubbard,jose32@example.com,Italy,2022-12-15,Basic,14985.13
2711,Ashley Phillips,jacob36@example.net,United Kingdom,2023-04-19,Standard,4754.91
8731,Danielle Rodriguez,laura06@example.net,United Kingdom,2020-11-21,Basic,19841.5
3202,Jason Hudson,steinsergio@example.net,United States,2025-12-21,Basic,28714.89
4350,Jose Martinez,kmorgan@example.org,Germany,2022-11-28,Basic,32783.71
4139,Michele Conner,darrenhorton@example.net,Switzerland,2024-11-02,Premium,18245.85
1885,Ryan Cobb PhD,vzuniga@example.net,United Kingdom,2023-05-16,Premium,44054.81
8640,Amber Ross,tonya10@example.org,Canada,2022-07-21,Premium,43090.88
4486,Amanda Conley,christopher53@example.net,United Kingdom,2020-12-07,Standard,26014.66
2495,Patrick Pineda,maryramirez@example.org,Canada,2023-04-07,Premium,29957.57
5948,Brian Christensen,ybell@example.net,Netherlands,2022-06-14,Standard,2553.12
3037,Julia Brown,sheltonlaura@example.org,Japan,2024-05-13,Premium,19909.5
5778,Tammy Williams,gcarroll@example.net,Australia,2024-01-12,Premium,29228.47
3604,Hector Mcgee,phunt@example.org,Spain,2024-04-16,Basic,2771.09
846,Lisa Mills,lroberts@example.net,Italy,2024-11-09,Premium,17066.32
543,Steven Rivera,wolfejamie@example.org,South Korea,2023-05-10,Standard,49712.89
3725,Brittany Heath,brandimcintyre@example.com,Italy,2024-08-24,Premium,41323.55
4188,Jill Shaw,timothy39@example.net,Netherlands,2023-12-16,Standard,48840.64
3680,Christopher Mayer,bwhite@example.net,France,2024-03-18,Standard,1846.39
8900,Nicholas Davis,joshua99@example.com,Argentina,2020-08-24,Premium,19760.94
7968,Jennifer Williams,xhines@example.net,New Zealand,2026-07-03,Basic,23656.75
8486,Andrew Rose,frank14@example.org,Argentina,2023-09-15,Premium,39114.25
6076,Jamie Scott,staceychen@example.net,Singapore,2022-06-25,Basic,35877.17
7341,Betty Johnson,rachelduke@example.net,Argentina,2026-05-28,Basic,11559.32
8226,Scott Harrell,thomasdrew@example.org,Netherlands,2021-12-24,Standard,45596.48
7247,Latoya Nelson,isolomon@example.com,Spain,2020-05-11,Standard,17791.87
9711,Karla Walker,shelley50@example.net,United Kingdom,2025-03-17,Premium,26349.0
8291,Dawn Werner,cmcdaniel@example.com,Sweden,2025-02-26,Premium,6533.04
7138,Tammy Scott,glopez@example.org,Brazil,2026-06-08,Standard,17907.5
2965,Jeffrey Hernandez,andrewschristopher@example.net,Canada,2024-01-19,Basic,6227.82
7560,Rachel Berger,dhansen@example.org,Switzerland,2023-05-13,Premium,28897.6
2530,Marissa Bennett,christiecarter@example.com,France,2020-01-06,Premium,28957.17
7285,William Martinez,herrerajeremy@example.com,Switzerland,2023-12-15,Premium,25465.46
5773,Sydney Green,johnsondiane@example.net,New Zealand,2026-08-08,Basic,32162.75
1049,Thomas Short,reginameadows@example.org,Italy,2025-08-02,Standard,2047.05
7046,Justin Hughes,stacey68@example.org,Switzerland,2023-12-27,Premium,32547.81
1961,Michael Wilson,hweber@example.org,New Zealand,2025-03-04,Premium,24688.26
2531,Rebecca Barrett,aprillopez@example.net,New Zealand,2023-11-15,Basic,22900.98
9049,Jennifer Ray MD,valerie71@example.com,United Kingdom,2022-04-17,Premium,15562.3
7604,Susan James,whitejustin@example.com,United Kingdom,2021-06-01,Standard,28004.68
6525,Dennis Guerra,ysmith@example.com,United Kingdom,2020-02-22,Standard,26250.52
238,Lisa Hunter,padillagregory@example.com,Italy,2024-04-13,Premium,23246.71
4918,Carl Rubio,freynolds@example.org,Brazil,2021-08-15,Premium,36046.76
6480,Katie Hardin,dbrown@example.net,Canada,2022-03-19,Basic,8773.73
1134,Crystal Cruz,matthew71@example.org,Australia,2025-09-28,Basic,149.52
6977,Dr. Roberto Johnston,smithshawn@example.net,Singapore,2023-05-28,Standard,29898.29
5902,Jennifer Cruz,sdavis@example.com,Argentina,2020-06-05,Basic,15350.03
9058,Jeremy Cochran,johnathanrodriguez@example.com,Singapore,2022-09-10,Basic,25099.36
4260,William Silva,solisanita@example.com,Brazil,2023-03-30,Premium,37724.98
8841,Michael Wheeler,annevillarreal@example.net,Sweden,2024-05-24,Basic,42794.73
6966,Reginald Copeland,julie18@example.com,Brazil,2022-03-18,Premium,3457.42
9980,Shane Wood,brent00@example.org,Japan,2024-09-17,Basic,13895.91
793,Marie Thompson,joneschristine@example.org,Mexico,2020-12-22,Premium,15223.45
1986,Pamela Hernandez DVM,michelefoster@example.org,Australia,2025-05-23,Premium,251.7
5657,Marissa Davis,amejia@example.net,Switzerland,2023-01-02,Standard,38573.1
8740,Gary Russell,jennifer87@example.net,United States,2024-06-01,Basic,28243.76
7936,Melinda Hanson DDS,broberts@example.com,Argentina,2025-01-23,Basic,26942.8
6098,John Chavez,elizabeth65@example.com,Switzerland,2020-05-20,Basic,33497.68
5908,Edward Taylor,hfernandez@example.net,India,2021-11-06,Premium,16928.0
7374,Brian Nichols,darrell17@example.com,Switzerland,2021-07-11,Standard,46607.43
8129,Anna Brown,jennifer02@example.net,Mexico,2024-05-15,Basic,45424.75
2979,Eric Knox,twalter@example.net,Singapore,2024-12-15,Standard,1221.28
8862,Jacob Peters,tayloralbert@example.com,United States,2021-07-02,Basic,23308.41
9302,James Jenkins,pkramer@example.net,Australia,2025-03-13,Basic,22194.11
6722,Richard Case,thompsonstephen@example.com,Australia,2022-06-19,Premium,13000.79
7843,Juan Chan,twinters@example.com,Spain,2024-06-20,Basic,28294.27
5525,Carl Jackson,josephrosario@example.net,New Zealand,2020-11-18,Premium,10873.25
8722,Judy Lewis,gravesrachel@example.com,United Kingdom,2022-07-19,Basic,24368.69
8432,Olivia Carpenter,timothy84@example.net,Germany,2020-11-14,Basic,11680.47
9009,Terrance Jackson,margaretgiles@example.net,France,2024-07-05,Premium,2129.74
8604,Lisa Baxter,davidingram@example.net,Italy,2022-05-30,Standard,17448.2
7175,William Hall,ggonzalez@example.org,Singapore,2024-05-29,Standard,18163.6
3920,Patricia Wilson,uvillegas@example.org,Singapore,2022-04-24,Premium,19036.09
3139,Patrick Clark,kennedyevan@example.com,South Korea,2025-01-26,Standard,14461.19
9417,Michael Campbell,wilsonyvonne@example.org,Switzerland,2020-05-31,Premium,47040.65
9934,Linda Dean,scottnancy@example.net,Singapore,2022-01-17,Standard,21872.54
5790,Michael Haas,ashleyhernandez@example.org,France,2025-09-14,Premium,49114.27
4074,Jackie Stewart,greid@example.net,Argentina,2024-01-26,Standard,30077.73
3288,Mr. Eric Hall,hayleylee@example.net,United States,2024-08-19,Premium,17982.45
3230,Laura Gilbert,jennifer14@example.net,Japan,2023-08-28,Standard,16814.57
1827,Daniel Lee,vjones@example.com,Spain,2024-08-05,Premium,32431.54
5549,Raymond Valenzuela,blanchardrobert@example.com,Brazil,2026-05-01,Premium,11110.01
594,Haley Johnson,owenwilliam@example.net,Brazil,2022-07-10,Standard,29170.64
2726,Brittany Rios,amy57@example.net,Singapore,2026-04-03,Premium,43018.65
4138,Amanda Hart DVM,elizabeth36@example.org,Sweden,2025-02-15,Premium,16156.52
561,Steven Stein,kingjessica@example.net,Canada,2025-05-10,Standard,35319.48
7407,Monica Madden,andersoncourtney@example.com,New Zealand,2021-12-03,Premium,36763.96
8807,Tiffany Gentry,jessica61@example.org,Norway,2024-11-21,Standard,36382.05
8387,Isabel Hall,gobrien@example.net,India,2023-07-10,Basic,37680.34
244,Carrie Wright,beverlymitchell@example.org,Brazil,2023-09-30,Standard,34214.34
7269,Mrs. Sara Hebert,johnvilla@example.com,France,2022-10-10,Standard,12874.06
5436,Tracey Brooks,donnameyers@example.com,Sweden,2024-02-07,Premium,2803.27
4438,Shawn Hickman,vwatson@example.org,Brazil,2026-01-11,Premium,42662.55
9685,Randy Fernandez,wendysalazar@example.org,Brazil,2022-02-10,Standard,49660.97
8107,Jacqueline Ford,brownkelli@example.org,Singapore,2020-12-21,Standard,36118.57
406,David Grant,daniel11@example.net,South Korea,2020-10-14,Premium,25446.08
1443,Autumn Anderson,markvargas@example.net,Switzerland,2026-07-12,Standard,11228.14
262,Sophia Johnson,john42@example.org,Italy,2020-05-31,Standard,8255.56
4407,William Parker,randygonzales@example.org,South Korea,2021-03-01,Standard,13170.37
7634,Beth Schmidt,scott82@example.com,Sweden,2021-02-24,Basic,24013.4
9534,Jennifer Ellis,holmesalex@example.com,Singapore,2026-07-07,Standard,35199.99
1690,Chad Cortez,owilson@example.net,France,2024-01-26,Standard,8266.43
9867,Lauren Lopez,michaeldelgado@example.com,United States,2025-09-15,Standard,32079.18
1726,Derek Frazier,dbowman@example.com,Mexico,2024-05-30,Premium,11965.44
8995,Brittney Wheeler,margaretmoore@example.org,Netherlands,2025-08-22,Basic,14041.34
4931,Jonathan Jefferson DVM,tina83@example.org,United Kingdom,2025-04-04,Premium,13876.34
5963,Kyle Burke,kmeyer@example.org,Brazil,2021-03-20,Basic,3969.1
2497,Tiffany Ray,petersonapril@example.com,New Zealand,2021-04-25,Standard,1081.3
9015,Cameron Russell,bmorgan@example.com,Switzerland,2025-10-01,Standard,39930.63
6905,Kara Blake,john99@example.org,Switzerland,2021-07-14,Basic,32583.85
6107,Philip Cole,jamesconner@example.com,Japan,2020-05-16,Premium,5565.9
8201,Richard Rivera,livingstonshannon@example.com,Sweden,2021-07-21,Basic,13694.76
341,Angelica Parker,erikacarlson@example.com,New Zealand,2024-01-03,Standard,4642.46
2409,Cynthia Miller,pamela87@example.org,South Korea,2023-12-23,Premium,5832.66
1602,Raymond Curry,johnware@example.org,Italy,2025-11-03,Standard,38800.11
9865,Kelly Brooks,davislaura@example.net,Mexico,2020-02-04,Standard,22102.21
8360,Jacqueline Webb,toddgomez@example.net,United States,2022-05-18,Premium,22665.69
5783,Lauren Watts,richardssteven@example.net,Canada,2021-03-15,Premium,37696.23
4577,Willie Flynn PhD,andrew12@example.org,Italy,2025-10-13,Premium,30333.42
7972,Timothy Odom,rebecca78@example.net,Argentina,2023-01-23,Basic,7961.52
3726,Rebecca Cox,morrismiguel@example.net,Netherlands,2024-03-31,Standard,37208.03
2557,Elijah Wall,moonryan@example.net,United States,2022-03-14,Premium,10491.93
2786,Isaac Chase,jamesharvey@example.com,Argentina,2021-11-14,Premium,42776.31
1524,Sonya Chavez,davisjoyce@example.com,Brazil,2023-08-08,Premium,19155.09
7718,Megan Hall,kimberlydaniel@example.org,Brazil,2026-04-09,Premium,45661.89
2508,Michael Bennett DVM,millerderek@example.com,Singapore,2020-03-03,Standard,25812.95
2832,Ashley Cordova,natashaburke@example.net,Sweden,2024-06-09,Standard,20264.72
1013,Jennifer Adkins,stevenfleming@example.org,Canada,2022-02-01,Basic,46653.57
5281,Jasmin Hamilton,mark15@example.com,Italy,2022-05-02,Standard,38985.03
4896,Brian Daniel,jacobstracy@example.org,New Zealand,2021-08-14,Premium,24373.47
1767,Jorge Lee,gentrymatthew@example.net,Italy,2024-02-17,Basic,35657.9
4552,Tyler Velazquez,haysleslie@example.net,Norway,2023-06-18,Standard,20486.43
7122,Donald Johnson,tylercarter@example.com,Brazil,2020-03-05,Standard,38131.95
6550,Kelly Woods,ryancharles@example.com,Netherlands,2021-06-01,Basic,48493.52
4038,Dylan Young,thodges@example.org,Sweden,2023-09-25,Standard,16524.97
8271,Scott Miranda,lewisscott@example.net,India,2025-11-09,Premium,46479.96
149,Johnathan Davis,victorsullivan@example.org,Argentina,2025-01-27,Premium,46730.87
286,Ruben Dunn,beth11@example.net,Spain,2020-06-02,Standard,37680.61
7801,David Johnson,sfritz@example.org,Argentina,2023-05-20,Basic,2242.4
9652,Sierra Padilla,phaney@example.net,Netherlands,2020-06-13,Premium,43825.7
364,Bianca Wood,melanie70@example.org,Netherlands,2024-10-10,Standard,39272.98
5368,Tyler Miranda,ualvarado@example.net,India,2023-01-01,Basic,46598.02
9946,Zachary Dickerson,wwilliams@example.net,Brazil,2023-11-30,Standard,47129.86
8411,Tara Lloyd,jenniferjackson@example.org,Germany,2025-10-01,Premium,45294.85
9454,Alejandro Weaver,bwebster@example.com,South Korea,2021-01-03,Basic,5668.15
4726,David Roy,patriciahoffman@example.com,South Korea,2023-04-15,Standard,7184.53
7272,Angelica Simpson,robert66@example.com,South Korea,2022-01-13,Standard,12278.12
6771,Philip Munoz,shirleyorr@example.org,Argentina,2021-09-28,Premium,29798.05
4444,Joann Sanders,maciasandrea@example.net,Canada,2022-07-30,Premium,23170.97
7447,Katherine Holder,amandaatkinson@example.net,South Korea,2024-06-01,Standard,44364.93
237,Angela Lin,jessica82@example.net,India,2023-03-01,Basic,5473.09
7710,Tammy Estrada,pattonlaura@example.com,Italy,2022-11-08,Standard,35361.24
9586,Tiffany Martin,mrhodes@example.org,Norway,2022-10-29,Standard,18419.82
2563,Andrea Oconnor,shunter@example.com,India,2024-07-25,Premium,39155.5
7124,Eric Foster,lindaphillips@example.com,France,2023-03-24,Basic,10348.15
8537,Pamela Perez,meghanjones@example.org,Italy,2021-06-09,Basic,34002.67
9603,Ronald Martinez,jose09@example.net,India,2020-03-25,Premium,5137.12
5520,Phillip Scott,frenchkevin@example.net,Japan,2020-06-25,Basic,20223.11
9614,Ann Phillips,james96@example.org,New Zealand,2021-05-07,Premium,21163.98
3084,Christina King,wgraves@example.com,Singapore,2026-04-09,Standard,15185.46
2960,Eric Kane,tannertina@example.org,Mexico,2024-04-30,Basic,41837.43
2103,Douglas Rose,hdiaz@example.org,United States,2024-03-27,Premium,32090.77
633,Zachary Cole,wyattdanielle@example.net,Singapore,2025-10-30,Standard,46514.99
6814,Jennifer Williams,nicholas86@example.net,Japan,2023-03-22,Premium,4931.43
2494,Brian Miller,edavis@example.com,Sweden,2020-11-22,Basic,38872.18
2666,Kyle Horton,angelagriffin@example.net,Sweden,2020-07-04,Premium,33978.17
8495,Jared Becker,drowland@example.org,Norway,2020-10-02,Basic,7526.4
8426,Brian Webb,xavier17@example.net,Mexico,2026-05-13,Standard,29511.56
9267,Patricia Jones,angelrivera@example.com,Brazil,2022-05-03,Premium,18232.06
4212,Crystal Hernandez,jameslee@example.com,Germany,2021-03-20,Standard,14525.81
3875,Victor Williams,jameshill@example.com,India,2025-02-03,Basic,26784.65
2818,Debra Reid,cdelacruz@example.com,Norway,2021-08-04,Basic,8609.36
8269,Zachary Beck,qdiaz@example.org,India,2022-06-20,Standard,10350.9
9816,Clifford Gonzalez,fcannon@example.org,Argentina,2024-04-29,Premium,11634.73
7427,Andrea Taylor,brookelee@example.org,South Korea,2023-08-10,Premium,8707.22
8603,Tyler Huynh,sandersjames@example.net,Australia,2020-05-25,Premium,39029.6
8476,Tiffany Rowe,mitchell06@example.org,India,2026-08-07,Standard,49191.56
1736,Wayne Weaver,petersonkevin@example.org,New Zealand,2024-07-10,Standard,17474.77
7398,Christine Montgomery,jfrancis@example.org,Italy,2020-04-23,Basic,27329.72
4256,Kimberly Thomas,lindagutierrez@example.org,Argentina,2024-07-23,Premium,11588.81
8289,John King,stephanie54@example.net,Italy,2021-04-30,Premium,10439.51
2476,Dr. Susan Navarro,staceygoodwin@example.com,Italy,2026-04-04,Premium,28985.22
9985,Gary Diaz,kevin53@example.org,Japan,2025-06-15,Standard,35438.54
3714,Katherine Dunn,daviddavis@example.org,Canada,2021-06-20,Premium,20803.58
8979,Eric Colon,shannonatkinson@example.com,Mexico,2024-04-13,Basic,38860.05
1805,Daniel Lopez,smithmaria@example.com,Germany,2022-10-12,Standard,42452.68
708,Denise Brown,gwendolyn36@example.net,Norway,2020-05-30,Standard,28911.21
9192,Paige Thompson,wwu@example.com,Netherlands,2023-05-31,Premium,31213.05
5190,James Grimes,prodriguez@example.org,Singapore,2024-02-29,Standard,27773.69
5473,Emily Brady,joshuabrooks@example.net,Japan,2026-06-12,Standard,2237.64
73,Krista Gibson,@nodomain022,Sweden,2020-08-17,Premium,34347.33
7844,Allen Weaver,harrisnicholas@example.org,New Zealand,2025-04-03,Premium,45044.52
5102,Lori Davis,joshuahanson@example.net,Mexico,2025-03-16,Basic,36132.94
6765,Lisa Caldwell,woodwilliam@example.com,Sweden,2023-03-29,Standard,5976.47
1126,Christopher Mullen,ijones@example.net,India,2022-08-29,Premium,4732.18
1242,Ellen Wright,stevenjackson@example.org,Mexico,2021-12-20,Basic,10406.61
8254,Daniel Garcia,brucemcdonald@example.net,Netherlands,2021-07-15,Basic,22199.76
2350,Melissa Bowen,carriesimpson@example.net,United Kingdom,2025-08-02,Basic,13626.7
6603,John Harris,michellethompson@example.org,New Zealand,2024-03-10,Premium,9256.53
6781,Michelle Clark,egonzalez@example.com,Singapore,2025-12-04,Standard,34434.24
4359,Jennifer Mckenzie,flowersalicia@example.com,United Kingdom,2024-08-27,Premium,24492.99
1344,Angela Brown,claytontaylor@example.net,Australia,2021-04-22,Premium,19899.05
9989,Justin French,jamesjones@example.net,Argentina,2025-07-06,Basic,49746.64
8680,David Anderson,gjackson@example.org,Singapore,2023-11-23,Premium,16493.6
9576,Jeffrey Hull,henrysmith@example.com,Spain,2021-01-31,Basic,22430.03
6653,Sandra Kirby,cobbdouglas@example.org,India,2021-08-26,Premium,874.65
1101,John Dixon,andrewslouis@example.net,Argentina,2021-05-21,Standard,23546.48
7328,Terri Pennington,jose38@example.com,Australia,2023-06-04,Basic,11170.63
7623,Mitchell Jones,sarah08@example.net,France,2026-04-02,Standard,18949.93
988,Glenn Gallegos,chungerin@example.com,France,2025-06-01,Basic,34153.46
2853,Jason Walker,iadams@example.net,Canada,2024-07-11,Premium,49797.55
631,Kimberly Fritz,brandon45@example.org,United States,2020-10-29,Premium,45011.79
1250,Emily Reed,carol66@example.org,India,2023-08-16,Premium,15748.73
3180,Rodney Perry,nathan56@example.org,Italy,2024-11-04,Premium,48405.69
483,Eric Thomas,qwalker@example.net,Sweden,2020-06-21,Basic,42239.92
3041,Nancy Brown,jbartlett@example.com,Norway,2025-09-10,Basic,6751.51
5011,Marcus Blair,medinamelinda@example.net,Sweden,2021-04-14,Basic,16757.44
8728,Scott Pineda,chloevalencia@example.org,Argentina,2022-10-22,Basic,7285.43
7001,Destiny Duncan,erinwilkerson@example.com,United Kingdom,2020-04-04,Premium,48918.6
3274,Debra Chandler,cassandramcpherson@example.org,Italy,2026-06-06,Premium,891.76
7228,Mr. Michael Peters,qwaller@example.org,Norway,2024-06-27,Basic,6859.38
3684,Susan Baker,brooksmatthew@example.net,Japan,2020-04-15,Standard,44503.92
6675,Jennifer Velasquez,ncarter@example.net,Argentina,2025-11-27,Standard,47601.25
6808,David Warner,christinearroyo@example.org,Germany,2022-03-31,Premium,15250.86
9739,Amy Kennedy,michaelrichard@example.org,United States,2023-11-30,Premium,13843.25
1317,Eric Blackburn,francomarcus@example.net,New Zealand,2025-12-26,Basic,8884.28
3226,Lauren Anthony,nwaller@example.org,Spain,2023-03-15,Premium,18034.11
1073,Kristen Peters,alexanderdurham@example.net,Mexico,2022-04-20,Premium,20293.54
4816,Samantha Garcia,barryvincent@example.com,United Kingdom,2020-09-16,Basic,30698.92
8460,Richard Hensley,linda76@example.org,Sweden,2023-10-27,Basic,25659.65
5753,Xavier Hanson,denniswilson@example.net,France,2026-03-17,Standard,4400.63
9146,Nathan Ellison,bradshawangela@example.net,New Zealand,2023-05-20,Premium,48457.99
4617,Julia Maldonado,mendezmadison@example.com,Canada,2021-04-09,Premium,16679.6
3098,Todd Nielsen,garrettreid@example.com,Mexico,2020-01-06,Standard,31747.06
6870,Lindsey Mendoza,wjackson@example.com,United Kingdom,2020-04-17,Basic,37033.18
1301,Cody Smith,jonathan14@example.net,Netherlands,2026-03-07,Standard,46450.31
7286,Donna Wright,james79@example.org,Argentina,2023-10-22,Basic,10500.16
6285,Robert Herrera,michellefranco@example.net,Mexico,2020-01-15,Standard,27206.95
5496,Bethany Liu,masonsalazar@example.net,Mexico,2020-09-17,Premium,12793.09
5292,Leah Collier,wongwesley@example.com,Brazil,2024-06-03,Premium,16235.39
1799,Paul Stephens,graykelly@example.net,Australia,2026-06-01,Basic,16195.17
5204,Michael Leonard,diana28@example.com,United Kingdom,2023-05-08,Basic,9322.85
8228,Jennifer Burgess,rhopkins@example.com,Singapore,2021-05-17,Basic,6902.1
5048,Danielle Hamilton,halepeter@example.net,New Zealand,2024-02-08,Basic,35524.16
6442,Allison Sharp,perkinsmark@example.net,Netherlands,2024-10-10,Basic,17457.86
8106,Thomas Garcia,qjones@example.com,South Korea,2023-12-05,Standard,41737.35
2360,Dana Dodson,johnsoncandace@example.com,Sweden,2024-07-29,Standard,10265.06
9381,Anna Moses,ryansteele@example.org,Singapore,2022-03-09,Basic,8633.1
3655,Erin Stewart,elizabethhunter@example.org,Brazil,2024-03-11,Premium,15035.78
7053,Hector Griffin,nancymartinez@example.com,Norway,2021-01-07,Premium,29768.21
1287,Jacqueline Davis,robertparker@example.org,Spain,2021-07-04,Premium,27169.02
9127,Jacqueline Steele,schmittsara@example.net,New Zealand,2022-12-07,Basic,49867.01
4446,Robert Payne,hchen@example.net,Italy,2025-06-19,Premium,22925.83
2138,Dr. Charles Lawrence,anna16@example.org,Brazil,2026-06-05,Premium,8010.58
6788,Amanda Shelton,kimberly73@example.net,Norway,2020-11-28,Standard,19.48
9753,David Hill,kenneth21@example.org,Argentina,2022-11-18,Standard,21631.43
8511,Nathaniel Gomez,fwiley@example.com,Canada,2022-03-21,Basic,2712.54
9540,Christopher Garcia,jessemyers@example.com,Japan,2023-10-06,Standard,9649.75
6895,Todd Perry,jerryolson@example.org,France,2022-10-31,Premium,24980.48
8570,Ryan Thornton MD,whitakercraig@example.net,Argentina,2025-09-13,Premium,3320.46
7152,Kimberly Hanna,mark19@example.com,Canada,2020-01-08,Premium,9907.71
964,Bianca Knapp,vargaspamela@example.net,Sweden,2021-06-19,Basic,25547.66
6013,Timothy Fletcher,zacharyharris@example.org,Mexico,2026-06-21,Premium,40872.78
4883,Scott Ayers,ystout@example.com,Brazil,2020-10-09,Premium,39040.45
141,Richard Smith,qrodriguez@example.org,Singapore,2022-06-06,Premium,7813.19
9033,Brian White,vincent12@example.org,Australia,2025-08-30,Standard,4369.95
6937,Betty Cole,amanda98@example.org,Japan,2021-10-03,Standard,48058.93
6543,Christine Dillon,ewu@example.com,India,2026-03-13,Premium,39655.73
5244,Ryan Lawson,burnsryan@example.com,Canada,2020-07-22,Standard,977.71
4432,Kiara Preston,dpowell@example.com,United Kingdom,2021-02-07,Basic,961.52
407,William Evans,bowmananthony@example.org,Singapore,2025-11-03,Standard,27444.06
8213,Susan Williams,iwest@example.org,Switzerland,2021-08-09,Basic,33732.98
8377,James Gardner,oryan@example.net,Netherlands,2026-03-09,Basic,4896.62
8628,Michelle Gross,sean14@example.net,Brazil,2021-11-09,Standard,48646.54
8235,Sarah Evans,bridget23@example.org,Mexico,2020-08-14,Standard,49956.23
4400,Diane Brown,markmoore@example.com,France,2021-01-15,Standard,475.96
5253,Dustin Stein,howarddavid@example.org,Brazil,2023-09-03,Basic,16107.15
12,Hannah Patterson,,Spain,2020-07-15,Basic,37964.87
4761,Rachel Sullivan,hhuang@example.com,Netherlands,2020-03-25,Standard,48097.47
1178,Timothy Andrews,kimberlyleon@example.org,Spain,2020-11-14,Basic,45846.14
2864,Wendy Allen,andrearamirez@example.org,France,2024-12-27,Basic,16908.95
6472,Mr. Jacob Moore,huntmegan@example.org,Japan,2026-05-02,Basic,47859.15
6229,Andrea Baker,wsosa@example.com,New Zealand,2024-09-04,Standard,4854.39
2990,Nicholas Fritz,gordonjonathan@example.net,Canada,2026-03-27,Premium,14052.99
7118,Jay Walker,wallen@example.org,Australia,2024-08-23,Standard,3813.47
7011,Jonathan Phillips,kgarner@example.com,Spain,2021-02-26,Premium,27649.06
8558,Marcia Flowers,lroth@example.net,Norway,2023-04-06,Standard,35117.67
1441,Michael Barnes,ydawson@example.net,Singapore,2022-03-29,Premium,46609.27
9748,Kevin Camacho,andrewskrystal@example.com,Brazil,2024-06-14,Standard,49539.71
2876,Bianca Chavez,awhite@example.net,New Zealand,2022-09-24,Premium,2537.81
9099,Martha Dalton,angela23@example.net,Brazil,2021-12-06,Basic,48469.08
8789,Maria Ward,samantha28@example.net,France,2024-10-13,Basic,23944.53
7233,Sara Goodman,josephjohnson@example.org,Germany,2025-11-30,Basic,23185.9
3727,Travis Schmidt,zsmith@example.com,United States,2025-09-08,Premium,47690.04
2773,Tony Smith,laurenstevens@example.com,Spain,2022-01-01,Premium,1365.62
455,Joseph Wilson,snydermorgan@example.net,Spain,2025-10-03,Basic,10552.06
8190,Michelle Santana,amandamclean@example.org,Mexico,2021-06-01,Basic,24731.16
1368,Tammy Melton,kathy45@example.net,Japan,2020-11-19,Basic,6851.07
3713,Steven Scott,victor05@example.net,Italy,2026-05-20,Standard,35716.67
9853,Janice Green,jessecuevas@example.org,Japan,2022-07-06,Premium,49804.23
1389,Robin Johnson,susan86@example.net,Japan,2024-09-26,Premium,24060.62
1001,Kyle Andrade,cberger@example.net,Sweden,2024-01-26,Standard,23112.13
7762,Amy Higgins,eshah@example.org,Brazil,2021-02-01,Standard,35133.55
3554,Eric Silva,xcoleman@example.net,Canada,2025-06-03,Basic,47734.79
4115,Rebecca Estrada,geraldwilliams@example.net,South Korea,2020-03-02,Standard,6221.96
1668,Mark Mills,richardfreeman@example.org,Australia,2025-03-22,Basic,34328.66
3174,Amanda Love,nancy87@example.org,Italy,2025-06-21,Premium,29725.25
9398,Michael Thompson,lopezjeffrey@example.com,Sweden,2024-07-23,Premium,5397.24
489,James Webster,foxrobert@example.net,Brazil,2025-02-10,Premium,15495.65
3231,Dustin Wilson,staceydickerson@example.org,Sweden,2025-11-30,Basic,8894.7
3829,Michelle Howard,jessicalang@example.com,India,2025-08-21,Basic,4309.61
8652,Anthony Garrett,robinneal@example.com,Italy,2022-01-30,Standard,45089.35
5209,Jeanette Garcia,ealvarez@example.net,Mexico,2021-08-03,Premium,8232.27
7849,Mathew Olson,grayerin@example.org,Germany,2022-12-18,Premium,24715.38
5705,Darrell Ibarra,andrewknight@example.org,Netherlands,2021-07-13,Standard,6426.36
9640,John Davis,johnsrichard@example.com,New Zealand,2023-12-02,Premium,47495.76
8134,Bradley Cochran,juliastewart@example.net,Japan,2024-11-30,Standard,41617.93
704,Troy Mills,donnadouglas@example.com,Canada,2021-09-10,Standard,3039.11
5106,Penny West,mmcdaniel@example.com,Argentina,2021-08-13,Standard,41494.88
8894,Monica Torres,jamesamy@example.org,South Korea,2020-02-10,Standard,27003.0
3292,Benjamin Bowen,vincentreilly@example.org,Norway,2023-07-27,Basic,5117.32
8126,Luke Gross,andrewcarter@example.org,Sweden,2021-12-28,Premium,44552.12
9632,Shane Jones,levimosley@example.net,Sweden,2022-11-08,Basic,12484.25
9022,Jennifer Bennett,vegajonathan@example.org,New Zealand,2023-09-14,Premium,40011.69
4910,Rhonda Patterson,sean41@example.org,Singapore,2020-03-11,Basic,41357.64
4441,Matthew Williams,alexis43@example.net,Netherlands,2023-02-21,Basic,45832.08
987,Ashley Malone,gmcdaniel@example.com,Italy,2024-06-04,Basic,6129.26
9237,Alyssa Hopkins,olee@example.com,India,2023-01-17,Standard,25114.47
9884,Rachel Erickson,gjones@example.com,United Kingdom,2024-12-05,Basic,47907.58
7706,Thomas Chang,melissamitchell@example.net,New Zealand,2025-10-11,Basic,42278.0
6258,Todd Sherman,ngeorge@example.com,India,2021-02-26,Premium,18242.61
6090,Jon Green,rachel18@example.com,Japan,2021-04-07,Standard,26530.76
5239,Dana Carter,erinneal@example.com,Singapore,2020-04-03,Standard,26475.56
1199,John Oliver,gallagherdalton@example.org,Japan,2022-02-09,Basic,12008.26
9071,Jennifer Torres,vzimmerman@example.net,Australia,2025-01-22,Basic,35113.62
7520,William Holmes,dbrown@example.org,Spain,2025-03-02,Premium,27769.37
6813,James Rivera,rebecca00@example.com,Brazil,2021-11-30,Premium,18835.46
8321,Valerie Contreras,halealan@example.com,Singapore,2021-09-27,Basic,13269.83
7176,Bianca Ortega,darryl49@example.com,Sweden,2026-02-20,Premium,28993.42
4471,William Todd,david50@example.org,Germany,2026-06-12,Basic,3420.58
892,Melanie Griffith,hestermatthew@example.com,Switzerland,2026-04-25,Premium,47456.47
1970,Melissa Reeves,arthuredwards@example.org,France,2025-06-09,Basic,8001.77
5758,Meagan Patterson,thomas91@example.com,Australia,2026-04-09,Basic,40491.37
6528,Maria Smith,davisstephen@example.org,Singapore,2021-01-25,Basic,37232.29
6295,Mrs. Amy Hale,nicoleclark@example.org,Argentina,2026-05-08,Premium,36057.75
7596,Morgan Barrett,martinmichele@example.net,Netherlands,2022-08-08,Standard,21553.2
3250,Ryan Guerrero,murrayteresa@example.org,Italy,2024-03-13,Basic,7071.59
6571,Carrie Myers,erica72@example.org,Germany,2023-07-16,Premium,25212.1
6639,Tiffany Nelson,amber59@example.net,Germany,2021-12-19,Basic,21182.42
7352,Leslie Torres,sjohnson@example.org,Netherlands,2023-03-17,Standard,16442.63
9173,David Lewis,keithgeorge@example.com,France,2020-10-13,Basic,37147.71
7474,Theresa Mercer,tmay@example.net,New Zealand,2020-11-06,Premium,41941.35
9602,Justin Fowler,gmurphy@example.org,New Zealand,2020-11-18,Premium,15067.97
8674,Keith Nixon,sarah27@example.com,Mexico,2024-10-31,Premium,17665.86
1240,Phillip Miller,vguerrero@example.net,Italy,2026-02-11,Premium,43157.11
2290,Scott Foster,teresawilson@example.com,Argentina,2022-07-14,Standard,38540.15
2741,Sharon Fuentes,jessicagonzalez@example.net,Sweden,2022-06-14,Basic,22522.59
4586,Amanda Swanson,jonathanfox@example.net,Canada,2022-05-30,Basic,44215.06
1230,Laura Sweeney,brandon27@example.com,Sweden,2021-03-20,Basic,5221.98
6981,Daniel Molina,austinscott@example.net,France,2026-08-01,Standard,16514.34
5179,Isaiah Terry,johnsonkathy@example.net,Spain,2024-04-07,Basic,25555.79
4294,Robert Price,christopher63@example.org,Japan,2021-07-30,Standard,8453.47
1059,Brandon Brown,stephen66@example.org,South Korea,2023-02-23,Basic,10629.78
6263,Christian Anderson,charles21@example.org,Norway,2024-07-30,Premium,41207.18
282,Marie Moody,kimberlystevens@example.net,Germany,2024-02-10,Standard,2340.92
969,Joseph Haynes,makaylasmith@example.com,New Zealand,2025-01-24,Premium,11173.12
3954,Emily Winters,dfields@example.org,Argentina,2026-07-17,Standard,30498.35
1940,Michelle Mcdowell,zachary53@example.com,Spain,2022-11-22,Premium,2389.29
8465,Christopher Bell,nataliewilliams@example.com,France,2022-04-01,Premium,6008.35
1275,Randy Wright,bailey73@example.net,France,2025-02-15,Premium,42376.68
620,Katherine Taylor,dana90@example.net,United Kingdom,2022-09-08,Standard,13786.05
8506,Lisa Stevens,robertthompson@example.com,Spain,2025-10-22,Premium,7726.88
1743,Carlos Clarke,kimberly39@example.com,Norway,2022-02-19,Basic,587.72
1391,Mary Miller,davisjacqueline@example.net,Switzerland,2024-11-14,Basic,31721.6
2204,Elizabeth Robbins,justin90@example.net,Brazil,2025-07-19,Basic,1808.11
3569,Shelia Waller,reedleroy@example.org,Netherlands,2020-02-15,Premium,26210.99
6117,Andrea Brown,bryanschroeder@example.com,Mexico,2020-04-02,Basic,35938.63
9971,Jason Roberts,marshallevan@example.org,Netherlands,2025-12-07,Standard,48507.3
6053,Emily Martinez,bakererica@example.net,Mexico,2022-09-18,Premium,17528.85
3179,Cynthia Nguyen,keith04@example.org,Norway,2022-09-11,Premium,31579.96
3193,Nicholas Abbott,cassandra71@example.com,Switzerland,2022-01-06,Standard,5902.13
6100,Toni Galloway,wprice@example.com,South Korea,2022-09-01,Standard,27910.53
7030,Kevin Wood,edwardsdaniel@example.com,India,2021-12-26,Premium,18895.72
576,Leslie Gardner,yball@example.com,United States,2024-11-17,Standard,27355.19
6657,Julie Hill,coltonpowers@example.org,Canada,2020-01-23,Basic,36297.38
7116,Debra Chapman,shannonwheeler@example.org,France,2020-10-23,Basic,35673.66
8803,David Williams,justin32@example.net,France,2022-04-08,Standard,30486.26
6277,Mary Hill,jgordon@example.com,Switzerland,2025-01-31,Standard,10223.18
8985,April Romero,amandanolan@example.org,Brazil,2023-11-03,Standard,12336.71
5898,Maria Weaver,richard53@example.net,Italy,2021-01-04,Standard,13218.97
5725,Scott Lin,vcochran@example.net,United Kingdom,2025-10-22,Standard,35210.29
270,Holly Valentine,smithmarissa@example.net,Japan,2026-03-11,Premium,17916.67
630,Rodney Williams,nicolemoreno@example.org,Brazil,2022-06-28,Premium,24391.23
3082,Tammy Morris,hughesalexis@example.org,India,2024-11-27,Basic,46878.27
3467,Parker Wright,desireewhite@example.net,Norway,2025-03-14,Basic,49374.72
6431,Lisa Salazar,chelseaperez@example.org,Japan,2023-09-25,Premium,30845.23
9312,Melissa Winters,emmacruz@example.net,Singapore,2022-10-01,Premium,18023.99
7063,Emily Parker,wolfegina@example.net,Japan,2021-07-15,Basic,707.03
9728,Samantha Hernandez MD,matthew34@example.net,Canada,2025-02-19,Standard,39174.55
5544,Jennifer Brooks,reedmonique@example.com,Brazil,2024-02-23,Premium,18316.78
4357,James Williams,krogers@example.com,United Kingdom,2025-06-15,Premium,48307.37
2114,Mrs. Amy Watson,nlewis@example.org,Japan,2025-02-27,Basic,42769.25
8220,Matthew Jackson,christopherdeleon@example.net,France,2023-04-04,Basic,13560.71
3217,Heather Cole,nnelson@example.com,Spain,2022-09-28,Standard,33408.46
3815,Michelle Newman,millerbrittany@example.com,New Zealand,2024-05-07,Premium,41506.23
8322,Suzanne Nunez,michael49@example.net,Argentina,2024-09-10,Basic,16221.66
8590,David Anderson,rebeccaadams@example.net,Italy,2024-01-14,Basic,17577.28
2279,Chelsea Nichols,santiagowilliam@example.org,Singapore,2023-02-11,Standard,673.14
4600,Ethan Obrien,bennettzachary@example.net,Singapore,2022-08-06,Premium,11022.12
14,Samantha Garcia,,Canada,2025-04-11,Basic,1914.09
9226,Jason Maddox,davidthomas@example.net,Italy,2025-10-30,Basic,28538.68
1526,Christopher Tate,cassandradiaz@example.org,Canada,2020-05-23,Premium,14540.0
2366,Michael Robinson,zachary10@example.com,Spain,2020-06-17,Standard,3573.89
4649,Mario Green,michellescott@example.com,United Kingdom,2021-04-14,Basic,43781.22
375,Jessica Khan,troy11@example.org,Netherlands,2025-10-29,Basic,14515.44
8522,Tracey Melendez MD,gonzalesheather@example.net,South Korea,2023-09-26,Standard,14997.3
6478,James Raymond,katelyn37@example.org,Norway,2022-03-30,Standard,14868.78
526,Brent Hernandez,wyang@example.net,Canada,2020-01-14,Basic,31074.55
6896,Melissa Johnson,hallsteven@example.net,Japan,2024-07-04,Premium,20077.29
3592,Jeffrey Torres,cynthiabennett@example.net,Mexico,2023-05-01,Basic,39627.97
7905,Tyler Williams,gsmith@example.org,Switzerland,2021-11-07,Basic,42727.1
2959,Chelsea Ramirez,brandonmorales@example.net,Japan,2022-11-17,Premium,16528.84
530,Michael Abbott,pauljones@example.net,Brazil,2021-08-10,Standard,1423.39
3715,Mary Peterson,aolsen@example.net,Germany,2020-03-24,Basic,3548.69
4733,Taylor Espinoza,byrdjames@example.com,New Zealand,2020-12-21,Standard,12906.91
1395,Joshua Clark,ashlee36@example.org,Mexico,2022-06-08,Standard,39529.49
5632,Jennifer Bennett,gwhitaker@example.com,Sweden,2023-09-05,Standard,12808.61
6564,Patricia Wood,jonathan09@example.com,New Zealand,2024-12-17,Standard,29081.09
4704,Angel Hayes,zacharybaker@example.org,Sweden,2023-06-09,Premium,24885.4
1713,Mark Dalton,johnstonmichael@example.org,Mexico,2024-07-21,Standard,15068.16
9756,Nicole Conner,lucaskeith@example.org,Spain,2026-06-19,Standard,44876.93
956,James Rivers,anna34@example.net,United Kingdom,2022-02-09,Standard,20185.32
6676,Danielle Bennett,patrickclark@example.org,Brazil,2025-06-24,Basic,12381.81
3454,Rebekah Cole,lsmith@example.net,Switzerland,2025-03-29,Standard,43188.85
2072,Ronald Kline,maddendesiree@example.org,Sweden,2026-05-17,Standard,31628.34
9741,Jean Ward,jacksonmary@example.org,Spain,2025-11-30,Premium,2136.12
159,Jordan Bates,michealallen@example.net,Japan,2020-08-06,Standard,22589.17
7006,Dr. Daniel Sweeney,woodkenneth@example.net,France,2026-01-05,Basic,43186.31
353,Todd Moore,oclayton@example.com,Canada,2022-04-02,Basic,43013.74
6079,Travis Walters,heidimcdaniel@example.com,Canada,2024-06-19,Standard,23493.2
6237,Vanessa Reed,fmullins@example.net,Germany,2022-03-08,Standard,2917.35
2921,Francisco Gonzalez,epope@example.org,Netherlands,2024-09-07,Premium,6424.41
4645,Tammy Lopez,kathleenblackwell@example.com,Netherlands,2024-06-25,Basic,19159.11
662,Timothy Hill,mary36@example.com,India,2025-05-06,Basic,47797.26
7058,Taylor Howard,carrie66@example.org,Australia,2020-04-21,Basic,19106.02
3666,Nicole Stewart,ili@example.org,Brazil,2023-07-13,Standard,34918.95
7980,Victor Lewis,carl96@example.net,India,2022-07-02,Standard,18875.86
307,Dawn Mullins,calvin37@example.org,Canada,2025-07-18,Premium,41406.81
4791,Molly Mckenzie,bishopcindy@example.com,Brazil,2026-07-07,Basic,36248.86
2357,Jennifer Smith,kristinmccormick@example.net,Mexico,2021-06-13,Basic,33078.72
1928,Sarah Bates,tracey73@example.net,Canada,2021-07-22,Standard,7850.18
9940,Sarah Brock,tpotts@example.org,Brazil,2026-06-30,Standard,35300.1
3428,Elizabeth Miller,dicksonkatie@example.com,France,2025-07-28,Premium,40160.94
3639,Sarah Miller,heather39@example.com,Germany,2021-04-20,Basic,19230.2
1267,Joseph Lopez,jacob98@example.com,Spain,2021-05-11,Basic,45932.03
1561,Christopher Hicks,victor19@example.org,Italy,2024-08-15,Basic,13858.1
7180,Eric Walker,tamara68@example.org,France,2024-09-25,Standard,22281.2
4110,Darlene Dixon,dsmith@example.org,United States,2025-03-01,Standard,3209.19
7868,Jennifer Sanchez,patelmark@example.net,Spain,2025-08-08,Basic,32043.07
4905,Kaitlyn Brown,andrea25@example.org,Switzerland,2024-12-03,Basic,7665.2
7295,Julie Daniels,laurawolfe@example.org,France,2022-10-12,Premium,48935.88
515,Katherine Stark,michelestrong@example.org,France,2020-10-14,Standard,36972.42
895,Laura Lee,bondrobert@example.com,Italy,2022-08-31,Basic,8149.39
22,Allen Rosales,,Japan,2020-04-16,Standard,46662.11
900,David Stokes,foxnancy@example.org,Sweden,2024-07-29,Basic,39911.87
208,Paul Wilson,lewiseric@example.net,South Korea,2022-09-10,Basic,23690.24
459,Robert Cummings,ihuffman@example.com,United Kingdom,2020-01-07,Standard,43697.43
2431,Nancy Allen,michaellucas@example.org,Norway,2020-12-10,Standard,29707.33
8443,John White,orodriguez@example.org,India,2021-09-01,Premium,8628.85
3390,Tracy Wang,kochbenjamin@example.org,New Zealand,2025-09-15,Standard,24862.41
3912,Cory Barrett,vanessasimmons@example.org,Australia,2022-10-10,Basic,16286.39
5384,Darren Morse,huntamanda@example.com,Japan,2026-04-07,Standard,7671.09
553,Christian Dawson,fcastro@example.net,South Korea,2021-10-16,Basic,26021.26
3145,Kathleen Roy,kellyleah@example.org,South Korea,2026-02-25,Premium,35556.51
6918,Kyle Mccarthy,sonyablake@example.net,United Kingdom,2021-09-14,Premium,35212.44
2057,Steven Butler,maxgarcia@example.net,Canada,2024-05-19,Premium,40681.26
1926,Heidi Baldwin,joseph98@example.net,Germany,2022-10-24,Standard,1187.68
635,Patricia Young PhD,turnerkristin@example.org,Argentina,2023-06-14,Basic,7521.51
6083,Kimberly Taylor,kfarmer@example.org,Switzerland,2025-07-03,Premium,2535.09
9271,Anthony Harris,gilmorejennifer@example.net,Australia,2025-03-05,Standard,34473.18
9679,Charles Baird,rcarpenter@example.com,Japan,2025-05-06,Basic,19376.27
106,Nathan Malone,tanya65@example.com,Canada,2027-07-09,Basic,19679.46
3042,Charles Yang,fjones@example.com,Argentina,2023-03-22,Premium,32811.52
1710,Nicole Johnson,mmiller@example.org,United States,2025-12-05,Premium,26013.94
90,Diane Evans,justtext039,Norway,2024-03-04,Basic,43646.18
7015,Casey Hardy,fullermichael@example.com,India,2021-08-21,Premium,12058.1
3175,Miguel Green,bradybrown@example.com,Spain,2022-06-11,Basic,1808.94
918,Curtis Watson,katherine59@example.net,Australia,2021-02-23,Premium,23138.03
7834,Daniel Phillips,robertshepard@example.org,France,2021-12-12,Basic,36176.87
6733,Danielle Mcconnell,ybautista@example.org,Australia,2024-04-13,Premium,48596.79
1950,John Moss,gina37@example.com,Australia,2025-08-29,Premium,20924.32
6369,Ronald Marshall,amy35@example.org,Mexico,2021-08-17,Standard,18145.31
2,Christian Martinez,,Netherlands,2020-02-10,Basic,25793.19
8033,Roger Johnson,gwendolyn71@example.org,Norway,2023-10-02,Standard,24718.32
6048,Maureen Lee,mcraig@example.net,Brazil,2023-08-07,Premium,36704.0
2721,Meghan Hernandez,cpitts@example.org,France,2023-09-06,Basic,19192.56
9813,Ashley Glenn,vparks@example.com,Canada,2025-11-04,Premium,11967.39
3118,Nancy Tran,xsmith@example.net,Spain,2022-06-13,Premium,10706.41
9466,Rebecca Mccarthy,danielsamy@example.com,New Zealand,2020-10-26,Standard,10836.49
3763,Ashley Norman,hilladam@example.com,South Korea,2022-03-15,Premium,31130.9
214,James Padilla,mckenzie26@example.org,Germany,2021-07-17,Premium,44289.12
779,Renee Wolfe,warren28@example.com,Singapore,2025-04-22,Basic,21060.18
3497,Daniel Mercer,santosleah@example.com,Japan,2020-04-30,Standard,10056.16
8818,John Brown,christine09@example.com,United States,2021-03-21,Basic,14907.14
2044,Jessica Garrett,tbrown@example.net,South Korea,2020-08-11,Premium,49688.31
5421,Melissa Wolf,josephparker@example.com,Singapore,2022-07-19,Basic,47316.87
6155,Stephanie White,michaelfleming@example.com,Argentina,2022-10-10,Premium,22491.36
8358,Karen Rodriguez,khart@example.org,New Zealand,2025-12-01,Standard,49643.09
8708,Morgan Boone,robertfisher@example.com,Switzerland,2024-01-18,Standard,7402.45
8466,Charles Pham,oadkins@example.com,Switzerland,2020-12-30,Basic,641.35
4168,Robert Johnson,chasejoel@example.org,Mexico,2023-10-02,Basic,1941.95
3789,Nicole Chung,fjohnson@example.com,Brazil,2021-05-10,Premium,25810.52
584,Melissa Stephens,sjones@example.net,South Korea,2021-04-21,Basic,42008.04
9912,Jeffery Williams,emilystark@example.com,Mexico,2022-10-26,Standard,13570.88
9987,Steven Weeks,teresa78@example.net,South Korea,2022-08-28,Standard,33757.07
112,David Smith,stewartjeanne@example.com,United Kingdom,2024-06-30,Basic,19623.0
6645,Aaron Ayers,reeddawn@example.org,Germany,2022-11-11,Basic,13743.9
9034,Matthew Jennings,neil52@example.com,United Kingdom,2023-09-16,Standard,49886.89
9952,Roger Greene,tyler43@example.com,India,2020-05-05,Standard,8798.41
8960,Alexa Smith,mbrown@example.org,Brazil,2024-12-07,Basic,42211.66
1764,Lauren Walker,dduke@example.net,Mexico,2024-08-20,Basic,11485.59
1876,Ana Torres,peterwagner@example.com,Sweden,2024-06-12,Premium,16582.71
3225,Glenn Elliott,debralevy@example.net,France,2023-04-18,Premium,8253.62
527,Joseph Ochoa,saragreen@example.org,Germany,2022-08-13,Standard,47346.43
7726,Ashley Williams,erin91@example.org,France,2025-10-23,Standard,26999.51
2947,Vanessa Morris,kathleen87@example.net,France,2020-09-16,Premium,33442.39
4474,Christy Lee,sean46@example.net,Germany,2021-11-09,Premium,47941.32
5656,Christopher Smith,joseph88@example.org,United Kingdom,2024-07-04,Premium,37910.74
6060,James Morales DVM,taylordanielle@example.org,Sweden,2025-05-19,Premium,24158.6
960,Caitlin Perry,michaelestrada@example.org,Sweden,2026-07-13,Standard,36063.1
6343,Laura Roberts,brownnicholas@example.org,Sweden,2024-03-31,Basic,2978.94
3634,Alexis Kim,james10@example.org,New Zealand,2025-12-07,Standard,42633.54
1051,Steven Lee,kgutierrez@example.org,United States,2021-07-13,Standard,28979.24
3381,Ryan Caldwell,hdavid@example.net,Japan,2024-09-24,Premium,18335.68
3677,Michael Farmer,cooperchristina@example.org,Singapore,2023-11-30,Basic,39970.31
5777,Richard Burke,taylor81@example.com,Australia,2024-03-11,Premium,36130.33
9046,Amy Lee,jenniferdavila@example.net,Spain,2026-05-01,Premium,38177.48
6574,Joseph Green,lisadixon@example.com,New Zealand,2025-12-03,Basic,29261.2
5180,Michael Bell,scott55@example.com,Switzerland,2022-01-22,Standard,34131.76
1608,Alexander Davis,foxann@example.net,Argentina,2021-06-17,Standard,12029.91
3611,Erika Castro,christine92@example.net,United States,2025-04-20,Basic,980.49
9759,Jennifer Jones,bmay@example.org,India,2022-06-13,Premium,30848.8
6636,Melissa Short,courtney47@example.net,India,2026-05-05,Basic,2220.83
9998,Jon Hickman,belliott@example.com,Mexico,2022-01-18,Standard,39474.67
792,Travis Conner,ywoodard@example.net,Norway,2024-10-12,Premium,8934.35
3057,Michael Rodriguez,donaldrice@example.net,Canada,2025-02-05,Premium,7738.34
1981,Andrew Anderson,cherryalexander@example.com,Argentina,2023-08-05,Basic,44867.85
3599,Sarah Bishop,taylorandrew@example.net,Germany,2024-11-17,Premium,12316.33
934,Jennifer James,christopher43@example.com,Canada,2024-07-25,Standard,44651.79
7425,George Taylor,briancox@example.org,United States,2020-11-27,Basic,10773.53
5627,Katie Walters,kellybond@example.org,New Zealand,2023-01-01,Premium,20518.72
1683,Steven Griffith,diazcraig@example.com,Netherlands,2024-02-13,Basic,27181.89
4180,Andrew Freeman,anne71@example.net,France,2024-08-02,Standard,5934.91
6447,Tyler Richard,nthompson@example.org,Sweden,2023-11-06,Basic,15613.33
4117,Andre Williams,donna35@example.org,Netherlands,2021-09-25,Premium,10118.33
989,Dorothy Boyd,gmeyer@example.org,Sweden,2020-03-13,Premium,23304.94
2897,Teresa Adams,smurphy@example.com,Spain,2023-01-07,Standard,43764.9
3779,Jimmy Ritter,lthomas@example.org,Italy,2021-03-12,Standard,19481.27
5659,Laura Walton,larry95@example.net,Spain,2024-01-10,Basic,13615.01
3094,Austin Patterson,james90@example.net,South Korea,2024-06-13,Standard,26487.03
3156,Kenneth Carroll,kimberly09@example.com,Switzerland,2023-10-02,Premium,49560.99
1824,Hannah Martin,moorejacqueline@example.net,India,2026-07-20,Premium,33984.55
9623,Christopher Houston,bgarner@example.net,Mexico,2025-06-16,Premium,35212.64
1099,Reginald Diaz,meganmullins@example.org,Argentina,2022-08-20,Standard,4567.31
2845,Kurt Daniels,josephguzman@example.com,Australia,2021-07-17,Premium,27747.98
3343,Laurie Miranda,sherri11@example.net,Mexico,2020-02-07,Basic,24332.32
39,Melissa Martinez,,Italy,2021-10-08,Standard,37182.57
6541,Devon Davis,karenthompson@example.net,Spain,2024-07-05,Basic,17790.99
9474,James Rhodes,ethanyoung@example.org,France,2026-04-22,Standard,9661.63
3357,Katherine Mccormick,deborah41@example.com,Sweden,2023-09-24,Premium,23780.09
7814,Rebecca Lambert,baileylynn@example.org,Norway,2024-08-10,Premium,42003.03
8221,Juan Bradley,jenna71@example.com,Mexico,2023-07-11,Premium,24231.4
9228,Marcia Lin,ericbriggs@example.net,Canada,2022-01-08,Standard,25253.41
2429,Miranda Hicks,arice@example.net,Canada,2023-03-24,Basic,37760.37
5044,Elizabeth Brown,anthonystanton@example.org,Mexico,2024-12-31,Basic,49584.8
5347,Joseph Dougherty,danielguerrero@example.net,Germany,2022-09-04,Premium,14322.19
4812,Jennifer Ferguson,makaylarogers@example.net,United States,2026-01-15,Basic,41160.72
8477,Kimberly Kennedy,hmartinez@example.org,Italy,2022-01-04,Basic,17785.53
687,Vanessa Hatfield,floyddanielle@example.org,France,2023-04-11,Premium,24770.78
4800,Daniel Ferrell,sandra45@example.net,Brazil,2020-09-29,Basic,26640.28
7438,Vincent Reeves,hopkinsjessica@example.org,Italy,2023-02-03,Premium,32512.76
2354,David Hunter,natalie04@example.com,Sweden,2021-03-22,Standard,32707.17
6354,Desiree Jimenez,brandoncooper@example.org,Germany,2024-05-22,Standard,38738.39
4570,Jennifer Esparza,rjohnson@example.org,Canada,2023-01-20,Standard,47177.41
8214,Heather Gordon,chudson@example.org,Spain,2024-03-02,Basic,25484.34
2753,Richard Dominguez,alyssa10@example.com,France,2022-09-24,Basic,29125.64
8074,Shawn Patel,roblesmatthew@example.com,New Zealand,2024-11-15,Basic,6487.14
1041,Anna Walker,meganwest@example.net,Spain,2021-10-05,Basic,43677.65
7492,Samuel Bowman,xgray@example.net,France,2025-09-27,Basic,2762.67
1266,Chelsea Smith,pwilliams@example.net,Australia,2026-03-30,Basic,29934.03
9266,Patricia Brewer,pamelawright@example.org,Sweden,2023-01-12,Basic,32619.24
7060,Nancy Black,greenmatthew@example.com,Singapore,2026-07-02,Basic,48102.35
278,Courtney Hayes,beverlyflores@example.org,New Zealand,2024-01-08,Basic,13283.93
5085,Samantha Noble,gutierrezjames@example.com,Australia,2025-04-19,Standard,21940.37
2383,Eric George,freemanmitchell@example.org,Switzerland,2024-10-24,Premium,37373.89
572,Vincent Novak,phillipsrobert@example.net,South Korea,2024-02-19,Basic,35732.05
1436,Jack Mills,thomas20@example.net,Spain,2021-03-10,Premium,6998.89
5353,Tiffany Davis,jamiesanders@example.com,Italy,2023-08-13,Basic,46441.67
5446,Omar Johnson,nsmith@example.org,Netherlands,2020-02-16,Premium,45270.63
1008,Christina Weber,kathleencervantes@example.net,Spain,2024-01-14,Premium,44331.68
4544,John Kim,ochoatroy@example.com,Australia,2026-07-23,Premium,2839.71
8817,Nicholas Sanders,doylemary@example.com,France,2023-07-02,Premium,475.09
2065,Morgan Flynn,katherineramirez@example.com,United Kingdom,2022-10-01,Standard,28580.05
1137,John Mendez,shauncannon@example.com,Switzerland,2020-02-26,Premium,40167.19
5344,Julie Thompson,jenniferhill@example.net,Australia,2020-03-23,Standard,20116.99
295,Katie Mcneil,kaylayoung@example.org,New Zealand,2023-11-12,Basic,34899.72
2404,Lisa James,yrivera@example.org,South Korea,2024-01-21,Premium,31900.88
3999,Christina Reese,jessepark@example.net,Spain,2025-03-27,Basic,34742.38
3742,Desiree Stafford,kennethgriffin@example.com,Netherlands,2026-03-08,Standard,29085.59
9223,Molly Graves,rbowman@example.com,Canada,2026-06-15,Basic,10292.09
2720,Cassandra Moreno,larry45@example.com,Norway,2023-12-24,Premium,15031.55
9200,James Kim,robinsoncharles@example.com,Sweden,2026-05-22,Standard,12082.5
5151,Pedro Greene,sean63@example.net,New Zealand,2024-12-06,Basic,6367.25
2809,Nicholas Lowery,phillip55@example.com,India,2021-06-28,Premium,40213.72
557,Jerry Peters,stevensonjonathan@example.com,Switzerland,2024-05-24,Standard,15864.57
8926,Cassandra Frey,cbutler@example.org,India,2022-01-23,Premium,24629.27
4796,Jesse Davis,jennifer25@example.com,Sweden,2022-12-25,Basic,2420.13
2470,Cole Andersen,ubrown@example.com,United Kingdom,2025-01-27,Standard,16450.23
3739,Tiffany Sanchez,kyle67@example.org,France,2025-10-04,Basic,28575.87
4287,Sara Obrien,ncastro@example.net,Singapore,2021-06-08,Standard,30278.41
2605,Joshua Miranda,paul61@example.net,Switzerland,2026-04-16,Premium,49801.13
363,Morgan Valencia,johnathan63@example.net,Germany,2022-09-26,Premium,3285.45
6925,Nathan Willis,erica16@example.com,Canada,2025-09-20,Basic,26255.87
1705,Samantha Chavez,zsmith@example.com,Italy,2020-03-26,Premium,45298.17
2140,Robert Burns,vlambert@example.com,Norway,2023-01-04,Standard,39198.96
3240,Kelly Guerra,smithmichael@example.net,Brazil,2020-10-09,Standard,21774.23
2384,Mrs. Kimberly Mooney,xjohnson@example.net,Germany,2022-05-25,Standard,26559.76
7315,Ariel Taylor,manderson@example.org,Australia,2023-04-07,Basic,35192.45
4312,Cassandra Martinez,alexisrodriguez@example.net,Sweden,2021-07-30,Basic,22472.79
1313,Steve Miller PhD,uwelch@example.com,Italy,2020-02-19,Standard,43286.64
3931,Crystal Morales,ntucker@example.com,New Zealand,2024-08-03,Premium,29550.16
6184,Bethany Gonzalez,anthony27@example.com,Brazil,2021-05-26,Standard,26469.73
1592,Audrey Jackson,reillykatelyn@example.net,India,2022-01-06,Basic,37240.12
9388,Richard Brown,montgomerymelissa@example.net,Switzerland,2020-05-02,Basic,10226.16
2163,Charles Scott,harold45@example.com,New Zealand,2022-12-15,Basic,49312.39
2397,Linda Bautista,garcialinda@example.com,United States,2025-10-27,Premium,34668.47
318,Heather Bolton,millercatherine@example.org,Switzerland,2026-07-10,Standard,16297.74
5234,Tony Moore,kmercado@example.com,Mexico,2024-08-21,Basic,39614.36
5069,Tamara Gonzales,stephanie29@example.net,United States,2021-04-14,Basic,9396.85
4037,Andrea Morris,samantha76@example.org,Germany,2020-08-29,Basic,13032.96
3021,Annette Green,oconnellmelissa@example.com,United States,2023-05-02,Premium,8617.88
8229,Gregory Green,tarmstrong@example.com,Argentina,2022-08-27,Basic,31304.58
5296,Terri Cisneros,vbrown@example.net,South Korea,2025-09-14,Premium,3970.89
3973,Michael Rush,justin63@example.org,Germany,2024-12-24,Basic,11154.86
5371,Robert Shepherd,mwarren@example.net,United States,2021-04-08,Basic,28840.05
4134,Tina Walter,dsmith@example.com,Brazil,2025-09-14,Standard,1468.41
975,John Allen,vmcmillan@example.net,New Zealand,2023-06-30,Basic,13599.07
7292,Frank Todd,martinezholly@example.com,Brazil,2022-11-29,Basic,17907.32
955,Anna Briggs,gkim@example.com,Netherlands,2021-07-25,Basic,41074.51
9307,Christine Ramos,richardgreen@example.net,United Kingdom,2021-12-21,Premium,38614.92
5017,Melanie Garrett,nashjames@example.net,Italy,2021-10-14,Basic,17795.31
9731,Kristin Lopez,romerostacy@example.org,Singapore,2023-02-03,Premium,23501.12
7491,Margaret Terry,shermankaitlyn@example.org,India,2025-02-28,Basic,42364.71
1641,Corey Cortez,frances83@example.com,India,2020-10-02,Premium,4930.77
1291,Beth Hall,emurphy@example.net,Australia,2026-04-26,Premium,4715.53
1381,Ariana Stewart,freemansara@example.org,India,2022-07-25,Basic,28108.21
1934,Dawn Davis,debra88@example.org,Italy,2023-07-26,Standard,25522.59
4676,Deanna Edwards,mcdanielnathan@example.net,Netherlands,2025-06-01,Premium,28859.4
893,Yolanda Green,baxteralyssa@example.net,United States,2024-01-24,Standard,25175.15
7288,David Mora,christopher80@example.com,Mexico,2023-10-02,Standard,40465.66
4877,Michael Moon,shermanpaula@example.org,Australia,2022-07-16,Basic,21002.4
7907,Lauren Marshall,qjohnson@example.com,Argentina,2022-03-31,Premium,43949.68
8195,Margaret Shaw,zwilson@example.com,New Zealand,2022-07-26,Premium,17935.91
9380,Adam Riddle,jennysanchez@example.net,Spain,2025-08-11,Standard,21869.32
2467,Sheila Ramirez,vandersen@example.com,Singapore,2022-08-21,Basic,45920.97
7658,Angela Wilson,annette74@example.org,New Zealand,2021-09-22,Standard,4394.97
1914,Tony Ramsey,melissaescobar@example.net,New Zealand,2021-03-12,Premium,33277.67
2737,Melissa Goodman,abigailforbes@example.com,Switzerland,2021-07-27,Standard,34088.91
727,Danielle Smith,robert13@example.net,Brazil,2020-05-31,Premium,37181.41
7215,Donna Dunn,qruiz@example.org,Japan,2022-01-30,Standard,29643.84
8246,John Hunt,kfrye@example.com,Canada,2025-05-28,Premium,497.29
1797,Joseph Mayer,fritzjulia@example.org,United States,2026-06-18,Premium,6278.71
3846,Marc White,donaldparker@example.net,France,2026-07-05,Premium,28807.16
6403,James Hood,dickersonscott@example.org,France,2023-10-24,Standard,20401.89
937,Mary Nelson,thomastran@example.org,Sweden,2026-02-14,Premium,13114.93
2266,Amanda Johnson,collinsmichelle@example.com,Italy,2022-03-05,Premium,24685.56
825,Edgar Miller,david39@example.org,Argentina,2021-02-21,Basic,29444.09
7275,Chad Escobar,wstark@example.net,Australia,2025-08-27,Standard,18069.86
1390,Diana Hernandez,walterssuzanne@example.org,Mexico,2020-04-26,Standard,15927.2
3565,Rachel Warren,zavalaanthony@example.net,United States,2026-01-10,Standard,46790.79
5430,Thomas Holloway,christine91@example.org,Australia,2026-06-12,Basic,29274.14
7828,Brett Stephens,patricia62@example.org,Canada,2025-02-20,Standard,15395.38
5691,Michael Watkins,vcosta@example.com,Canada,2021-05-21,Premium,2143.01
7879,Colin Vega Jr.,zdavis@example.org,Canada,2021-12-13,Premium,30600.55
1869,Wesley Jensen MD,tonya93@example.com,Sweden,2025-03-26,Premium,26276.44
8203,Joshua Ellis III,obrienadam@example.com,Switzerland,2021-08-06,Basic,20097.46
7487,Christine Mullins,elizabeth49@example.com,Switzerland,2024-05-03,Basic,29372.93
807,James Oconnor,colekirk@example.org,Singapore,2025-07-17,Standard,44081.28
4806,Steven Gardner,bhenry@example.com,Brazil,2023-06-13,Basic,31436.88
9153,Julia Ruiz,lhardy@example.org,Switzerland,2020-08-24,Premium,36870.33
7512,Thomas Black,david79@example.com,India,2024-12-29,Basic,42117.27
8057,Stephen Shaw,ganderson@example.org,India,2022-08-14,Premium,29474.32
4495,Lindsey York,james71@example.net,Switzerland,2021-12-08,Basic,27327.83
2633,Danielle Hernandez,sullivanalfred@example.net,Norway,2020-03-29,Premium,20887.74
8901,Charles Dougherty,jason91@example.org,United Kingdom,2025-11-10,Standard,38276.84
8624,Kathryn Garcia,xbaker@example.com,Brazil,2023-10-23,Premium,10908.38
7833,James Snyder,odoyle@example.net,Norway,2023-07-15,Premium,35406.62
4389,Alejandra Fernandez,danielmontoya@example.org,Switzerland,2025-10-09,Premium,5651.35
146,Connie Brown,lroberson@example.net,Italy,2023-03-28,Basic,38426.64
6468,Richard Potter,burgessrose@example.net,Australia,2023-12-14,Standard,44478.96
2034,Cody Burgess,christine09@example.net,Brazil,2024-10-21,Premium,2782.67
9128,Joseph Jenkins,munozchristine@example.net,Australia,2021-02-28,Basic,5119.44
1166,Miss Kelly Dawson,christopher23@example.org,Switzerland,2022-05-21,Basic,20878.33
2051,Michelle Petty,bpham@example.com,Netherlands,2025-10-22,Basic,10499.72
3761,Brian Shaffer,gparker@example.net,Germany,2021-07-21,Basic,9646.33
4436,Amanda Cook,andrew52@example.com,Australia,2022-02-09,Basic,16606.88
3431,John Cooper,joangarcia@example.com,United Kingdom,2023-10-26,Premium,6980.17
8191,Ashley Robinson,robin94@example.org,Canada,2024-01-05,Premium,41635.9
8754,Jessica Berry,kelly51@example.net,Germany,2022-05-04,Basic,43795.31
7070,Jeremy Brown,gpugh@example.net,Australia,2021-04-26,Premium,39618.46
4362,Deborah Webb,millerjohn@example.net,Italy,2024-01-13,Basic,29416.25
1772,Anita Luna,bryanjackson@example.org,Brazil,2020-01-07,Standard,4494.75
3512,Joanna Bradshaw,uparker@example.org,Spain,2021-11-05,Standard,5727.09
272,Tracy Montoya,wattslisa@example.net,Japan,2026-04-28,Standard,1790.63
8437,Jennifer Robinson,alyssa23@example.com,Japan,2025-06-13,Premium,9045.73
2033,Vincent Savage,terrymichael@example.com,Italy,2025-07-13,Premium,8903.06
9665,Kevin Cain,andrew19@example.org,Netherlands,2026-07-04,Standard,20109.24
3811,Victoria Wright,harrisrobert@example.org,New Zealand,2021-12-25,Standard,49449.58
4347,Daniel Meyer,fieldsmary@example.org,France,2020-06-26,Basic,47621.38
546,Jeffrey Roberson,christina97@example.net,United States,2022-03-24,Premium,47214.79
3242,Jill Reynolds,josephhunter@example.org,New Zealand,2022-10-15,Premium,2559.98
8503,Sharon Rogers,joseph91@example.net,United Kingdom,2023-10-17,Basic,44088.59
9919,Sherry Oliver,cookdavid@example.net,Brazil,2025-02-25,Standard,5582.35
7565,Jamie Bond,andersonbryan@example.net,Switzerland,2025-06-15,Premium,32560.99
921,Michael Cooper,chad39@example.com,Singapore,2023-10-20,Basic,29430.22
9119,Kaylee Lewis,cheyenneguerra@example.net,United States,2021-03-18,Premium,20627.99
6641,Sharon Blake,irobertson@example.net,India,2024-04-01,Standard,20984.78
7695,Kaitlyn Warren,christophercook@example.net,United States,2022-01-03,Standard,35987.28
8231,James Gilbert,btaylor@example.org,Spain,2024-09-17,Premium,16898.68
7127,John Anderson,david21@example.net,France,2023-07-19,Standard,41909.08
4279,Brian Allen,druiz@example.org,Brazil,2023-07-09,Basic,39892.58
2984,Sarah Wheeler,valerie71@example.org,Spain,2026-04-30,Premium,47856.11
131,Maria Parker,johnsantos@example.com,Mexico,2022-08-18,Basic,10788.64
7981,Rebecca Tapia,hannahcastillo@example.com,Germany,2024-02-29,Standard,42290.56
2668,Melissa Yang,gmontgomery@example.org,South Korea,2023-10-25,Standard,14882.46
7139,Karen White,christian23@example.com,South Korea,2021-03-05,Premium,35744.41
3224,Theresa Davis,jaredfrazier@example.org,Japan,2025-12-14,Premium,37880.12
7694,Christian Valencia,rsuarez@example.org,Norway,2021-07-03,Premium,26682.12
5393,Michael Cross DDS,maria63@example.com,Sweden,2020-12-13,Standard,46809.01
615,Cesar Wilson,uolson@example.net,France,2025-11-18,Basic,38619.97
9903,Daniel Rodriguez,anthony61@example.com,France,2024-03-08,Standard,49662.49
1467,Justin Stone,millerjuan@example.org,Germany,2021-02-11,Basic,33517.76
4498,Robert Hall,deanjohn@example.net,Japan,2026-06-05,Premium,24686.15
3043,Danny Lowe PhD,gloria33@example.net,Japan,2022-07-22,Standard,46801.26
2420,Jesse Brooks,qanderson@example.org,Norway,2026-03-20,Basic,25396.67
5086,Larry Fritz,dmcclure@example.net,United Kingdom,2024-08-24,Standard,24468.44
3295,Rebecca Lee,samantha01@example.com,Singapore,2024-10-04,Standard,18107.96
6738,David Ayers,sierra23@example.com,United Kingdom,2022-12-22,Standard,36581.5
1501,Linda Miller,rwall@example.com,Australia,2020-06-30,Basic,13108.99
1522,Lisa Durham,zberg@example.net,Mexico,2023-12-26,Premium,49525.7
9118,Angela Nelson,julie05@example.net,Japan,2020-01-27,Basic,44446.09
4233,Steven Thomas,timothywilliamson@example.net,France,2022-08-19,Standard,43247.79
7687,Kimberly Carson,trevormedina@example.org,Spain,2026-07-09,Premium,24576.66
4431,Matthew Doyle,cookjessica@example.com,Japan,2021-01-02,Standard,29207.7
391,Molly Watts,lauren38@example.org,Spain,2025-02-08,Standard,43723.36
9859,Jon Burke,diazkeith@example.net,Canada,2025-06-21,Basic,25171.99
7125,Stephen Taylor,bscott@example.com,Argentina,2024-02-15,Standard,21425.67
5914,Michael Scott,deborah54@example.net,United Kingdom,2024-12-27,Premium,21752.07
8593,Dr. Tyler Adams DVM,steven01@example.org,Switzerland,2025-02-04,Basic,1529.35
4807,Kevin Barber,fbrown@example.net,Mexico,2021-04-10,Basic,7604.98
8955,Jacob Day,simskathryn@example.com,Australia,2025-07-04,Standard,6628.94
8239,Holly Williams,heatherortiz@example.net,Germany,2025-02-11,Premium,6837.79
8045,William Mcbride,hamiltonmark@example.com,Switzerland,2021-03-21,Basic,48428.97
9783,Adam Evans,hernandezbrent@example.com,Singapore,2023-04-26,Basic,17153.33
3994,Sharon Smith,ufranklin@example.org,France,2024-08-01,Basic,7397.66
9552,Mary Murray,jaime88@example.com,Argentina,2025-03-25,Standard,1996.02
6610,Amy Wong,josephmyers@example.com,Switzerland,2025-07-18,Basic,18764.13
5320,Laura Guerra,zflores@example.net,Australia,2024-04-07,Basic,10948.73
7120,Sean Mendez,gwilliams@example.org,France,2020-11-14,Premium,29194.65
2422,Christopher Lopez,collinsdebra@example.com,South Korea,2020-12-08,Premium,36040.05
5605,Cindy Young,leediana@example.com,Germany,2021-02-02,Premium,43612.7
1751,Cody Hart,duanemclean@example.com,Canada,2022-04-05,Basic,18112.45
9016,Jessica Porter,shernandez@example.com,Canada,2022-05-03,Premium,11280.5
9719,Marissa Choi,johnsmith@example.com,Japan,2022-06-04,Premium,496.48
339,Allison Spencer,matthew79@example.com,Argentina,2024-08-22,Standard,25776.56
8408,Judith Glenn,joanmartinez@example.org,United States,2024-12-30,Premium,3101.93
1342,Laura Velez,alvaradojack@example.org,Canada,2020-09-11,Premium,31519.98
9545,Erica Manning,xvelez@example.com,India,2026-06-13,Premium,43000.75
7983,Mr. Jeffrey Nguyen,dixonruth@example.com,United States,2026-02-08,Basic,5553.24
3641,Pamela Jordan,markbuck@example.net,Australia,2022-04-25,Premium,26984.38
330,Zachary Mitchell,omay@example.org,Australia,2024-12-14,Basic,10665.9
8829,Brian James,terrellcindy@example.org,France,2023-09-02,Standard,47265.54
3005,Joseph Cooper,moorestephanie@example.com,Brazil,2025-04-26,Standard,20690.53
6961,Christian Snow,aestrada@example.net,Argentina,2023-01-24,Standard,38310.19
4091,Kathryn Morris,tiffany59@example.com,Canada,2022-06-27,Standard,22384.58
2323,Sharon Baird,kyle43@example.org,New Zealand,2021-01-05,Premium,46683.64
6668,Samantha Washington,albert40@example.org,United Kingdom,2026-04-28,Basic,27041.23
7010,Ms. Stephanie Duran,joseph49@example.com,South Korea,2024-07-26,Premium,40147.26
4198,Crystal Wallace,ksnyder@example.com,Germany,2025-04-07,Basic,37868.75
3550,Mark Alvarez,calvinburns@example.com,Italy,2020-11-24,Premium,7192.26
8364,Anthony Evans,danielheath@example.com,Germany,2025-03-18,Standard,33854.1
4204,Douglas Grant,brichardson@example.org,France,2020-12-27,Standard,3127.58
9311,John Smith,colleenford@example.com,Canada,2026-02-28,Premium,22868.61
8937,Veronica Sweeney,nancypreston@example.org,India,2023-01-28,Standard,47047.7
6186,Debra Blackburn,aprilvasquez@example.org,France,2021-03-21,Standard,16858.17
1640,Mark Moss,alyssa06@example.net,Argentina,2026-06-14,Standard,41600.69
61,Michael Lyons,noatsign010example.com,United Kingdom,2021-11-02,Basic,46488.94
1241,Christopher Pena,huffdavid@example.org,France,2023-04-13,Premium,127.31
5761,Nicole Edwards,tannerblackburn@example.com,India,2026-06-27,Standard,21472.28
5137,David Baker,ihughes@example.com,United States,2026-04-10,Basic,44395.12
2344,Louis Patrick,kleblanc@example.net,United States,2022-08-09,Basic,35654.48
2121,Michelle Chambers,dhouse@example.org,United States,2025-03-23,Standard,20019.97
1525,John Bell,morganwatts@example.com,New Zealand,2022-01-14,Standard,11896.65
7618,Rita Taylor,rebeccalee@example.com,Sweden,2025-04-25,Premium,35317.32
154,Trevor Johnson,hartronald@example.net,Italy,2020-02-06,Standard,43029.71
482,Kyle Chambers,castroanita@example.org,United Kingdom,2020-11-04,Basic,44155.38
6123,Paul Stephens,jennifermullins@example.com,Germany,2022-11-12,Standard,45203.08
7675,Dennis Thompson,shayes@example.org,United Kingdom,2020-11-09,Standard,14516.95
7102,Ruth Harris,amy91@example.net,Spain,2021-08-14,Premium,24652.32
1763,Brandon Brown,danielwilliams@example.org,Spain,2023-10-07,Standard,49342.62
7716,Greg Dyer,josephpearson@example.org,Spain,2026-03-03,Standard,27054.82
9082,Shane Garcia,jacquelinehardy@example.com,Singapore,2025-07-07,Standard,35408.46
7480,Megan Allison,griffithtravis@example.org,Singapore,2024-03-15,Basic,35358.01
6213,Matthew Peters,sarahcoleman@example.net,Italy,2026-03-21,Basic,20283.93
4854,Allison Gilbert,hnelson@example.org,Netherlands,2023-03-22,Standard,17911.12
2712,Sara Thomas,scottdaniel@example.org,Sweden,2020-03-04,Basic,40769.41
6767,John Kennedy,ruizamy@example.net,Japan,2024-03-18,Basic,17966.4
4151,Thomas Mcgrath,xbenson@example.com,India,2023-11-15,Basic,26667.62
1334,Alison Short,thomasmichael@example.org,Germany,2021-05-12,Basic,34353.02
8379,Bruce Rivera,weberteresa@example.com,Argentina,2021-02-01,Premium,26076.13
9390,Richard Lee,obrienmatthew@example.com,Germany,2021-11-09,Premium,40565.71
9708,Molly Mcguire,smithjared@example.net,Australia,2026-07-25,Premium,26650.85
9122,Gary Cunningham,matthew74@example.com,Australia,2022-09-01,Basic,6213.06
3851,Andrew Medina,ccummings@example.org,South Korea,2023-02-12,Basic,31863.99
8341,Ashley Davis,henryhernandez@example.com,Italy,2021-08-17,Premium,25621.35
4125,Barbara Fields,melissaglover@example.org,New Zealand,2022-04-14,Basic,27986.66
8964,Mary Kane,williamcooper@example.net,Mexico,2026-07-26,Basic,36717.75
4789,Megan Carlson,lisa96@example.com,Italy,2023-08-08,Standard,2843.41
2867,Mark Madden,allenamy@example.net,Switzerland,2021-06-23,Basic,44132.16
1387,William Mason,nealpatricia@example.com,Sweden,2024-11-04,Basic,15171.45
5942,Justin Saunders,gilbertjason@example.com,Brazil,2024-10-27,Basic,34079.63
3068,Phillip Turner,melissaanderson@example.com,United Kingdom,2023-05-01,Premium,18928.37
9059,Denise Stewart,chadwang@example.net,Brazil,2025-09-12,Premium,28221.91
3630,Michele Scott,marcus16@example.net,Argentina,2022-09-29,Basic,22965.97
9456,Sandra Lucas MD,nicholas16@example.org,Brazil,2025-08-30,Standard,11790.32
8950,Beth Garcia,nicholastodd@example.org,Italy,2020-08-20,Standard,37017.12
3029,Michelle Mcdonald,ronald95@example.org,Switzerland,2026-02-16,Basic,4865.66
2970,Jeffrey Maldonado DDS,aperry@example.com,Australia,2025-11-26,Basic,15148.49
8647,Jaime Oneill,zjohnson@example.org,United States,2022-10-01,Premium,19563.23
6137,Jennifer Taylor,owilliams@example.org,Argentina,2023-12-09,Premium,9992.46
8802,Kayla Taylor,morrowmichael@example.org,Switzerland,2020-12-02,Premium,11699.16
4264,Christopher Ward,lindsay41@example.net,Norway,2026-03-11,Premium,13076.13
646,Megan Burns,laurenray@example.org,France,2022-01-02,Standard,45122.49
9654,Tracy Howard,phillipssheila@example.org,Brazil,2022-03-17,Premium,22738.1
2075,Gerald Kelly,pfrazier@example.net,Singapore,2026-01-22,Basic,9717.42
342,Dr. Kelly Hammond DVM,sfischer@example.com,Mexico,2024-12-17,Basic,45992.86
8042,Nancy Hogan,cooperrichard@example.org,Switzerland,2020-03-21,Basic,39279.69
1623,Susan Baldwin,dmartinez@example.com,Netherlands,2020-06-26,Standard,48222.82
7142,Isaiah Gray,katherinelee@example.org,United Kingdom,2025-05-01,Basic,9264.63
5797,Nancy Merritt,pedro98@example.org,South Korea,2021-07-26,Standard,14224.46
7185,Cameron Torres,nicole02@example.org,Netherlands,2025-01-24,Basic,19990.09
8233,Jennifer Graves,ycooper@example.net,India,2021-06-06,Standard,31345.81
5476,Willie Morgan,itaylor@example.org,Canada,2023-05-18,Basic,13855.9
9253,Andrea Flores,ppearson@example.net,India,2020-10-17,Standard,5682.83
75,Jose Travis,justtext024,Argentina,2024-03-26,Standard,289.22
8634,Michelle Moore,sara27@example.org,Mexico,2025-12-08,Premium,4052.92
9230,Richard Russo,rpope@example.org,New Zealand,2024-02-23,Premium,45286.12
2052,Nancy Larson,timothyharrell@example.com,India,2022-10-28,Premium,2983.76
2542,Katherine Stone,katherine88@example.net,India,2021-04-16,Basic,42619.74
1302,Patty Allen,aaron04@example.org,Spain,2023-07-20,Basic,13148.41
5878,Paul Wagner,gentrykaren@example.net,New Zealand,2020-08-17,Basic,23824.89
7369,Douglas Lopez,prodriguez@example.org,India,2025-01-02,Standard,18999.38
1305,Lisa Morris,xedwards@example.org,Sweden,2021-02-09,Premium,5935.51
8429,Jorge Tyler,yshah@example.net,Argentina,2025-04-06,Standard,16493.82
9095,Michael Thompson,alyssamoore@example.net,Norway,2024-08-11,Basic,42888.13
2600,Traci Craig,perezmichelle@example.org,Germany,2024-07-28,Premium,40537.0
2574,Elizabeth Nicholson,romeromatthew@example.net,Netherlands,2022-11-02,Basic,18379.53
3187,Priscilla Romero,keithgilbert@example.net,Australia,2026-02-05,Basic,21808.4
2769,Nicole Parker,katherineanderson@example.net,France,2025-05-03,Premium,48934.18
4832,Christopher Gay,rogersbenjamin@example.com,Germany,2022-08-16,Standard,40594.66
4224,Darin Baker,eric37@example.org,United States,2022-07-23,Basic,18794.58
9650,Kristen Watts,whughes@example.org,Brazil,2025-04-29,Basic,21428.17
2107,Jennifer Gonzalez,william56@example.com,Mexico,2024-08-08,Standard,27833.65
2680,Rodney Nichols,marcuscook@example.org,Norway,2020-09-03,Basic,48776.9
1388,Lori Johns,tpollard@example.org,Italy,2021-01-06,Premium,49507.95
8932,Michael Glover,simpsonnatalie@example.net,Australia,2020-08-08,Standard,1648.56
9660,Andrew Weaver,nataliewilliams@example.org,Argentina,2023-09-01,Premium,34419.2
7084,Ann Hansen,noahherrera@example.com,Brazil,2024-12-24,Premium,2231.66
1280,Amanda Pineda,carterdaniel@example.net,United Kingdom,2021-06-25,Basic,33294.29
805,Derek Wright,david96@example.net,Sweden,2020-03-11,Premium,5614.4
1556,Zachary Santiago,foxbrandon@example.net,Norway,2025-02-04,Premium,36974.04
9487,Crystal Miller,ryanowens@example.com,Spain,2026-06-11,Basic,11865.97
4567,Angel Becker DVM,mterry@example.net,Germany,2020-08-11,Basic,16721.57
9670,Hannah Valdez,nford@example.com,Mexico,2025-09-19,Basic,2303.8
4842,Steven Johnson,dmiller@example.org,Argentina,2021-02-17,Basic,19865.25
3595,Cindy Shaw,mendezgregory@example.com,Argentina,2025-12-27,Basic,42976.84
6036,Ashley Miller,wilsonsteven@example.com,Spain,2024-04-22,Standard,31879.19
6853,Monique Diaz,alecanderson@example.org,Germany,2022-09-09,Basic,28073.55
8706,Laura Garner,jasonriggs@example.net,Switzerland,2024-05-28,Premium,33971.73
4178,Michael Oliver,mscott@example.net,South Korea,2021-02-24,Standard,27733.39
1309,Kenneth Huff,eric34@example.com,India,2021-06-18,Basic,43269.96
3453,David Walters,joseph02@example.net,Switzerland,2023-05-20,Premium,45592.94
3696,Christina Robinson,jeremy30@example.org,New Zealand,2024-04-16,Basic,20610.93
4243,Devon Roberts,matthewhiggins@example.com,Switzerland,2021-02-04,Standard,7245.15
2199,Heather Thompson,avilajoshua@example.org,Singapore,2020-04-16,Basic,26947.28
4426,Tina Solomon,erojas@example.com,Sweden,2024-08-31,Basic,46170.49
6151,Robert Brandt,lucasjoshua@example.com,France,2023-01-31,Standard,6950.07
944,Erin Smith,austinlinda@example.net,Mexico,2021-04-23,Standard,27996.3
823,Edward Stanley,ericawright@example.net,Mexico,2022-04-28,Premium,29419.83
5006,Nichole Davis,gina18@example.com,Australia,2024-08-27,Basic,45583.96
6613,James Lopez,brockmartha@example.org,United Kingdom,2024-05-09,Premium,39270.06
8357,Kenneth Esparza,fmorse@example.org,Netherlands,2021-12-01,Standard,42265.1
5620,Catherine Davis,grayjames@example.net,Singapore,2024-06-15,Premium,44395.67
4548,David Garcia,walkerjoshua@example.org,Norway,2023-03-17,Standard,12146.59
2539,Arthur Stout,woodmelissa@example.net,Brazil,2023-10-24,Standard,13777.49
5208,James Gallagher,mirandamichele@example.com,United Kingdom,2024-10-19,Premium,29861.53
9515,Lori Phillips,allison33@example.net,France,2023-04-01,Basic,18555.45
9010,William Banks,johnrobinson@example.com,Norway,2023-02-18,Premium,49083.62
3055,Dylan Contreras,pmcgee@example.org,Brazil,2025-08-24,Basic,3460.79
3676,Justin Anderson,elaine05@example.org,Mexico,2022-11-22,Basic,32501.64
7777,Danielle Bradley,russellkelly@example.net,Mexico,2025-07-28,Premium,12563.6
7219,Lisa Goodwin,youngjoshua@example.org,France,2025-12-02,Basic,31776.02
6723,Terry Rivera,cummingskelly@example.org,Brazil,2022-11-21,Basic,49571.19
3301,Kim Sanchez,jamesbest@example.com,New Zealand,2022-11-05,Premium,14644.4
3311,Darlene Collins,tmorrison@example.net,Switzerland,2026-06-14,Premium,41101.37
7222,Ashley Prince,michael82@example.com,Netherlands,2025-06-09,Basic,17273.49
8520,Richard Cook,powens@example.org,New Zealand,2025-11-03,Basic,30798.88
5955,Charles Strickland,brandon25@example.net,France,2021-10-25,Standard,37037.64
833,Kristen Randall,gregory63@example.com,New Zealand,2022-04-01,Premium,20196.65
3463,George Phillips,ymckee@example.net,Japan,2025-06-28,Standard,1321.76
7644,Margaret Lowe,julieholden@example.com,United States,2023-05-26,Basic,49369.25
55,Michael Bradshaw,justtext004,Brazil,2020-05-13,Basic,6656.29
3452,Jennifer Wise,ganderson@example.org,Brazil,2021-07-13,Standard,7046.15
6306,Jordan Garcia,ssmith@example.com,Australia,2024-09-15,Premium,29300.07
1482,Sandy Evans,rmccullough@example.org,Argentina,2026-04-04,Premium,16920.91
4874,Sandra Walker,ashley52@example.net,Canada,2024-12-05,Premium,46742.73
8039,John Clark,mtaylor@example.org,Switzerland,2021-01-09,Premium,17793.47
3336,Justin Perez,grahamdebra@example.net,South Korea,2025-08-29,Standard,27923.17
6017,Paula Evans,julieeverett@example.com,Brazil,2025-09-05,Standard,40845.23
4927,Damon Schultz,caldwelltyler@example.net,France,2022-11-06,Basic,40263.24
5798,Brian Thompson,angelaramirez@example.org,Japan,2021-04-28,Basic,2399.2
9832,Lisa Harrison,raymondwilliams@example.net,Singapore,2024-04-30,Premium,24936.58
5084,Rhonda Evans,omarortiz@example.com,United Kingdom,2025-09-21,Standard,13221.01
6646,Ashley Brown,lopezaaron@example.com,Mexico,2022-01-21,Premium,26908.3
5491,Christina Smith,travis13@example.org,United States,2020-12-24,Standard,22262.9
769,Joshua Washington,mdoyle@example.org,United States,2020-03-02,Premium,18728.98
2066,Sarah Howell,arnoldchristopher@example.com,Netherlands,2023-05-03,Standard,45452.39
9501,Michelle Summers,sandersjohnny@example.net,Sweden,2025-01-26,Standard,18624.53
7312,Sherri Smith,elizabethhernandez@example.org,Singapore,2021-04-29,Basic,36261.57
8478,Karen Gillespie,mgonzalez@example.net,Argentina,2021-09-19,Premium,34909.56
4525,Zachary Mcgee,adriennecoleman@example.com,Australia,2020-06-28,Standard,19770.28
2718,Luis Wilson,steven20@example.com,Australia,2023-12-20,Basic,48329.89
2080,Brian Bishop,kirkpierce@example.com,India,2021-07-30,Premium,21672.31
8915,Jackson Ingram,privera@example.org,United Kingdom,2026-06-20,Standard,49512.26
952,Peter Williams,reynoldslauren@example.com,France,2020-09-10,Premium,48289.26
8059,Billy Cross,bkim@example.org,New Zealand,2021-05-10,Premium,12621.86
2483,Paul Keller,daniel13@example.com,Norway,2025-05-22,Basic,28442.39
1760,Michael Dennis,ivan68@example.com,Germany,2025-07-15,Basic,48002.3
4423,Richard Best,wongkelly@example.com,Italy,2026-06-20,Standard,8308.11
6705,Cody Hendricks,robertopitts@example.org,Sweden,2022-10-15,Standard,10865.46
5183,Rhonda Clark,lopezvirginia@example.net,United States,2025-08-03,Basic,37995.42
8534,Jared Dawson,millermatthew@example.org,Australia,2023-05-31,Premium,3874.72
3702,Sophia Wolf,joannesnow@example.com,France,2023-07-18,Standard,23700.25
4244,Emily Bullock,valerie36@example.com,Germany,2025-10-11,Standard,40569.3
689,Holly Vega,hdoyle@example.com,United States,2026-01-06,Standard,7300.22
3433,Mary Guerra,brian83@example.net,United Kingdom,2020-02-23,Basic,44079.11
4945,Joseph Miller,lisagallegos@example.org,Singapore,2020-06-29,Premium,24432.4
967,Patricia Ray,mary64@example.com,South Korea,2024-04-06,Basic,24493.68
9485,Yvonne Murray,margaret15@example.com,Japan,2025-02-16,Standard,13382.21
2714,Matthew Perez,tarafox@example.com,Japan,2021-09-19,Basic,3643.95
4758,Gregory Russell,raustin@example.com,South Korea,2021-11-10,Basic,31527.23
9546,Jeffrey Bates,gonzaleskayla@example.com,United States,2025-09-08,Basic,35777.85
6321,Jermaine Barnes,doris29@example.org,South Korea,2022-06-07,Basic,38994.95
5976,Kevin Torres,amandahood@example.net,United States,2021-03-11,Standard,26594.38
3573,Andrew Lynch,qdelgado@example.net,Netherlands,2025-05-15,Premium,39000.06
5300,Adam Holland,melissa84@example.org,South Korea,2024-05-30,Basic,46630.03
1991,Karina Vasquez,brian15@example.net,Mexico,2024-08-08,Basic,38149.47
1206,Michael Smith,joshua06@example.com,Germany,2026-04-18,Standard,11476.95
4972,Roger Valencia,johnsmith@example.net,Australia,2022-01-06,Standard,20564.14
6784,Mrs. Sarah Gordon,sarah13@example.net,Spain,2025-06-14,Basic,37872.4
3601,Rachel Chan,garciapamela@example.net,Mexico,2022-03-20,Basic,42173.72
6491,Jessica Lowery,mtrujillo@example.org,Japan,2026-05-08,Premium,47067.42
8610,Patrick Anderson,gibsonmindy@example.org,United States,2022-02-04,Standard,4462.55
9979,Jonathan Snyder,autumndaniels@example.com,India,2021-04-12,Basic,48279.0
8071,Emily Massey,christinepadilla@example.com,United Kingdom,2023-05-18,Basic,36046.13
8578,Megan Grimes,jordanrebecca@example.com,Germany,2023-08-27,Standard,31486.47
7974,Victor Jordan,aarnold@example.com,Netherlands,2022-05-21,Standard,24001.25
1626,Martin Fitzpatrick,glambert@example.net,Singapore,2020-10-17,Basic,27032.9
537,Anthony Jones,adamtran@example.com,Sweden,2023-06-17,Standard,28072.32
8767,Veronica Lewis,fhill@example.org,France,2021-07-22,Basic,43759.43
7971,Chad Romero,crobinson@example.org,Mexico,2023-02-26,Basic,35612.12
4213,Michael Smith,markwilson@example.org,India,2021-12-17,Premium,26219.82
6457,Courtney Morgan,thomasfreeman@example.com,South Korea,2020-06-05,Premium,24124.5
3508,Jack Garcia,srose@example.com,Netherlands,2023-12-15,Premium,22251.64
8394,Anthony Morton,morganvirginia@example.com,United Kingdom,2026-05-07,Premium,28989.72
7113,Nicole Herman MD,harristimothy@example.com,United States,2020-11-22,Standard,42837.3
2709,Christopher Brown,lisa19@example.org,France,2021-06-29,Premium,35421.53
5032,Jenny Cox,yparsons@example.org,Italy,2024-09-19,Standard,22286.34
6515,Paul Ferguson,tlewis@example.com,Sweden,2021-06-26,Premium,10523.14
4663,Daryl Lowe,chadedwards@example.net,Japan,2023-10-24,Premium,38507.79
4022,Mr. Phillip Edwards,brownedward@example.net,Argentina,2023-12-08,Standard,13116.43
1855,Janet Shelton,davisnicole@example.com,South Korea,2023-09-14,Premium,24549.14
9426,Christopher Nichols,ataylor@example.com,Singapore,2024-04-24,Premium,11101.36
2873,Jeffrey Fuller,phillip79@example.com,Norway,2026-05-30,Standard,41099.59
3031,Justin Bernard,lonniewallace@example.com,United Kingdom,2023-11-02,Premium,42354.12
1646,Bruce Roman,kelly05@example.net,South Korea,2020-07-01,Standard,41825.2
3418,Wesley Rich,belltheresa@example.com,United States,2024-05-01,Standard,8866.44
3477,Matthew Andrade,iward@example.net,South Korea,2021-12-10,Premium,38962.24
9553,Samantha Jackson,josephmurray@example.net,Australia,2025-07-18,Basic,223.71
1793,Sarah Martin,williamslarry@example.org,Japan,2023-02-06,Standard,37145.64
3798,Kelly Miller,joshua96@example.net,Germany,2023-01-15,Premium,24064.65
3369,Samantha Roy,crawfordvictor@example.org,Singapore,2025-08-26,Standard,20837.92
7197,Ryan Adams,coxbarbara@example.org,Canada,2024-05-26,Premium,10288.03
9642,Kimberly Nolan,scottebony@example.net,Sweden,2025-07-01,Standard,42156.29
5110,Robin York,kevinfrank@example.com,United States,2020-02-02,Basic,47642.32
6025,Lisa Prince,jdudley@example.com,Mexico,2020-02-20,Premium,25476.29
8796,Jean Brown,garciagary@example.org,Japan,2020-04-26,Premium,34213.23
9295,David Weiss,heather77@example.net,Mexico,2021-10-29,Premium,23419.6
127,Tanner Mitchell DDS,wbrooks@example.net,South Korea,2020-09-08,Premium,33505.63
5960,Mark Keller,chavezlogan@example.org,Brazil,2026-03-17,Standard,13312.81
3877,Cassandra Wood,rojasjames@example.net,Netherlands,2021-02-05,Premium,3811.57
4452,Erin Gardner,marshallmichael@example.com,Germany,2020-07-07,Basic,83.0
7148,Adrian Morris,eking@example.org,United States,2023-11-01,Premium,45016.58
3532,Andrea Butler,cherylgood@example.net,South Korea,2023-09-18,Basic,26807.14
828,Stephen Wood,melodyjacobson@example.com,Brazil,2025-04-09,Basic,547.66
7791,Larry Higgins,amanda56@example.com,Switzerland,2021-03-31,Premium,13421.66
985,Jesse Castro,keith28@example.net,Mexico,2023-01-22,Premium,46653.06
7784,Evan Smith,jamesevans@example.org,South Korea,2025-07-03,Standard,46679.04
2444,Charles Goodman,morganryan@example.com,Sweden,2020-12-28,Standard,41726.33
8555,Leroy Walker,frank29@example.org,Singapore,2026-05-05,Premium,6825.67
346,Vincent Reynolds,robinsontimothy@example.net,Mexico,2022-10-10,Basic,37186.71
815,Anna Wheeler,xbowers@example.net,South Korea,2025-09-15,Premium,30661.64
6167,Heather Fernandez,cardenasscott@example.net,Netherlands,2026-04-22,Premium,45285.94
5780,Brittany Byrd,joannethompson@example.com,Germany,2021-12-13,Basic,10169.95
2117,Jody Bird,ariel62@example.org,South Korea,2021-12-10,Standard,6992.13
794,Melissa Mcfarland,anthony40@example.com,United Kingdom,2022-03-29,Standard,17423.51
6899,Amy Gray,donald38@example.com,Germany,2020-05-01,Standard,8738.28
2675,Elizabeth Robinson,garnerchristian@example.com,Mexico,2021-05-26,Premium,24596.48
95,Cynthia Rowe,ibryant@example.org,Germany,2027-04-17,Premium,40712.77
4226,Alyssa Powers,garybuck@example.com,Sweden,2025-08-20,Standard,39810.64
3757,Jennifer Little,michael25@example.org,Norway,2021-09-08,Premium,8018.79
2892,Kimberly Moore,anthony56@example.net,India,2023-06-06,Standard,22327.54
2372,Javier Hays,gholt@example.org,Mexico,2022-01-07,Premium,10498.64
9389,Sara Mccoy,donnasanchez@example.com,New Zealand,2022-09-20,Standard,27598.91
3229,Virginia Clark,cainmark@example.org,Canada,2022-07-06,Standard,35504.55
7864,Heather Rojas DDS,jameslittle@example.org,India,2025-06-28,Standard,14258.46
6360,Johnathan Aguirre,dominique17@example.net,France,2023-05-12,Standard,2868.97
9197,Sharon Stevens,ashaw@example.org,Italy,2023-10-03,Standard,15920.94
7327,Patricia Lee,jrichardson@example.com,Spain,2024-07-02,Standard,34423.04
6029,Garrett Carpenter,lisaberry@example.com,Australia,2026-03-07,Basic,8401.64
1866,Michael Keller,qjohnson@example.com,Australia,2022-12-25,Premium,16284.31
4613,John Massey,theresataylor@example.org,Australia,2023-06-13,Basic,36157.07
2646,Jason Flores,kristen71@example.net,Switzerland,2021-07-01,Standard,35157.68
2244,Kenneth Walsh,pnorman@example.net,Mexico,2020-04-14,Premium,40514.99
5374,Justin Bishop,housejennifer@example.com,Switzerland,2021-11-05,Premium,4423.95
2337,Laurie Shaw,marilyn46@example.com,New Zealand,2025-05-24,Basic,29936.44
951,Emily Rodgers,marshalldouglas@example.com,New Zealand,2024-08-29,Standard,38733.85
1121,Robert Cortez,nataliekennedy@example.com,Netherlands,2021-07-11,Standard,45630.11
2205,Johnny Cox,julie30@example.com,Japan,2021-03-23,Basic,33837.79
420,Randy Smith,brian14@example.net,Netherlands,2026-01-02,Premium,7494.1
923,Rodney Evans,robert42@example.net,South Korea,2026-06-20,Standard,19703.07
8670,Patricia Brown,xanderson@example.net,United Kingdom,2022-01-21,Basic,33217.99
5409,Mary Parks,rickey55@example.com,Japan,2020-08-17,Standard,5930.76
5789,Joseph Church,sandrasmith@example.net,Japan,2025-12-01,Premium,38478.74
5743,Diana Mullins,ohudson@example.net,Netherlands,2024-11-21,Basic,38694.28
7668,Amanda Hill,marvin14@example.net,Singapore,2023-02-06,Premium,14508.78
5568,Eugene Parker,tholder@example.net,Mexico,2023-04-06,Premium,34222.25
8136,Sara Carroll,michaelschmidt@example.com,Germany,2024-10-19,Standard,8567.07
1203,Karen Fernandez,robert01@example.com,Italy,2024-02-15,Basic,4453.45
5766,Devin Hardin,zphillips@example.org,Japan,2021-07-12,Basic,11761.93
8390,Stephen Nguyen,abbottmary@example.org,United States,2026-03-11,Premium,40554.3
1971,Nancy Scott,rebecca55@example.com,Spain,2023-07-04,Basic,46927.36
4019,Heather Becker,audreyjohnson@example.org,Germany,2021-06-09,Premium,4311.96
3688,Kelly Moore,donald87@example.net,United Kingdom,2023-01-06,Premium,38103.95
1998,Stacy Johnson,davidellis@example.com,Mexico,2021-11-25,Standard,17340.84
4034,Kirsten Perez,carpentergeorge@example.net,Italy,2025-04-09,Standard,23494.28
1249,Kristy Mills,ewebster@example.com,New Zealand,2021-12-20,Standard,42932.09
2193,John Valenzuela,bmendez@example.net,New Zealand,2020-10-14,Standard,15811.16
2713,Allison Simmons,cwright@example.org,Spain,2025-01-12,Standard,22908.39
2191,Joe Greene,gregorymarks@example.com,India,2020-01-08,Standard,19281.54
4671,Mrs. Valerie Owens,julie89@example.com,New Zealand,2020-02-03,Standard,49400.48
5143,Laura Clarke,christopher92@example.com,Norway,2020-12-11,Basic,24546.16
5985,Natalie Oconnor,enoble@example.org,Mexico,2020-10-31,Basic,48281.36
6566,Amanda Watts,jose25@example.net,United States,2024-10-17,Premium,23859.28
7805,Cynthia Cunningham,emckinney@example.com,Singapore,2021-06-18,Standard,48964.66
6944,Alexander Shelton,dianecrawford@example.com,Spain,2024-09-27,Standard,6937.74
2137,William Turner,victorporter@example.org,France,2022-05-29,Basic,28968.51
1066,Richard Turner,bradshawbeth@example.com,Japan,2021-01-16,Basic,28978.67
601,Carly Riggs,pinedasusan@example.net,United Kingdom,2026-06-22,Standard,13529.26
4228,Nicole Anderson,rchapman@example.com,Japan,2023-12-09,Standard,30412.67
7578,Susan Barnes,mackenziemorris@example.net,India,2023-06-05,Standard,42486.93
78,Olivia Harris,@nodomain027,New Zealand,2025-01-03,Basic,696.71
7547,Pamela Walker,torrestanya@example.org,Mexico,2024-10-29,Premium,32156.88
2899,Patrick Simpson,timothyolsen@example.net,Spain,2026-03-17,Premium,21467.48
4821,Sherri Charles,thomas56@example.org,Sweden,2020-04-22,Premium,28442.68
9303,Brooke Wilson,michaelmiller@example.net,Japan,2026-07-17,Basic,36768.25
6414,Cassidy Johnson,alexander89@example.com,New Zealand,2024-12-01,Premium,31705.67
9065,James Ball,leekari@example.net,South Korea,2023-02-03,Standard,22857.36
8008,Jessica Lane,hortiz@example.org,South Korea,2021-03-07,Standard,10050.36
5469,Susan Sharp,jason41@example.org,India,2023-12-24,Premium,12224.19
5952,John Ortega,brian10@example.com,Japan,2025-04-25,Basic,19700.07
3392,Nathaniel Wright,rhernandez@example.org,Japan,2020-02-23,Premium,337.33
5416,Adam Long,marklam@example.com,Spain,2021-03-07,Premium,15441.73
2561,Jennifer Miller,jamesterri@example.net,Mexico,2020-02-09,Standard,4401.0
8163,Tammy Ramos,amber35@example.net,New Zealand,2023-01-16,Premium,21761.15
2636,Christina Mccarthy,peterberger@example.com,Australia,2022-09-23,Basic,44694.72
5257,Joseph Ward,houstonalexis@example.org,Singapore,2020-12-18,Premium,33444.33
3531,Sharon Cowan,wglenn@example.net,New Zealand,2020-01-24,Premium,3076.47
8568,Jennifer Hancock,lwhitaker@example.com,United States,2023-07-04,Premium,10770.73
1909,Robert Hopkins,dianawilliams@example.org,Spain,2020-03-17,Standard,17851.15
236,Jesse Brown,gonzalescheyenne@example.net,Germany,2020-04-14,Basic,24366.19
1605,Megan Decker,sarah98@example.org,Canada,2024-06-01,Basic,15945.43
7985,Alejandro Davis,jamesvaughn@example.net,New Zealand,2023-11-08,Standard,15287.59
3491,James Spears,chad98@example.org,Spain,2024-02-25,Standard,40424.69
1995,Laurie Silva,ugates@example.net,South Korea,2025-09-02,Basic,22017.24
2825,Caitlyn Horton,paynekimberly@example.net,Norway,2021-04-19,Standard,43365.53
9286,Dawn Taylor,vlee@example.net,Japan,2024-08-22,Standard,1095.94
1343,Elizabeth Cross,jonathanmiles@example.com,United Kingdom,2023-07-01,Standard,17210.14
8513,Aaron Adams,nicholascarter@example.org,Netherlands,2022-11-01,Basic,33267.54
1620,John Mcfarland,ckelly@example.net,United States,2025-11-25,Premium,17389.43
5288,Marie Davidson,william91@example.com,Sweden,2021-05-24,Basic,44706.65
2061,Daniel Stout,gonzalezkaren@example.net,Mexico,2020-07-05,Standard,37826.34
9956,Scott Nichols,dicksonryan@example.net,France,2024-07-28,Premium,49925.3
2220,Donald Fisher,balldavid@example.net,Mexico,2024-11-23,Standard,8374.7
6039,Stacy Johnson,albert83@example.org,Italy,2022-08-25,Basic,36139.15
261,Ashley Wise,yvettemoore@example.org,Australia,2026-05-22,Standard,2904.63
9366,Michelle Warner,riveradarren@example.org,Canada,2024-10-05,Basic,15634.74
9094,Michael Conrad,andrew43@example.net,Switzerland,2024-10-25,Premium,15398.76
3745,Alexandra Wilson,dawnbowman@example.net,Singapore,2020-11-08,Basic,12767.56
2027,Laura King,johnsonnicholas@example.net,Spain,2024-06-23,Basic,7277.67
6989,Brandon Pruitt,justinpearson@example.com,Argentina,2021-05-05,Standard,3346.88
4235,Robert Stark,melissa89@example.com,United States,2025-07-19,Standard,18686.16
1918,Cynthia Martinez,riggstheresa@example.net,Australia,2022-06-19,Standard,43526.31
1829,Annette Lewis,kyle50@example.net,Australia,2023-02-19,Premium,45513.95
6234,Raymond Clements,agonzalez@example.com,France,2020-01-02,Standard,31112.42
9333,Tracy Sanders,nelsonkyle@example.org,United Kingdom,2024-03-27,Standard,23629.49
6284,Misty Rice,ykoch@example.com,France,2023-04-30,Standard,8136.55
4209,Jill Barajas,laurie58@example.org,Brazil,2022-07-30,Standard,17071.15
225,Ashley Hicks,sarafox@example.org,United States,2022-06-13,Premium,49026.2
8916,Thomas Parsons,melinda93@example.com,France,2024-04-06,Premium,23832.99
6470,Tiffany Wilson,igutierrez@example.net,Japan,2024-01-06,Basic,15345.3
9414,Michelle Mcdaniel,jeffreyorozco@example.net,Mexico,2021-06-22,Basic,44659.55
847,Jason Hernandez,cthompson@example.net,United States,2021-03-30,Premium,2549.77
4290,Ernest Sullivan,grossashley@example.com,Norway,2022-08-07,Premium,21751.23
5561,Catherine Castaneda,jason74@example.net,Sweden,2022-08-02,Premium,34097.0
2552,Kelly Patton,sheilahernandez@example.net,Canada,2023-03-21,Premium,45537.52
113,Stephanie Byrd,james00@example.net,Brazil,2022-10-20,Premium,28668.95
8838,Courtney Williams,mary43@example.net,Japan,2024-10-22,Premium,43801.98
5967,Colleen Martin,lynchbeth@example.org,Netherlands,2022-08-04,Basic,32588.11
8196,Jennifer Nguyen,brownjamie@example.org,Germany,2020-05-12,Premium,4138.46
8660,Mr. Samuel Thomas,flee@example.org,New Zealand,2024-12-21,Premium,47429.92
7490,Kimberly Sullivan,garciatanya@example.org,New Zealand,2025-12-12,Premium,12729.18
6,Traci Rodriguez,,New Zealand,2025-02-18,Standard,24970.36
5343,Daniel Taylor,johnbass@example.net,Netherlands,2023-03-01,Basic,41055.21
9112,Melissa West,markbradley@example.com,United Kingdom,2023-10-25,Basic,35627.35
4325,Tonya Harding,sanchezlisa@example.net,Switzerland,2021-10-06,Premium,3840.52
1064,Nicole Richards,sophiaelliott@example.net,Australia,2020-07-26,Basic,21446.36
2591,Anthony Paul,burnsdaniel@example.org,Germany,2025-02-17,Premium,32572.35
8435,Jamie Lawrence,smithashley@example.com,Canada,2023-09-28,Basic,41819.73
3736,Thomas Austin,jessicabryan@example.net,Australia,2024-07-13,Basic,47272.34
3518,Ms. Monique Dougherty MD,andersonkenneth@example.com,Sweden,2026-04-02,Premium,38772.81
6987,Luis Nelson,walkeradam@example.com,Norway,2025-01-14,Standard,47360.49
6768,Adam Sanchez,scastaneda@example.net,Mexico,2025-07-31,Standard,1178.96
5623,Peggy Mendoza,owenscody@example.org,Argentina,2021-05-29,Basic,23733.6
1606,Brent Garcia,kbright@example.net,Netherlands,2021-12-20,Standard,213.03
1734,Donald Terry,tmartinez@example.net,Australia,2021-12-09,Standard,34111.28
9342,Michael Steele,cory16@example.org,Japan,2024-10-07,Basic,42748.55
3813,Katie Alvarez,xcontreras@example.com,Italy,2020-12-30,Standard,26981.39
9625,Taylor Diaz,jrogers@example.org,Canada,2020-10-04,Standard,37730.91
1762,James Randall,robertdavis@example.com,United Kingdom,2023-05-12,Standard,25430.16
5402,Christopher Smith,dixondavid@example.org,Switzerland,2026-03-23,Basic,42058.03
2740,Amy Bailey,amitchell@example.com,France,2024-10-16,Standard,45295.67
2473,Jeremy Lawson,jchavez@example.net,Mexico,2025-05-21,Premium,17323.78
6739,Bryan Martin II,michelle51@example.org,Brazil,2022-12-04,Premium,29004.14
6892,Christopher Ayala,amandadecker@example.com,Argentina,2026-01-31,Basic,48987.55
7944,Gregory Hall,julie98@example.org,United Kingdom,2021-11-05,Premium,3652.09
4207,Susan Hutchinson,pchaney@example.net,Switzerland,2024-11-03,Basic,4483.08
6372,Cindy Tucker,gmerritt@example.net,Australia,2021-12-04,Premium,17805.32
233,Lori Hernandez,ryanward@example.org,Brazil,2021-11-15,Basic,7708.61
8259,Steven Olson,josemora@example.com,Argentina,2020-10-18,Basic,33792.79
7562,James Mckinney,llucas@example.com,Japan,2024-08-05,Basic,49980.07
6169,Ashley Friedman,amanda02@example.org,Australia,2020-02-29,Standard,4895.53
3597,Leon Duncan,kweaver@example.org,Australia,2026-01-27,Premium,30348.05
6289,Matthew Ramirez,bryantstephanie@example.org,Sweden,2022-04-08,Basic,3318.04
4633,Alexander Greene,kgriffith@example.net,Sweden,2021-10-13,Standard,12862.85
126,Amber Obrien,oscar17@example.com,Singapore,2022-03-26,Basic,2857.45
7642,Mason Miller,rodriguezterri@example.org,Canada,2023-10-04,Premium,5326.76
6230,Chad Perez,christiestone@example.org,Sweden,2020-05-20,Premium,1112.94
1297,Denise Guerra,james30@example.net,Italy,2023-12-27,Basic,4883.17
1977,Walter Hansen,morgan58@example.org,France,2021-09-05,Standard,35219.79
9481,Daniel Bruce,mcdanieldarlene@example.net,India,2025-11-19,Standard,10121.54
9582,Lisa Gordon,paulsanchez@example.net,New Zealand,2025-07-25,Basic,43584.47
5751,Paul Blair,wbriggs@example.com,Netherlands,2020-12-24,Premium,26681.12
8153,Rick Decker,cherryrebecca@example.com,Mexico,2024-01-29,Standard,3150.47
3087,Kevin Soto,valdezkelly@example.com,Italy,2024-12-01,Premium,46681.61
9277,Anna Jackson,laurenthomas@example.net,Norway,2024-06-24,Premium,26023.25
6883,Edward Keller,fthomas@example.net,Germany,2024-06-26,Premium,49670.96
9306,James Hoffman,hbarnett@example.net,United States,2021-02-02,Basic,1741.56
7674,Margaret Smith,mariahgonzales@example.net,Spain,2024-01-08,Premium,34970.14
3346,Kara Jackson,barrettkimberly@example.org,Sweden,2024-05-01,Basic,2522.78
8173,Alan Murphy,bmiller@example.com,Norway,2026-03-31,Premium,29614.82
9422,Carrie Thornton,delgadonatasha@example.com,Germany,2023-04-03,Premium,32870.89
5871,Richard Saunders,heathermay@example.org,Japan,2025-12-25,Standard,28854.65
6507,Kimberly Kaufman,cwalker@example.com,Netherlands,2023-02-06,Standard,18190.78
2798,Scott Morales,huntnicholas@example.com,New Zealand,2025-06-17,Standard,25749.45
919,Frank Whitaker,pughjustin@example.com,Singapore,2022-05-06,Standard,25690.5
1647,Judy Gregory,qolson@example.org,Mexico,2021-06-02,Premium,23906.12
5123,Jessica Mckee,nathaniel00@example.com,New Zealand,2024-06-07,Basic,17614.5
5127,Micheal Green,lmoore@example.org,South Korea,2026-01-08,Premium,34315.64
4622,Connor Benton,austin72@example.net,Argentina,2025-08-29,Premium,27349.59
6810,Brenda Cruz,paul71@example.com,United Kingdom,2022-04-27,Standard,15891.98
365,Emma Owens,rodgerstabitha@example.org,Netherlands,2026-04-29,Standard,14165.7
2126,Karen Griffin,julie11@example.net,Sweden,2024-08-19,Premium,27183.7
8151,Mark Black,beckkevin@example.org,Mexico,2021-04-27,Standard,14197.96
8718,April Collins,flewis@example.com,India,2022-10-31,Basic,33537.8
56,Lori Guerrero,noatsign005example.com,Brazil,2023-08-15,Standard,45436.43
639,Douglas Ryan,osoto@example.com,New Zealand,2020-02-06,Basic,30108.42
303,Robin Brown,carlsontyler@example.com,Switzerland,2025-02-24,Basic,34673.22
5812,Logan Golden,edwardcisneros@example.org,New Zealand,2025-06-01,Premium,24249.97
1277,Joel Wise,kerriking@example.com,Japan,2023-02-28,Basic,29500.46
4433,Lisa Salazar MD,lopezrebecca@example.com,Brazil,2026-03-17,Basic,38712.75
3645,Samantha Reynolds,richardsonandrea@example.net,Germany,2026-04-07,Standard,47130.42
4144,Jennifer Carpenter,joseph94@example.net,Netherlands,2022-08-23,Basic,42802.53
2879,Richard Hartman,iclark@example.org,Spain,2022-10-01,Basic,16561.96
6494,Brittany Davis,aanderson@example.com,Australia,2022-01-16,Standard,36280.95
5241,Sean Peters,obrienpaul@example.org,United States,2021-05-12,Basic,3002.8
9409,Christine Torres DDS,odawson@example.org,France,2024-02-10,Basic,1752.3
6938,Mariah Brown,jessicastuart@example.com,France,2020-05-23,Premium,16567.45
7241,Edgar Stevens,ylee@example.com,Spain,2024-03-24,Premium,35160.89
2594,Karen Robertson,cheryl20@example.com,Mexico,2024-09-21,Standard,43284.02
2394,Nicole Harvey,michael41@example.net,Japan,2026-02-28,Premium,39319.48
524,Alicia Li,jay70@example.org,France,2026-06-14,Premium,32617.55
6377,Evelyn Townsend,marysummers@example.net,Argentina,2024-10-12,Basic,16079.88
6982,Michael Evans,gpowell@example.net,Canada,2021-12-23,Standard,10329.63
6678,James Anderson,wromero@example.org,Norway,2021-01-27,Premium,1165.08
3901,Kathleen Martinez,simmonsgregory@example.com,Singapore,2022-10-21,Premium,10117.83
9635,Jasmine Rodriguez,emily47@example.com,South Korea,2024-09-18,Premium,31639.15
5586,John Rodriguez,vjackson@example.com,Argentina,2022-12-03,Standard,20605.26
9361,Gregory Jackson,patrick80@example.net,Norway,2023-12-22,Premium,13041.89
7957,Casey Wright,scottlisa@example.com,Brazil,2022-02-25,Premium,13509.21
7571,Ryan Riley,vperez@example.com,India,2026-05-14,Standard,12752.54
6778,Jeremy Fernandez,margaret38@example.org,Germany,2022-05-23,Basic,19076.46
672,Breanna Ayala,williamsbradley@example.org,France,2024-12-31,Basic,31801.71
4189,Michael Price,livingstondavid@example.org,United States,2022-03-05,Standard,29031.9
667,Casey Perez,samantharosario@example.com,Mexico,2025-10-26,Premium,5649.12
3267,Francis Wilson,derek49@example.org,Sweden,2025-07-19,Basic,23188.12
1888,Ryan Davis,itucker@example.com,Argentina,2021-06-26,Premium,40461.46
8473,Benjamin Castillo,bowendana@example.org,Spain,2022-03-12,Basic,15189.67
9092,Nicholas Smith,bergrobert@example.com,South Korea,2025-08-13,Standard,37378.39
7688,Shane Gonzalez,clittle@example.net,United States,2022-10-30,Standard,4478.54
6032,Jon Russo,vlin@example.com,France,2023-07-05,Basic,307.6
6091,Sylvia Dalton,bryanrichards@example.org,Germany,2021-05-27,Standard,11969.77
6239,Andres Marshall,reevesmatthew@example.net,Norway,2020-08-06,Premium,19795.54
7351,Tina Melendez,elizabethvelasquez@example.net,Canada,2022-11-23,Basic,15674.54
7831,Pam Roberts,yvettegeorge@example.com,Argentina,2026-04-14,Standard,32299.6
761,Michael Thompson,jacob76@example.org,Germany,2026-06-10,Premium,40908.76
6255,Dr. Mario Harris DDS,pearsonbrian@example.org,Spain,2024-06-13,Standard,4909.53
1907,Jessica Lucas,brandymiller@example.com,Singapore,2026-02-08,Standard,41162.69
3819,Kristin Brown,michaeldawson@example.net,Italy,2025-07-25,Standard,32650.73
6270,Mr. Charles Young,woodardryan@example.net,New Zealand,2021-06-27,Basic,13841.37
4301,Ann Moon,barry24@example.net,Brazil,2020-07-23,Standard,26587.92
5570,Randy Perez,fullerjeffery@example.com,Italy,2026-01-22,Basic,31167.54
7942,James Aguilar,perkinsjesus@example.net,South Korea,2021-02-22,Basic,11915.77
4165,Ashley Thomas,otaylor@example.com,South Korea,2023-08-16,Basic,19657.77
5972,Madeline Ford,kevin02@example.net,Singapore,2023-11-24,Premium,35467.78
3580,Craig Daniels,xhayes@example.net,Japan,2021-09-12,Basic,40419.12
2833,Joseph Smith,kelly12@example.org,Germany,2025-03-16,Basic,9925.68
5450,Dana Hernandez,bullockjohn@example.com,Mexico,2022-05-30,Standard,40881.57
3473,Charles Davila,hooversarah@example.com,Germany,2023-05-24,Premium,19323.46
6328,Carla Holloway,vevans@example.com,Norway,2021-09-01,Standard,47880.61
138,Victor Taylor,rayphilip@example.org,Mexico,2020-10-25,Premium,44786.11
7044,Amanda Wilson,john04@example.com,New Zealand,2025-08-17,Basic,80.61
4893,Debra Johnson,andrewgarcia@example.net,Norway,2022-08-11,Standard,29287.33
2181,Timothy Olson,jennifermoss@example.com,Australia,2026-02-08,Basic,43663.81
7731,Lauren Nguyen,donaldsondavid@example.org,New Zealand,2020-04-19,Premium,46103.24
3178,Billy Wallace,brendareid@example.net,France,2022-08-23,Basic,27864.3
4855,Richard Stuart,sylviamiller@example.net,Spain,2020-04-19,Basic,21973.75
4638,Darren Morris,taylorkimberly@example.net,Norway,2024-06-18,Standard,36037.96
5116,Christopher Cain,berrycharles@example.net,Japan,2026-02-17,Basic,6879.94
7649,Larry Crawford,riveraabigail@example.com,Switzerland,2024-05-02,Standard,37538.7
4262,Jeffrey Holden,hartjohn@example.org,Singapore,2024-10-07,Basic,46225.85
1332,Ms. Kelly Holder,tuckerjennifer@example.com,Canada,2025-07-09,Basic,30016.71
7003,Jessica Doyle,browntony@example.net,Sweden,2020-10-02,Basic,45728.64
6942,Eric Adkins,joshuabradley@example.com,Canada,2025-04-21,Premium,36696.94
8018,Michelle Hall,jennifer29@example.com,Germany,2026-02-21,Basic,48642.35
6242,Judy Johnson,jennifer98@example.net,Brazil,2020-04-16,Standard,13333.92
9988,Ashley Simmons,elizabeth60@example.net,United States,2021-12-01,Standard,40874.84
6882,Kelli Carter,mosleypamela@example.org,Netherlands,2026-04-07,Premium,35882.48
4531,Erika Jenkins,sarahhendricks@example.net,France,2021-01-04,Standard,28235.19
4674,Cynthia Hendricks,tgomez@example.com,Italy,2021-10-04,Premium,38747.35
6997,Terry Mills,katie37@example.org,Italy,2025-05-04,Premium,16618.5
1253,Robert Charles,dale08@example.org,Switzerland,2020-05-31,Premium,49409.41
3375,Amy Walsh,lisarussell@example.org,Brazil,2022-08-20,Basic,37810.02
2815,Jamie Mayer,kellysteele@example.com,New Zealand,2024-03-05,Standard,5373.79
4720,Kenneth Washington,imyers@example.net,Italy,2022-07-09,Basic,4965.97
6545,Lisa Campbell,seth42@example.com,Italy,2025-06-01,Basic,4200.41
4859,Brittany Flowers,james27@example.org,Sweden,2022-03-22,Standard,23538.44
7902,James Parsons,mikegriffin@example.org,Switzerland,2025-01-18,Basic,39686.97
8581,Ronald Mckenzie,yatesryan@example.com,Brazil,2023-02-25,Premium,45150.75
8428,Patrick Barnes,sanderssamuel@example.net,Japan,2024-07-21,Basic,1154.58
1078,Daniel Davenport,osmith@example.org,Australia,2023-10-17,Basic,22000.77
4364,Katherine Miller,rriddle@example.org,Spain,2021-11-09,Standard,31207.39
771,Francis Robinson,wbaxter@example.org,South Korea,2023-01-21,Premium,23155.7
8866,Laura Martin,robert85@example.org,Switzerland,2024-02-02,Standard,49862.04
250,Mary Escobar,vazquezdylan@example.org,Norway,2021-06-30,Standard,28287.63
7240,Ashley May DDS,taylor02@example.org,Japan,2026-07-10,Premium,37581.67
3420,Raymond Finley,kimberly24@example.org,South Korea,2023-08-23,Standard,19271.83
4977,Kristin Herman,trose@example.net,Mexico,2020-09-23,Standard,42492.55
4545,Richard Brewer,amber21@example.net,Brazil,2024-01-07,Premium,31635.52
5566,Lauren Wright,mcguirekayla@example.com,Sweden,2026-05-11,Standard,11407.85
7940,Kenneth Branch,angelarichardson@example.net,Canada,2023-09-22,Basic,35817.78
717,Jennifer Morris,thomasbrown@example.net,Mexico,2021-01-16,Premium,7163.72
9653,Laura Sullivan,timothyoliver@example.net,Australia,2024-07-07,Premium,31816.39
2049,Christina Hudson,darlenetownsend@example.com,Germany,2022-01-13,Premium,46766.85
5998,Arthur White,cjohnson@example.net,New Zealand,2025-07-15,Basic,28308.75
6601,Jessica Robinson,jacquelinemiller@example.net,Switzerland,2023-03-30,Standard,34515.21
7246,Alyssa Morales,zimmermantravis@example.com,United States,2020-09-25,Basic,7249.04
4179,Wesley Henry,matthew43@example.org,Brazil,2023-10-13,Premium,23144.87
4810,Jessica Mitchell,nkelly@example.net,Spain,2023-02-08,Standard,30936.69
9483,Timothy Farley,masseyalisha@example.net,Sweden,2024-07-09,Basic,27408.4
7141,David Hall,victoria51@example.com,Mexico,2025-12-12,Basic,26010.58
7191,Michael Weber,michaelavery@example.net,India,2026-05-30,Standard,29278.62
1461,Kelly Dominguez,meyerkathleen@example.net,India,2023-06-29,Standard,7948.44
5990,Joseph Walker Jr.,james79@example.net,United Kingdom,2025-04-22,Basic,13736.64
2001,Brad Rivas,noah64@example.com,Norway,2022-12-09,Premium,16855.95
8176,Kristin Sampson,cgarcia@example.com,Italy,2024-09-12,Basic,37974.61
405,Melissa Bishop,jamiejones@example.com,New Zealand,2022-07-06,Standard,49788.96
385,Larry Robertson,johnnguyen@example.org,Australia,2023-05-09,Standard,13354.7
9449,Christopher Velazquez,sandramurillo@example.com,Spain,2021-09-10,Basic,41109.15
9488,Bridget Hernandez,chad40@example.net,Australia,2021-02-14,Standard,27903.67
1634,Mark Benjamin,lharrington@example.com,United States,2020-03-29,Standard,30410.55
9854,Deborah Ramos,phenson@example.org,Brazil,2021-12-16,Basic,548.97
4785,Connie Ramirez,jason22@example.com,South Korea,2024-08-21,Basic,22897.58
9457,Eric Chang,jackcastro@example.net,Mexico,2024-08-02,Premium,21384.5
6971,Christopher Salinas,richard33@example.com,Spain,2024-07-04,Premium,26733.1
3926,Jordan Calhoun MD,christopher25@example.net,Argentina,2025-03-13,Basic,33438.33
4159,Gabriel Copeland MD,jorge39@example.org,Netherlands,2024-10-13,Premium,12042.33
7450,Emily Potter,mark68@example.net,Sweden,2022-08-17,Standard,7919.18
8416,Felicia Fischer,hollyperkins@example.net,United Kingdom,2023-09-01,Standard,23307.33
2194,Jennifer Woodard,dhansen@example.org,Germany,2023-05-08,Standard,28680.98
1016,Michael Gonzalez,gutierrezmichael@example.com,South Korea,2025-12-31,Premium,16493.98
5125,Meagan Charles,blakesolomon@example.net,Germany,2020-09-10,Premium,9731.41
7419,Brandon Graves,rwilliams@example.net,Canada,2025-01-19,Basic,10203.01
7410,Angela Rivera,schmidtandrea@example.com,Norway,2022-06-16,Premium,38956.17
8990,Ralph Luna,brianevans@example.com,Australia,2025-06-05,Premium,514.55
2872,Tiffany Harris,maryburke@example.org,United Kingdom,2026-02-18,Premium,35771.12
10,Raymond Jefferson,,Japan,2022-11-23,Basic,42564.78
1839,Scott Lopez,kelly26@example.net,India,2024-03-17,Standard,4766.08
4805,Jamie Lee,wanda38@example.org,Japan,2024-07-22,Premium,7638.48
256,Nancy Jennings,nicole31@example.com,Japan,2022-03-03,Premium,9580.2
7027,Lori Williams,juliebooth@example.com,New Zealand,2020-02-23,Standard,7317.89
5714,Betty Vazquez,qlopez@example.net,New Zealand,2023-05-07,Premium,43404.09
3325,Kelly Gilbert,george45@example.org,Italy,2022-05-15,Premium,7648.07
7715,Cody Hart,riveraadam@example.org,Mexico,2026-04-21,Basic,4627.58
1582,Casey Campbell,hbrewer@example.com,Italy,2026-04-03,Premium,39070.79
925,Stephen Cowan,dixondonald@example.com,Japan,2026-03-22,Premium,35500.03
2780,Christian Ford,gnorman@example.com,India,2022-02-19,Basic,33767.06
7892,Ashley Stokes,wlewis@example.org,France,2020-09-25,Basic,44401.99
6133,John Hernandez,lbass@example.com,Germany,2021-04-26,Standard,18098.37
5321,Adrian Levine,urobinson@example.net,Mexico,2024-05-20,Premium,20537.9
7313,Robin Ortiz,cordovapriscilla@example.org,Italy,2020-08-19,Standard,13028.49
7103,Mr. Alexander Davies,johnsonmariah@example.org,United Kingdom,2021-05-10,Basic,15563.06
6043,Charles Hensley,francotammy@example.org,France,2023-09-27,Basic,5414.6
3776,Monica Atkinson,whiteheadanthony@example.org,Germany,2022-08-04,Premium,39560.99
4836,Matthew Giles,clarkroberto@example.com,Brazil,2020-10-27,Basic,18315.62
4965,Stephanie Harris,tinajohnson@example.org,Mexico,2025-04-09,Standard,38553.34
540,Laurie Goodwin,matthewprice@example.org,India,2023-08-28,Premium,26454.11
7484,Stephanie Cortez,hannah37@example.net,Sweden,2022-12-21,Premium,32507.98
2746,Vincent Watson,michaelgordon@example.org,Japan,2024-09-10,Standard,24838.03
3720,Jeffrey Joyce,vmercer@example.net,Germany,2021-01-26,Premium,2635.05
6820,Amy Yang DDS,sierra06@example.net,Japan,2024-12-01,Premium,8863.32
9338,Thomas Hill Jr.,matthew67@example.net,New Zealand,2025-05-21,Standard,9975.42
4469,Wendy Martin,amanda36@example.org,United States,2023-04-17,Premium,38103.94
668,Alexandra Dominguez,luismurray@example.org,Australia,2021-05-17,Basic,39063.87
7576,Terry Murphy,leejoel@example.org,Netherlands,2025-02-14,Premium,35808.89
8550,Tony Wilson,nicholaswyatt@example.net,Switzerland,2021-08-08,Basic,24750.28
5064,Joseph Rice,dawsonruth@example.org,India,2026-07-21,Premium,32305.18
1354,Bradley Duncan,vphillips@example.com,United Kingdom,2026-07-23,Standard,19043.71
7115,Bethany Frazier,chenpatrick@example.org,Spain,2022-10-25,Premium,49180.24
9774,James Jenkins,kimberly94@example.org,Canada,2025-02-09,Basic,39471.9
8663,Glenn Lawrence,sleon@example.com,Australia,2026-07-15,Premium,43812.39
2704,Charles Burton,bradshawjoseph@example.net,Australia,2021-03-09,Premium,8929.5
3331,Sandra Smith,rogersmegan@example.com,Netherlands,2021-12-08,Basic,35840.42
8054,Blake Norris,vjennings@example.com,Singapore,2025-11-06,Premium,18160.2
3585,Paul Guzman,jacobjones@example.com,Italy,2021-11-24,Standard,5455.82
9442,Christy Dennis,raysmith@example.org,Brazil,2022-08-20,Standard,44726.29
5646,Rachel Williams,lunaclarence@example.net,Australia,2022-10-04,Premium,7869.85
3377,Mrs. Lisa Smith,kimberlywhitaker@example.net,Brazil,2022-09-13,Premium,11954.35
1257,Adam Brooks,daryl02@example.com,Spain,2022-10-26,Premium,45580.15
6191,Todd Hernandez Jr.,alexander23@example.net,United States,2023-10-05,Premium,80.92
5349,Cynthia Taylor,josephwright@example.com,India,2021-11-18,Basic,46425.26
4176,Andre Haynes,howard17@example.net,United States,2024-10-30,Standard,45349.62
4911,Frederick Mejia,chadgarcia@example.org,Norway,2025-02-16,Premium,23072.27
1853,Mark Taylor Jr.,beverly50@example.com,Canada,2021-10-12,Standard,8428.28
6317,Vanessa Moore,victor61@example.net,Germany,2023-05-07,Premium,24791.6
9855,Hayden Fuller,kimberlyanderson@example.org,Argentina,2021-02-06,Basic,1151.01
2106,Melissa Barron,stanleyanthony@example.org,United Kingdom,2022-05-04,Premium,24798.73
134,Carlos Ryan,jennifer06@example.com,South Korea,2024-03-10,Standard,14300.01
5030,Todd Beasley,dalton51@example.net,Sweden,2020-12-29,Basic,21858.89
929,Nicholas Lawrence,mwinters@example.org,South Korea,2023-07-31,Standard,31700.87
824,Christina Johnson,luisblake@example.net,France,2022-12-20,Standard,39768.44
7577,Anne Jones,jessica52@example.net,Mexico,2020-06-19,Premium,7608.58
1532,Robert Garza,mlynch@example.org,Switzerland,2023-05-21,Basic,16579.69
1215,Charles Haley,pittmanryan@example.org,United States,2021-10-05,Premium,21558.34
505,Jose Crawford,stefanie09@example.com,Switzerland,2023-05-29,Basic,34744.12
6531,Manuel Taylor,hmartinez@example.org,United Kingdom,2025-12-26,Basic,27723.21
3073,Hannah Williamson,ojohnson@example.com,United States,2020-12-15,Premium,3030.07
9087,Michael Wong,agreen@example.com,Norway,2024-05-20,Basic,26195.38
8648,John Garcia,cindy16@example.net,Australia,2022-02-28,Premium,31025.66
6620,Michael Church,matthew29@example.com,United Kingdom,2026-06-02,Premium,2163.28
9274,Jose Hampton,biancadavid@example.net,France,2020-12-04,Premium,21979.41
3710,Jodi Lewis,shayes@example.com,Norway,2024-05-16,Premium,43094.71
4850,Robert Durham,alexander86@example.com,South Korea,2025-12-17,Premium,44253.27
4749,Marcus Johnson,harperjorge@example.com,Brazil,2020-12-12,Premium,36546.85
4269,George Weber,bill17@example.org,France,2020-12-18,Standard,16207.71
9879,Michael Cuevas,kimkristy@example.com,Mexico,2022-09-22,Basic,4094.12
8906,Nicholas Mejia,wbarnes@example.org,Spain,2024-05-31,Premium,38703.07
4187,Scott Norman,khubbard@example.com,United Kingdom,2025-12-03,Premium,8425.4
5302,Ryan Kaiser,shawn17@example.com,South Korea,2024-05-23,Premium,16006.72
2924,James Ray,holly82@example.net,Singapore,2026-06-06,Standard,10972.39
6589,Michael Santos,ydennis@example.com,Brazil,2020-09-13,Premium,38429.74
1811,Stacy Harper,gmendoza@example.org,Norway,2021-05-14,Premium,20548.59
3487,Vanessa Flores,mendozasteven@example.net,Italy,2020-01-09,Basic,22733.04
7420,Joshua Russell,brent71@example.net,United Kingdom,2024-02-19,Standard,26535.53
3142,Brian Porter,johnstongrant@example.org,United States,2020-03-29,Premium,37663.83
9348,Donald Stewart,christopher62@example.net,South Korea,2020-10-17,Standard,13855.55
1325,Zachary Ramos,dbradford@example.com,Mexico,2024-10-20,Basic,22633.6
4313,Philip Cummings,ucole@example.com,United Kingdom,2026-01-09,Basic,24583.37
7495,Dr. Diana Espinoza,douglas37@example.com,Japan,2021-07-15,Premium,22357.46
8703,Lindsey Wright,swebb@example.net,Singapore,2023-08-16,Standard,22617.34
8692,Bradley Taylor,caindavid@example.net,India,2025-05-23,Premium,10275.76
9504,Timothy Johnson,deborah76@example.net,Japan,2023-06-08,Premium,26755.84
5542,Rhonda Allen,maytony@example.net,United Kingdom,2026-01-20,Premium,36054.29
6173,Jennifer Mendoza,gregory93@example.net,New Zealand,2023-10-29,Premium,39351.73
1541,Stephanie Fields,gerald51@example.net,India,2025-11-05,Basic,24265.57
9410,Melissa Flores,michellewolf@example.com,Sweden,2024-12-13,Premium,7904.2
2682,Bradley Thornton,krogers@example.org,New Zealand,2022-03-29,Standard,45382.62
9883,Karen Rodriguez,mariamatthews@example.org,South Korea,2020-04-15,Basic,44409.04
6314,Philip Espinoza,sheilahart@example.org,New Zealand,2023-08-13,Standard,38676.13
1192,Debra Valentine,michelefrazier@example.org,United Kingdom,2023-07-19,Standard,6482.67
5294,Alice Conley,arroyojason@example.net,Australia,2023-09-25,Standard,1067.39
1543,Jean Lane,matthew92@example.org,India,2023-07-29,Basic,45342.68
7057,Melanie Saunders,bjenkins@example.org,Singapore,2022-11-01,Basic,39949.37
2540,Cathy Hess,xburgess@example.org,Germany,2024-02-18,Premium,6837.73
954,Jeffrey Howell,crystal14@example.com,Singapore,2020-03-05,Premium,885.3
7242,Jocelyn Chambers,trujillosamantha@example.org,Canada,2021-07-21,Basic,32837.53
6732,Sherry Miller,amiranda@example.org,Norway,2022-11-18,Standard,44107.21
4847,Gail Moss,ruben09@example.org,France,2021-09-29,Standard,32937.28
6802,Stephanie Barton,cunninghamlaura@example.org,Sweden,2023-02-22,Premium,44256.15
8011,Shannon Hernandez,jacobthompson@example.com,Japan,2023-05-27,Basic,3045.55
4331,James Brooks,david49@example.com,Australia,2026-05-30,Standard,20544.12
8925,Sarah Collins,sandrawilliams@example.net,Japan,2024-10-21,Standard,12775.36
5335,Carlos Morrow,hughesthomas@example.com,Norway,2022-12-04,Premium,20951.53
7331,Mark Boyle,adam30@example.net,France,2024-01-04,Premium,29568.18
9349,Christine Hammond,lisa94@example.com,France,2025-04-29,Basic,30515.68
4730,Michael Smith,richardjoseph@example.net,South Korea,2022-11-12,Standard,4622.42
6542,Mary Mathews,anthony91@example.org,Norway,2021-02-13,Basic,33761.56
5306,Joseph Smith,emiller@example.net,United States,2023-06-21,Basic,5946.04
5162,Perry Washington,jesse21@example.com,Canada,2024-02-14,Premium,31991.1
7861,Amy Martin,zdavis@example.net,Switzerland,2024-06-13,Standard,8500.63
2157,Danielle Thornton,vmyers@example.org,Switzerland,2022-08-29,Standard,2539.33
1063,Kimberly May,ggarner@example.org,United States,2020-04-30,Basic,23791.17
1168,Jessica Harris,michaeljennings@example.com,Canada,2024-05-06,Premium,19708.88
3637,Morgan Cunningham,eric85@example.net,Spain,2025-06-20,Premium,47777.56
7652,Thomas Sellers,terry88@example.com,Canada,2024-06-22,Premium,1064.89
5589,Tara Brown,lauracherry@example.net,Canada,2020-03-05,Premium,11244.3
7193,Lori Thompson,ramseyandrea@example.com,Sweden,2023-02-03,Premium,1170.01
4492,Angela Parker,patriciahall@example.com,United States,2026-03-02,Premium,29301.71
7267,Anthony Flores,gmiller@example.org,Argentina,2025-12-22,Premium,40420.51
4981,Carrie Ware,john39@example.org,Netherlands,2020-01-16,Standard,27192.3
8336,Gary Montgomery,rebecca47@example.org,South Korea,2024-01-29,Premium,39388.09
9953,Laurie Fox,lesliekelly@example.org,Japan,2024-05-28,Standard,38603.71
4947,Frank Francis,morrisonpaul@example.com,Mexico,2020-01-13,Premium,12355.17
2783,Candace Stuart,haileyhill@example.com,Spain,2021-12-21,Basic,27966.28
718,Nathan Nelson,taylor33@example.com,Japan,2022-03-25,Premium,18152.73
2503,Tommy Hood,westbridget@example.net,Netherlands,2020-04-02,Premium,28358.98
4361,April Jones,sdoyle@example.net,Sweden,2025-10-07,Standard,4289.95
4172,Michael Evans,tararaymond@example.org,Brazil,2020-07-15,Basic,265.57
8083,Hunter Miller,martha54@example.com,Canada,2021-11-03,Standard,40646.91
9761,Jamie Gould,robersongerald@example.com,Sweden,2023-12-13,Basic,38214.36
396,Michael Johnson,huntkatrina@example.com,Norway,2024-09-19,Standard,46790.5
7187,Jessica Smith,bradleymedina@example.com,Singapore,2026-07-13,Basic,34632.52
9823,Miss Laura Davis,gail86@example.org,Singapore,2020-02-28,Basic,1798.03
4493,Alexander Zavala,fwyatt@example.com,Sweden,2020-10-19,Standard,9690.42
1366,James Todd,thomasmeyer@example.net,Spain,2024-09-22,Premium,2838.55
9527,Daniel Steele,fmatthews@example.org,Germany,2021-02-12,Basic,31764.49
8788,Brian Phillips,brewercalvin@example.org,Netherlands,2020-03-02,Basic,16010.0
5918,Joel Roberts,enielsen@example.com,Australia,2025-03-20,Standard,40422.07
4969,Laura Green,ehines@example.org,Singapore,2025-01-22,Premium,22891.26
2915,Gary Marshall,stafforderin@example.com,Germany,2024-06-08,Standard,10474.08
5645,Jacob Brown,imccoy@example.org,Switzerland,2022-08-17,Basic,36963.65
3767,Tiffany Johnston,ohayes@example.com,South Korea,2026-02-08,Basic,7587.27
3441,Lisa Walton,ellisbradley@example.net,Switzerland,2022-01-08,Basic,17002.08
7358,Anthony Rivera,ygordon@example.com,Norway,2022-10-24,Premium,17825.8
6807,Yolanda Anderson,jennifer70@example.org,Sweden,2021-01-03,Basic,33552.11
2144,Lisa Gill,rebecca42@example.net,Sweden,2023-10-26,Premium,5741.5
5105,Laura Larson,ethompson@example.net,Australia,2020-09-14,Standard,12163.65
5074,Jeffery Collins,wrightsarah@example.com,Norway,2025-10-06,Standard,20404.67
1572,Rebecca Edwards,tamara19@example.com,Spain,2026-05-09,Basic,29994.23
4080,Barry Hernandez,lisa82@example.net,Sweden,2025-05-29,Standard,46389.05
1123,Alison Williams,jeffreycamacho@example.org,Switzerland,2023-09-09,Basic,16970.62
2787,Steven Schroeder,campbelljoseph@example.com,United Kingdom,2024-06-30,Basic,39119.05
2968,Jenny Carter,mosschristine@example.net,United Kingdom,2024-01-06,Standard,45700.93
2505,Michele George,cheryl76@example.com,Mexico,2026-04-12,Basic,10081.36
5989,Christina Cook,vward@example.net,Spain,2024-12-04,Standard,349.39
8868,Tyrone Roberson,bryceharvey@example.org,Sweden,2025-09-17,Premium,48966.4
7165,Tyler Reynolds,hendersontodd@example.com,France,2024-08-08,Standard,11358.0
729,Sherry Tapia,mistystephens@example.net,Japan,2025-02-18,Basic,28004.13
7588,Sarah Shelton,huntjulia@example.org,Spain,2025-02-08,Standard,28876.9
7544,Julie Lee,steven33@example.org,Germany,2024-12-13,Standard,15461.99
413,Dwayne Klein,elizabeth56@example.org,Australia,2021-10-02,Standard,21375.75
5746,Amy Baker,mayskelsey@example.org,Netherlands,2026-04-10,Basic,38231.72
7669,Tracy Morales,qlopez@example.net,Singapore,2021-02-22,Premium,30213.2
826,Elizabeth Sanders,zstanley@example.org,India,2023-10-09,Premium,26487.77
3268,Michele Ayala,justinjohnson@example.org,Spain,2022-01-24,Premium,19954.42
3975,Steven Butler,nicole65@example.org,Mexico,2024-12-22,Standard,26981.76
8809,Timothy Jones,orradrian@example.com,Switzerland,2025-05-28,Standard,7417.55
8307,Jill Rhodes,catherine05@example.net,South Korea,2022-06-05,Premium,14066.22
418,Kiara Little,jason58@example.org,Switzerland,2022-05-30,Basic,11511.14
6749,Zachary Hill,jacksondaniel@example.net,South Korea,2022-06-29,Standard,21695.8
8968,Dominique Hall,randolphscott@example.com,Germany,2025-06-15,Standard,29722.79
2083,Susan Moore,cowanbarbara@example.org,Singapore,2020-02-20,Basic,40240.55
8946,Michael Mccall,claudialowe@example.com,Spain,2020-07-04,Standard,11112.92
3374,Bonnie Barnes,icraig@example.com,Japan,2022-10-11,Premium,34229.55
5727,Lori Franco,paulmiddleton@example.com,Singapore,2022-10-26,Basic,31994.42
4108,Sabrina Ward,natalie23@example.org,Australia,2021-05-27,Standard,10064.02
4381,Erik Small,jason05@example.com,India,2024-05-17,Basic,41085.2
7724,Dennis Arnold,johnsonjasmine@example.net,Singapore,2021-04-14,Standard,27943.21
1067,Preston Kim,mooresteve@example.com,Singapore,2025-02-01,Standard,31067.63
3914,Joseph Hawkins,cameronavila@example.org,Japan,2020-11-06,Premium,12144.27
5537,Gerald Allen,knightbrian@example.org,Netherlands,2022-02-02,Standard,37539.63
8003,Danielle Lucas,bruce85@example.net,South Korea,2021-08-04,Premium,36622.02
5388,Anthony Ward,reedjulian@example.com,Norway,2021-12-22,Premium,6388.6
5733,Jacqueline Dyer,garciaricardo@example.net,Spain,2020-12-05,Premium,32116.71
2739,Alicia Grant DVM,joshuarodriguez@example.org,Argentina,2022-03-20,Basic,6994.09
5053,Ann Martin,heather12@example.com,Italy,2024-06-06,Basic,39034.52
4001,Rickey Hall,cindy45@example.org,New Zealand,2023-06-07,Basic,26357.79
2428,Jeffrey Scott,anthonyshannon@example.org,Spain,2024-09-09,Basic,7264.56
6834,Linda Bailey,craighodge@example.net,India,2025-12-26,Premium,23194.93
1688,John Zamora,sarah94@example.com,Canada,2025-05-11,Standard,45696.46
852,Amanda Hill,tina18@example.org,Spain,2020-01-14,Premium,11862.0
6304,Paige Case,brittanyfrazier@example.org,France,2021-05-02,Standard,43042.27
9088,Bradley Brown,reynoldsjesse@example.org,Argentina,2023-08-24,Standard,26349.19
5879,Sophia Richmond,dcastillo@example.net,South Korea,2020-01-19,Premium,21859.71
8528,Thomas Hamilton,mfreeman@example.com,Netherlands,2021-11-27,Premium,43181.32
2840,Steven Shaw,mboyer@example.com,Netherlands,2022-08-05,Premium,22458.91
4612,Joshua Clayton,qramirez@example.com,Switzerland,2026-02-17,Premium,40347.88
9541,Peter Allen,ingramshaun@example.org,United Kingdom,2020-08-17,Standard,20859.83
9208,Patrick Russell,nicole37@example.org,Brazil,2020-12-19,Basic,34279.85
2490,Pamela Burke,smithvincent@example.com,Spain,2020-05-13,Basic,31161.48
6906,Jessica Fisher,rosemorris@example.com,Australia,2022-10-13,Standard,3325.36
7391,Karen Mooney,michaelrichards@example.net,Mexico,2024-08-02,Basic,37615.36
2850,Jennifer Crawford,rachel38@example.net,Sweden,2020-07-01,Premium,24152.3
6666,Robert James,flee@example.org,Brazil,2020-11-15,Premium,8517.47
5882,Traci Rodriguez,brenda18@example.com,Mexico,2022-12-16,Basic,40706.59
4453,Michael Miller,garciaanthony@example.net,Norway,2020-07-18,Premium,39461.44
7422,Benjamin Wilson,urodriguez@example.com,Sweden,2026-06-06,Basic,19123.83
6485,Debra Baxter,carrie66@example.com,France,2024-02-19,Standard,38658.7
2480,Michael Dunn,brooksashley@example.net,Netherlands,2025-08-30,Premium,5225.3
6618,Megan Knight,crawfordchristine@example.org,Netherlands,2024-11-11,Basic,22687.69
2142,Kenneth Knight,yrojas@example.com,France,2024-04-13,Premium,30501.93
5189,Cassidy Carter,william56@example.org,Italy,2024-09-21,Standard,627.71
9705,Nicholas Dawson,arivera@example.net,Argentina,2025-12-21,Basic,21442.64
2745,Michele Bennett,grantmichael@example.org,Switzerland,2026-02-20,Premium,48234.81
7254,Tina Hancock,garciaangel@example.net,France,2023-09-26,Basic,8750.18
3507,Jennifer Greene,vturner@example.org,Netherlands,2025-10-27,Basic,37545.79
1680,Robert Chang,claytara@example.net,Brazil,2022-11-26,Basic,25484.13
4250,Heather Daniels,richard49@example.com,Argentina,2020-02-24,Standard,13064.84
3148,Joshua Bailey,maurice56@example.net,Switzerland,2026-03-14,Basic,26368.3
8131,Brandi Beck,thompsonlarry@example.net,Netherlands,2024-02-20,Standard,18926.02
7005,Carol Fisher,oscarobrien@example.com,India,2024-12-01,Basic,33164.27
581,Dana Hopkins,lmoreno@example.net,Norway,2020-09-30,Standard,18803.41
4071,Donald Mccarthy,jasonjefferson@example.net,Sweden,2020-11-25,Standard,25357.18
3344,Raymond Vargas,lparker@example.net,Japan,2025-07-26,Basic,817.24
7405,Lauren Howell,youngallen@example.com,Italy,2022-02-20,Premium,15192.8
3673,Mason Price,gwagner@example.com,Argentina,2023-03-09,Standard,38921.85
560,Edgar Hughes,george85@example.org,Spain,2025-12-10,Standard,46382.46
5238,Jeffrey Ayala,wesley72@example.com,Canada,2025-01-20,Basic,6919.94
7806,Angelica Mays,amydecker@example.net,Spain,2025-05-24,Basic,41412.82
513,Maria Henry,rebecca21@example.com,Sweden,2025-07-09,Standard,5937.86
1082,Brett Swanson,peter73@example.net,Argentina,2022-06-07,Basic,7444.5
1665,Christopher Davis,cindy56@example.net,India,2023-10-09,Premium,793.33
9205,Allen Sanchez,qdaniel@example.com,Canada,2025-04-18,Standard,15110.42
1932,Sean Mathews,gonzalestracy@example.org,Germany,2020-04-19,Premium,33482.2
9667,Ronald Schwartz,tracywood@example.com,Germany,2025-09-30,Premium,23539.91
1151,Jack Moore,nicholas33@example.net,India,2023-08-03,Basic,24615.86
2839,Alexis Cervantes,adavidson@example.com,Switzerland,2021-01-21,Basic,15864.23
5950,Thomas Turner,sharon84@example.net,United Kingdom,2024-01-01,Premium,45551.24
8309,Mrs. Megan Kelly DDS,joshuamckenzie@example.net,Switzerland,2026-05-31,Basic,2187.57
8933,Rebecca Walker DDS,qwagner@example.com,Sweden,2022-05-26,Basic,29320.75
9789,Christine Peterson,barberamy@example.net,Singapore,2020-11-28,Premium,29334.05
5178,Amy Mcdaniel,brownchristopher@example.com,Italy,2023-10-28,Standard,11204.75
831,Mary Miller,hayley21@example.com,Australia,2020-05-26,Standard,9686.37
8312,Daniel Owen,hendersonkaren@example.net,New Zealand,2020-06-08,Premium,49704.62
4753,Wendy Perez,fkirk@example.net,United States,2024-08-02,Basic,34558.64
9851,James Wiggins,pholland@example.org,United States,2023-05-06,Premium,32051.58
636,Heather Page,solomonalexander@example.com,Argentina,2026-04-05,Basic,2359.14
4466,Heather Hughes,bmolina@example.net,Spain,2024-03-21,Basic,36589.15
6800,Michael Phillips,jasonpacheco@example.org,France,2024-06-19,Basic,16690.27
7988,Lisa Bowman,josephhale@example.com,New Zealand,2025-05-29,Standard,435.29
7080,Michael Moore,fuentesmatthew@example.org,Netherlands,2020-10-30,Standard,2342.27
6967,Sharon Cross,phillipstroy@example.com,Japan,2024-09-15,Standard,8552.19
4143,Kimberly Flores,william99@example.com,Brazil,2020-08-02,Premium,2191.45
7028,Daniel Palmer,manuelflores@example.org,New Zealand,2021-08-10,Premium,32022.97
9184,Kayla Bennett,donaldbrown@example.org,Norway,2021-03-13,Basic,22621.78
877,Alejandro Deleon,qwagner@example.org,Japan,2021-12-31,Premium,20637.44
4870,Julia Long,stevenberry@example.org,Norway,2024-12-23,Basic,16918.3
5316,Laura Mosley,mmorris@example.net,India,2020-11-01,Standard,23757.44
5223,Karen Perez,jilljackson@example.org,South Korea,2021-01-07,Basic,16905.27
5,Nicole Wilson,,United States,2020-03-09,Basic,30224.45
3052,Jessica Fields,oramos@example.org,Switzerland,2022-06-15,Basic,30011.89
5692,Cassidy Bailey,emartin@example.net,Argentina,2023-03-15,Standard,44030.6
3125,Laura Ritter,michael10@example.net,Italy,2022-02-19,Standard,5102.97
2492,Jane May,staffordmarissa@example.com,Mexico,2022-03-29,Standard,42011.14
3855,Mr. Zachary Mora DVM,jwhite@example.org,Norway,2021-07-05,Standard,24889.62
4778,Samantha Morrow,robersontimothy@example.org,Singapore,2022-01-31,Premium,42123.14
7510,Eric Flores,chadjones@example.net,New Zealand,2025-02-13,Premium,1651.28
6458,Mitchell Merritt,willisjonathon@example.com,Switzerland,2020-09-11,Basic,41945.56
6294,Shelia Cruz,clarkchristine@example.net,Germany,2024-04-30,Premium,41591.49
1149,Laura Wilson,katherineflores@example.com,France,2025-05-26,Basic,38474.95
575,Jenna Wilson,zwalton@example.com,Japan,2025-04-29,Premium,13606.92
3770,Patrick Reed,nle@example.org,Spain,2020-09-17,Basic,34254.34
4147,Jennifer Ali,tking@example.org,Spain,2024-12-21,Premium,24430.08
854,Steve Rivera,brandonrosario@example.net,Brazil,2020-10-05,Standard,5665.81
5920,Kevin Stokes,kcarroll@example.net,Japan,2024-01-18,Basic,29431.73
9359,Deborah Long,robert79@example.com,Norway,2024-09-09,Premium,30403.56
6615,Tonya Kemp,duanehubbard@example.org,Singapore,2025-11-25,Standard,36697.56
6003,Eduardo Booth,edward70@example.org,Germany,2026-01-17,Premium,16289.65
9164,Larry Henderson,mhart@example.net,Argentina,2026-04-27,Standard,32502.41
4496,Brandon Baker,meyervalerie@example.org,Mexico,2023-01-24,Standard,37992.87
8174,Monica Vincent,bward@example.com,New Zealand,2022-04-12,Premium,4224.42
6656,Gina Cunningham,rthompson@example.org,Canada,2021-02-26,Basic,18250.49
2369,Eric Williams,erika56@example.com,Norway,2021-09-14,Premium,33477.43
4781,Angel Rojas,gabrielcasey@example.org,Netherlands,2023-12-31,Standard,49857.32
7993,Greg Williams,howens@example.com,United States,2020-09-21,Standard,40880.15
2951,Blake Bonilla,hoffmananna@example.com,South Korea,2022-09-23,Premium,9635.55
5626,Brittany Farley,whiteamy@example.org,France,2020-05-18,Basic,31937.12
6972,Anthony Carr,qpetersen@example.org,Netherlands,2021-08-24,Basic,48001.08
8717,Mark Wallace,xguerrero@example.com,United States,2025-03-16,Standard,48821.86
1842,Brian Kim DDS,jamie24@example.net,Netherlands,2026-07-21,Premium,15529.62
5987,Eric Shaffer,zfleming@example.org,India,2026-07-17,Premium,13207.16
538,Stephanie Elliott,kkeller@example.com,Netherlands,2020-03-05,Standard,33910.26
2807,Brandon Owens,kaufmangina@example.net,Switzerland,2023-06-08,Premium,725.14
5802,Christopher Shelton,lindsey79@example.org,Switzerland,2025-08-12,Standard,30165.15
5597,Kendra Burton,cwalker@example.net,Canada,2022-11-16,Premium,36016.11
7207,Philip Gilmore,adamsrenee@example.org,Netherlands,2025-09-09,Premium,20572.2
7344,William Hansen,dsmith@example.org,Mexico,2021-03-29,Premium,26007.23
7561,Megan Aguilar,tturner@example.org,Singapore,2020-11-17,Premium,36754.43
8097,Erin Aguirre,veronicasnyder@example.net,Italy,2021-10-16,Premium,39334.02
785,Thomas Harris,morganwilliam@example.com,Canada,2021-08-23,Basic,7321.16
1410,Lisa Joseph,ngarcia@example.net,Netherlands,2026-04-25,Standard,20034.65
155,Jeremy Sampson,btorres@example.com,Sweden,2024-04-07,Basic,13402.51
7807,David James,smithjennifer@example.com,Australia,2023-06-20,Basic,6044.01
3010,Mary Torres,briancameron@example.com,United States,2024-07-17,Basic,27522.27
1687,Jaime Walker,xfoster@example.org,New Zealand,2020-02-21,Basic,9799.76
4015,Gregory Quinn,brian18@example.com,France,2023-04-01,Standard,6014.69
7456,Carl Bradley,mark84@example.com,Mexico,2022-11-12,Basic,47671.2
3864,Kim Long,megan96@example.com,Australia,2024-01-07,Premium,13907.17
2734,Jason Crawford,kathrynhamilton@example.org,Australia,2023-11-06,Standard,42989.53
1896,Victor Harmon,alexanderking@example.org,United States,2025-06-26,Basic,19591.16
5443,Antonio Lopez,huntrhonda@example.net,Norway,2026-07-09,Basic,439.48
570,Valerie Taylor,maria41@example.net,Canada,2021-02-04,Premium,48391.58
6710,Phillip Miller,nsherman@example.com,Switzerland,2024-04-21,Standard,45121.09
5855,Nicholas Pace,tchavez@example.com,Brazil,2021-08-21,Standard,12633.3
1817,Nicole Williams,davidcrawford@example.net,Italy,2021-02-14,Standard,31381.46
8320,Victor Gonzalez,kreed@example.com,Canada,2026-02-20,Standard,8621.7
3395,Michael Thompson,smithaaron@example.net,Sweden,2024-02-09,Basic,3436.56
3328,Kelly King,vanessa40@example.net,United Kingdom,2021-12-11,Premium,32344.86
9983,Danielle Carlson,andrewmoore@example.org,Canada,2022-03-11,Standard,13834.4
6103,Eric Clark,millerjason@example.com,Australia,2023-07-27,Premium,22017.35
2976,Richard Bailey,reidalicia@example.org,France,2023-06-08,Basic,28622.64
981,April Davis,chambersdaniel@example.org,Mexico,2026-04-19,Standard,20076.9
191,Tracy Burke,ellisjames@example.org,Brazil,2025-03-14,Standard,42949.68
9332,Diana Sloan,john96@example.com,Australia,2024-12-13,Standard,32350.28
5089,Justin Carter,howardjoseph@example.net,Italy,2021-06-12,Standard,29499.12
700,Amy Miller,catherinemartin@example.net,Germany,2020-01-25,Standard,17438.29
9760,Katie Massey,carrillomichael@example.org,Sweden,2024-06-07,Premium,40649.68
607,Christine Goodwin,carlos82@example.com,Canada,2026-07-09,Premium,29247.5
302,Julie Dominguez,mccalljane@example.org,Spain,2022-05-18,Premium,13949.92
3421,Allen Hunt,djones@example.com,France,2020-03-23,Premium,34011.99
9805,Jacob Clark,suttonpaul@example.org,Netherlands,2026-04-09,Premium,8525.61
1061,David Hughes,colleen00@example.net,Mexico,2021-01-21,Basic,43064.01
3445,James Nicholson,rsmith@example.net,South Korea,2025-05-07,Basic,26426.15
1070,Kimberly Choi,carneysamuel@example.org,Germany,2026-02-28,Standard,18478.75
2206,Tanner Mann,fsmith@example.net,Switzerland,2023-11-03,Premium,39101.42
9436,Nicholas Martinez,john42@example.net,Singapore,2022-05-13,Basic,6348.31
7340,Rebecca Roberts,paulaperez@example.com,India,2024-10-16,Premium,7158.83
8209,Louis Kelly,ogonzalez@example.net,Brazil,2023-06-03,Standard,31091.55
7680,Renee Farmer,vflores@example.com,Netherlands,2023-10-15,Basic,40547.21
4643,Lisa Buchanan,rbanks@example.org,Brazil,2020-06-16,Premium,8185.79
7684,Heidi Torres,stephen01@example.net,South Korea,2025-05-03,Premium,6942.56
9008,Erika Kim,imcclain@example.org,India,2021-04-27,Premium,46931.26
7997,Jeremy Turner,stoneaudrey@example.net,Brazil,2025-02-18,Premium,1898.74
5601,Nathan Burke,michaelmckee@example.org,Germany,2026-04-28,Basic,7592.42
9152,Lisa Lawrence,mcdanielcameron@example.org,Australia,2022-04-02,Standard,6149.3
7023,Victoria Carpenter,benjaminwarner@example.org,Japan,2020-09-24,Premium,17694.71
4894,Christine Parker,martinkristopher@example.com,Canada,2023-09-26,Premium,21907.56
226,Hannah Luna,alexanderwanda@example.com,Argentina,2020-07-24,Basic,7482.54
3355,Tina Dougherty,cdunn@example.com,New Zealand,2023-09-14,Premium,34139.61
5896,Joe Gordon,laura72@example.com,Mexico,2022-10-21,Basic,49651.67
8755,Sandra Haney,josephmegan@example.org,Argentina,2020-01-13,Premium,21693.21
3437,Jessica Long,nlynn@example.com,Mexico,2024-07-17,Standard,5505.73
1694,Greg Tanner,mary47@example.org,United Kingdom,2021-12-23,Basic,28104.74
6894,Katherine Mcdonald,byrdjasmine@example.net,Brazil,2020-08-27,Basic,1129.17
1046,Lisa Haley,srivera@example.net,South Korea,2020-02-20,Premium,25620.96
3447,Michael Flowers,daniel66@example.org,Mexico,2025-03-27,Basic,20157.82
8051,Zachary Doyle,bduke@example.org,India,2020-07-01,Premium,15073.21
9147,Victoria Hobbs,michael36@example.net,France,2023-05-06,Basic,16239.26
9982,Samuel Doyle,marioford@example.org,Spain,2023-10-29,Basic,35035.73
4736,Jennifer Weber,kristopher93@example.com,New Zealand,2023-10-01,Premium,31527.42
4497,Stephen White,robinsonsally@example.com,Singapore,2020-09-19,Premium,48886.78
1219,Jennifer Vaughn,jacksonsamantha@example.net,Brazil,2022-03-14,Premium,15500.89
6016,Edward Hill,walterboyle@example.net,Argentina,2023-06-19,Basic,33109.85
9720,Latasha Hernandez,allendonald@example.com,United States,2020-01-10,Basic,33336.84
3988,Kristen Burns,carlmcfarland@example.com,Italy,2024-10-14,Basic,22136.35
4912,Rebecca Cole,ngordon@example.com,South Korea,2025-07-27,Premium,48536.31
9493,Jennifer Glass,rodriguezroberto@example.com,Sweden,2026-06-23,Premium,33504.17
4494,Michael Kane,larry10@example.net,United Kingdom,2025-07-10,Premium,18778.14
6945,Melissa Hanson,whogan@example.org,New Zealand,2024-01-24,Basic,35227.42
5700,Nichole Parker,lauren12@example.net,India,2023-07-29,Basic,34916.31
8353,Brent Lopez,cherylrussell@example.com,Italy,2022-07-09,Premium,5680.51
957,James Jefferson,shawnkoch@example.net,Spain,2025-08-20,Standard,27224.68
2870,Lynn Mueller,amanda77@example.org,United Kingdom,2022-08-21,Standard,35523.14
4434,Rebecca Gibson,bryantvanessa@example.com,Mexico,2023-05-04,Standard,5086.85
4974,Anthony Wright,dalton44@example.net,India,2022-05-20,Basic,48117.77
2962,Cynthia Shannon,timothy73@example.net,Brazil,2021-07-11,Standard,359.27
2201,Timothy Wallace,ismith@example.net,Netherlands,2021-09-10,Basic,44562.78
99,Jonathan Lawrence,cpierce@example.com,France,2027-06-24,Standard,8017.6
9850,Stacey Hubbard,abrown@example.com,Sweden,2020-01-13,Standard,39229.88
2558,Lindsey Robinson,cassiebaker@example.org,Netherlands,2026-05-10,Premium,8265.97
8446,Virginia Martinez,wandaherrera@example.net,Italy,2026-01-11,Basic,27027.2
4200,Patrick Potts,suarezbrandon@example.com,France,2026-06-14,Premium,2711.04
9638,Marie Rangel,loganbrooke@example.com,Netherlands,2022-12-02,Basic,48271.86
5540,Anthony Schmidt,patrickmejia@example.net,Germany,2020-11-27,Standard,43747.3
1649,Amanda Thomas,haley89@example.net,India,2020-02-01,Basic,45172.03
6198,Bryan Yates,richardmorgan@example.com,Canada,2022-07-02,Premium,28843.53
6296,Jeremy Clayton,tammy21@example.org,Italy,2025-04-06,Premium,45329.84
4500,Shannon Cain,gracemccall@example.org,Australia,2024-03-29,Standard,39580.85
1155,Karen Wood,richardnichols@example.org,Canada,2022-07-17,Basic,38655.46
2256,Ms. Erin Lane,alyssacameron@example.net,Brazil,2025-02-18,Premium,38526.55
3171,Mark Thomas,xmcdowell@example.org,Australia,2021-11-17,Standard,3693.83
7401,Brett Thomas,davidhenson@example.net,United Kingdom,2023-07-06,Premium,17113.28
7159,Jesse Brown,valenciachristina@example.net,Canada,2021-03-29,Basic,18881.75
3109,Sue Warner,vgrimes@example.com,United Kingdom,2025-01-08,Premium,45116.03
4549,Kelli Collins,brenda19@example.com,Singapore,2025-06-15,Premium,35801.17
5424,Luis Mcclain,jason09@example.org,Brazil,2020-03-01,Standard,1402.33
2050,Amber Smith,heatherwilliams@example.com,South Korea,2024-07-08,Standard,18533.41
9209,Crystal Walker,rangelashley@example.org,South Korea,2020-04-09,Standard,2765.67
8816,Alisha Lewis,tyler46@example.net,United States,2025-10-15,Basic,25934.83
9798,Angela Jenkins,sramirez@example.net,Norway,2022-03-28,Basic,35612.3
263,Ralph Anderson,calexander@example.com,Spain,2025-10-17,Basic,48652.11
4062,Tina Harper,joshua89@example.org,United Kingdom,2023-12-09,Standard,45359.91
5535,Robert Miller,jeffrey37@example.com,New Zealand,2022-09-06,Standard,18047.34
6617,Pamela Hicks,robinsonwhitney@example.com,Argentina,2025-01-07,Basic,48209.13
8121,Elizabeth Travis,brettgonzales@example.net,Switzerland,2024-05-13,Basic,11338.56
8156,Melissa Lawson,chapmanjohn@example.org,Germany,2023-06-24,Basic,41201.85
1803,Joseph Watson,munozdana@example.com,Australia,2025-07-25,Standard,8092.57
4737,Sheila Douglas,kaitlinperez@example.net,Argentina,2026-07-30,Basic,36029.09
2386,Vicki Horton,jacobsullivan@example.com,Switzerland,2024-07-17,Standard,39623.02
6695,Jasmine Martin,rhondaking@example.com,Norway,2025-09-17,Basic,6904.87
5760,Brenda Mendoza,katiewu@example.com,France,2024-05-14,Standard,38208.91
1960,Jessica Mora,rogerspatricia@example.com,New Zealand,2021-01-01,Standard,39944.36
2977,Kyle Gross,riveraveronica@example.org,Germany,2023-10-14,Premium,32966.74
8681,Donna Watson,fhart@example.org,Sweden,2024-06-02,Standard,18324.22
1844,Ashley Schaefer,natalie66@example.org,Brazil,2021-02-23,Basic,11653.82
1735,Shaun Meyer DDS,nancywebb@example.net,India,2023-05-13,Basic,39818.41
2912,Richard Howard,lgibson@example.com,Brazil,2022-06-13,Standard,44365.41
8339,Jaime Lewis,kevinyoung@example.net,Germany,2020-09-04,Premium,10574.55
1987,Rebecca Brown,scott01@example.org,Germany,2024-05-05,Standard,11057.73
9562,Lori Gonzalez,walshtimothy@example.org,France,2023-10-25,Standard,4898.38
6547,Brett Bailey,sheltonerin@example.com,Mexico,2020-06-02,Premium,19565.27
7099,Stephanie Garcia,coxjerry@example.org,Switzerland,2025-09-26,Premium,21874.71
2812,Dr. John Ramirez,hreilly@example.com,Japan,2026-06-07,Basic,39146.01
660,Tyler Harris,ugates@example.net,United States,2026-04-25,Standard,36469.14
2512,Mr. William Hopkins,melissa26@example.net,South Korea,2024-08-21,Standard,28329.16
4283,Janice Gilbert,grayaaron@example.com,Switzerland,2020-07-14,Standard,3349.32
9340,Andre Goodwin,gwilliams@example.org,Sweden,2026-03-23,Premium,26132.73
8801,David Wise,zreed@example.com,South Korea,2024-04-17,Basic,659.22
6288,Christopher Humphrey,piercemarc@example.net,France,2025-12-06,Basic,31904.79
1931,Heidi Burnett,kevindiaz@example.com,Argentina,2025-01-09,Basic,46850.1
7126,Robin Rodriguez,wrightchristopher@example.org,Japan,2023-10-13,Standard,43343.33
198,Debra White,james91@example.com,Brazil,2021-05-01,Premium,19113.26
7778,Frank Robinson,jasminedunn@example.com,United States,2023-08-14,Standard,26256.12
2932,Michael Gibson,jeremy94@example.com,Singapore,2020-05-31,Premium,44325.42
8005,Amber Cruz,courtney92@example.net,France,2026-08-06,Premium,4474.01
2328,Katherine Lopez,mparks@example.org,Sweden,2025-10-08,Basic,36669.67
4390,Brandon Cordova PhD,michael70@example.org,Australia,2025-03-11,Premium,48478.89
8959,David Joseph,batesthomas@example.net,Mexico,2022-12-25,Standard,15502.53
4219,Mark Weaver,marksweeney@example.com,Brazil,2022-02-12,Premium,14719.27
203,Glen Wood,smithdustin@example.com,Germany,2025-07-05,Premium,49047.11
3511,Kathleen Marshall,vasquezjonathan@example.org,United States,2022-04-03,Premium,39379.04
4932,Jerry Walsh,awu@example.org,Australia,2024-11-30,Premium,41173.06
5536,Melanie Baker,esparzajulie@example.net,France,2022-05-20,Premium,21607.24
5792,Thomas Daugherty,hicksrobert@example.net,Argentina,2023-04-16,Basic,39212.04
1708,Matthew Davis,mbenson@example.com,South Korea,2023-10-16,Premium,15354.35
5173,Luke Alexander,matthew95@example.net,France,2022-10-10,Standard,40551.21
5250,Alexandra Hodge,charlesjones@example.org,Spain,2023-10-16,Premium,21006.47
6529,Benjamin Mclaughlin,adamduke@example.net,South Korea,2022-04-23,Basic,41642.73
9849,John Franco,michaelhensley@example.org,Netherlands,2023-02-23,Basic,49995.51
5856,Laura Atkins,heather98@example.net,Canada,2024-08-17,Basic,28071.97
8165,Lisa Gallegos,tmcgee@example.com,Switzerland,2020-11-30,Basic,15689.9
855,Patrick Mccall,jordansingh@example.org,Mexico,2025-10-28,Premium,3507.06
4738,Maria Malone,olsonomar@example.net,Japan,2024-02-01,Basic,29018.9
699,Michael Blair,danielle24@example.net,Argentina,2025-03-03,Standard,28409.05
3697,Tom Perez,melissa30@example.org,Japan,2024-05-08,Standard,8168.14
1637,Cassandra Williams,kylewalker@example.org,Mexico,2020-11-16,Standard,47555.52
7281,Karen Hicks,leslieoliver@example.org,Germany,2023-06-24,Standard,25304.64
7555,Michelle Ramirez,armstrongjulia@example.org,Canada,2025-12-09,Premium,4518.32
3582,Shannon Rodriguez,melinda77@example.org,New Zealand,2021-03-16,Premium,11238.31
1292,Dr. Nicole Trujillo,andreajones@example.org,Argentina,2025-12-07,Standard,46341.41
6586,Amanda Brown,charles89@example.com,Japan,2024-02-14,Premium,17980.08
1854,Barry Gregory,maxwelldebbie@example.com,Mexico,2021-10-02,Premium,33242.16
5233,Craig Beard,paulphillips@example.net,India,2022-08-13,Premium,48575.24
3764,Kristina Monroe,kwilliams@example.com,Argentina,2023-06-01,Basic,14697.58
3305,Jacob Hart,john09@example.net,Brazil,2024-06-23,Premium,42226.26
1496,Kelly Rowe,egaines@example.net,Germany,2023-04-26,Standard,39215.24
7995,Justin Jones,wheelerrichard@example.net,Norway,2022-02-08,Premium,10561.06
1999,Melanie Long,martinkyle@example.com,Argentina,2023-10-05,Premium,5378.07
664,Carol Sanders,kaitlynelliott@example.com,Germany,2025-07-17,Basic,12231.85
3749,William Lozano,ramseycarolyn@example.net,Brazil,2024-07-15,Basic,10741.72
4414,Kristen Matthews,floreskatherine@example.net,Argentina,2024-06-12,Premium,4471.54
5531,Makayla Friedman,cheryl91@example.net,Germany,2023-06-23,Premium,38241.94
5576,Christopher Cox,colewesley@example.com,New Zealand,2021-07-23,Basic,49946.69
8902,Carolyn Smith,walkerbrian@example.net,Italy,2024-11-09,Premium,39823.22
7527,Joshua Chapman,burtonbrett@example.net,Singapore,2020-08-16,Basic,47759.11
9475,Kyle Moore,kevin46@example.org,United States,2026-07-21,Standard,34883.75
5865,Kimberly Lee,leemike@example.org,Japan,2026-03-05,Standard,38395.25
6777,Lori Steele,james86@example.net,New Zealand,2024-07-25,Premium,43725.84
1307,Russell Anderson,breannawarren@example.org,Mexico,2024-12-06,Premium,3987.99
7393,Andrew Lewis,ericjohnson@example.com,Germany,2024-08-08,Standard,41595.33
5593,Eric Flores,monroekatie@example.com,Singapore,2021-12-06,Basic,3493.49
9722,Raymond Fischer,qgould@example.com,Singapore,2020-07-10,Standard,48073.64
1664,Alexis Tucker,mcintoshpatrick@example.net,Switzerland,2025-08-05,Premium,826.91
5451,Anita Long,jenniferdaniels@example.com,Canada,2021-11-26,Premium,40553.87
9955,Erin Fox,douglas38@example.org,France,2026-08-07,Basic,34093.19
3628,Stephen Lopez,linkevin@example.net,Australia,2021-08-19,Standard,39059.39
2694,Anna White,angel69@example.org,United Kingdom,2020-07-05,Premium,27040.84
9790,Destiny Johns,fred35@example.net,Netherlands,2023-11-25,Standard,11874.21
5916,Bernard Hicks,scottmcintyre@example.net,Brazil,2026-02-07,Standard,43528.08
3158,Tammy Anderson,dwashington@example.com,Italy,2025-04-17,Premium,10453.45
6669,Christopher Fitzgerald,charlespeters@example.com,New Zealand,2020-11-09,Standard,10774.78
1060,Kristin Andrews,samanthaherrera@example.com,Netherlands,2024-11-20,Standard,39127.57
4637,Cynthia Hernandez,stephaniesmith@example.com,Switzerland,2024-09-19,Premium,40425.71
3243,Sean Kaiser,robert33@example.com,Italy,2022-09-30,Basic,33339.32
1679,Dominique Hamilton,fclark@example.org,United Kingdom,2022-02-18,Basic,25974.85
6893,Mario Maxwell,caseylaurie@example.org,Sweden,2022-08-09,Basic,48212.89
6375,Kathy Nguyen,mary34@example.net,New Zealand,2020-01-26,Basic,35588.76
7575,Johnathan Davidson,lcruz@example.com,Germany,2021-06-06,Basic,15732.43
1758,Veronica Berry,jennawilkerson@example.org,France,2020-04-28,Premium,15822.18
6020,Sherri Colon,bradleyandrew@example.net,Norway,2021-08-13,Standard,33415.32
5117,Anthony Wells,randy61@example.com,South Korea,2023-09-12,Basic,41996.7
8756,Alexander Weeks,davidsonjeanette@example.org,United States,2021-06-21,Premium,5707.26
7409,Julie Moon,rebecca05@example.org,Argentina,2020-09-13,Basic,30276.65
2791,Tracy Harrington,kristine98@example.net,Brazil,2024-03-25,Standard,1735.31
864,Eric Hunter,ibarradylan@example.org,Argentina,2022-11-19,Basic,30266.65
7859,Mary Wall,hannah91@example.com,India,2023-04-20,Basic,21291.7
1485,Heather Montes,jane29@example.com,Australia,2021-10-06,Standard,32018.08
7036,Catherine Walls,michaelmorton@example.net,New Zealand,2021-12-04,Premium,33002.38
7722,Laura Hill,annrosales@example.com,United States,2021-05-08,Premium,42381.29
5978,Jared Madden,theresaorr@example.org,Canada,2024-02-10,Standard,46793.16
5135,Stacey Howe,deborahvance@example.com,Switzerland,2025-05-04,Standard,17362.97
207,Karla Ramos,ncarr@example.net,Australia,2023-01-26,Basic,8250.73
4489,Victor Taylor,yfisher@example.com,United States,2020-04-07,Basic,20898.74
6939,Valerie Roberts,ruth13@example.org,United Kingdom,2020-04-18,Standard,46297.08
9063,Brittney Boyd,matthewfry@example.net,Sweden,2021-08-29,Standard,30823.05
6911,Jennifer Moses,laura10@example.net,Netherlands,2020-09-07,Basic,48768.46
503,Kristen Rowe,wsnyder@example.net,United States,2020-08-03,Standard,49721.41
7386,Brett Phillips,nicholas40@example.com,Switzerland,2026-07-15,Basic,21293.1
1029,Kimberly Morrison,hartjames@example.net,Brazil,2024-12-31,Standard,3379.44
3841,Alicia Obrien,bethmccoy@example.net,New Zealand,2020-07-23,Standard,21578.0
8111,Brandon Miller,grantangela@example.com,Japan,2023-06-26,Basic,32395.7
5057,Michele Ford,hmejia@example.org,New Zealand,2022-09-01,Basic,5814.46
9763,Kathryn Scott,tsmith@example.org,Netherlands,2020-03-15,Premium,18090.23
8155,John Hayes,mpham@example.net,Singapore,2022-01-23,Basic,7605.78
2732,Jennifer Leon,mcdonaldjose@example.com,Netherlands,2026-03-12,Basic,4086.34
8997,John Carter,courtneyjones@example.net,India,2023-06-12,Standard,41953.57
2455,Donald Peterson,garrisonbrent@example.com,Sweden,2023-05-17,Basic,19453.49
7216,Jessica Barnett,chapmanyolanda@example.com,Brazil,2024-05-09,Premium,34624.78
3105,Dean Cook,huertaangela@example.com,Brazil,2026-03-17,Basic,9178.92
8393,Alexander Martin,rparker@example.org,Australia,2024-04-18,Basic,40176.87
6279,Michael Snyder,jerry24@example.net,Netherlands,2020-02-21,Standard,32100.75
3100,Tracy Jones,angela40@example.org,United States,2022-04-11,Standard,35912.96
6185,David Fernandez,debra90@example.org,Netherlands,2026-01-02,Basic,24820.41
3562,Richard Mccormick,april95@example.com,United States,2024-03-29,Basic,13318.69
5893,Kimberly Garcia,johngrimes@example.net,Brazil,2025-08-09,Premium,22394.85
392,John Coffey,mramos@example.net,Norway,2025-02-10,Standard,2500.93
6737,Patricia Atkinson,clarkthomas@example.net,Norway,2021-11-28,Basic,10292.41
5619,Mrs. Tonya Byrd,hking@example.com,India,2023-03-13,Standard,29882.86
5259,Kristen Smith,ksummers@example.net,Germany,2020-11-09,Premium,23659.51
9688,Linda Welch,umata@example.org,Switzerland,2024-06-06,Premium,30222.52
2696,Nicholas Holland Jr.,andreatorres@example.org,India,2023-06-30,Premium,27883.03
2028,Brad Gordon,ngross@example.net,Japan,2021-11-09,Basic,13662.49
5464,Gregory Martin,philipreese@example.org,Netherlands,2022-05-13,Basic,39506.96
2569,Andrea Bowman,byrdsherry@example.net,Canada,2023-01-06,Standard,30252.89
8007,Alison Miller,ryan53@example.net,Japan,2023-08-23,Premium,44015.31
65,Sara Johnston,justtext014,South Korea,2023-11-01,Basic,45959.69
2063,Bonnie Carter,staceycastillo@example.org,South Korea,2021-04-30,Standard,45161.1
5277,Ms. Kayla Williams,smiththomas@example.net,Switzerland,2021-08-11,Basic,18410.63
7209,Dale Bartlett,veronicalane@example.net,South Korea,2021-07-12,Premium,30974.63
8685,Thomas Rosales,blawrence@example.net,United Kingdom,2026-04-06,Premium,37315.86
8572,David Morales,dylanduncan@example.com,New Zealand,2026-01-07,Basic,45103.45
6332,Robert Fleming,john42@example.com,Switzerland,2022-01-07,Premium,18610.87
4860,Kenneth Snyder,williambriggs@example.net,New Zealand,2020-03-28,Premium,23956.53
4888,Samantha Walker,david08@example.org,Switzerland,2021-09-15,Basic,37071.96
9269,Cathy Evans,warnersteven@example.com,Netherlands,2022-02-25,Premium,23491.1
879,Lindsay Smith,ramirezjoseph@example.com,Australia,2023-09-21,Premium,47906.84
8530,Corey Torres,sheltonjulie@example.net,Canada,2026-06-10,Standard,37248.13
7917,Matthew Lucas,yclark@example.org,South Korea,2023-11-29,Standard,20471.12
6864,Cody Sanchez,heathertaylor@example.net,India,2024-01-10,Basic,42299.11
7893,Kyle Singh,zacharymiller@example.org,Australia,2023-04-21,Basic,12555.79
6440,Elizabeth Rowland,allisonferguson@example.org,Netherlands,2023-07-10,Basic,48172.28
7870,Mrs. Heather Meyers,tnorris@example.net,Brazil,2024-08-10,Premium,18473.41
1017,Candace Mitchell,daniellegomez@example.com,India,2025-12-04,Basic,19666.66
9468,Devon Moore,gibarra@example.net,Singapore,2024-08-13,Premium,40859.88
7630,Jay Hall,keith60@example.net,Norway,2024-02-26,Standard,20521.87
996,Patricia Hayes,ewilson@example.org,Netherlands,2021-04-20,Basic,31747.06
4298,Karen Jackson DVM,ethomas@example.com,Canada,2022-02-09,Standard,26978.5
162,Andrea Hubbard,colemanjulie@example.net,Mexico,2023-04-06,Premium,18654.21
5676,Katelyn Gray,jessicabell@example.com,Norway,2023-06-28,Premium,42792.33
6874,Robin Donovan,foxsamantha@example.org,United States,2023-10-31,Premium,25573.43
9693,Mitchell Hernandez,nunezgina@example.org,South Korea,2026-03-25,Standard,40484.55
7990,Tammy Nguyen,mauricemyers@example.net,Sweden,2025-02-07,Premium,14593.7
3844,Alexander Stein,vmorrow@example.org,Netherlands,2022-04-23,Basic,49674.3
1022,Cynthia Mueller,jennatorres@example.net,Sweden,2025-11-03,Standard,21192.28
3074,Andrew Christian,garrettmichael@example.com,Netherlands,2022-08-25,Basic,41428.37
7556,Michael Burns,ndavis@example.org,Australia,2024-04-23,Basic,14196.5
3944,Joseph White,zyoung@example.org,Italy,2023-04-04,Premium,43120.24
1586,Kari Lloyd,susan49@example.com,Japan,2024-04-13,Premium,23757.88
3153,Nancy Brown,kristen00@example.org,Norway,2025-08-23,Premium,47545.13
8227,David Norton,lindsay62@example.org,Sweden,2022-03-06,Basic,30038.69
776,Zachary Robinson,wardjames@example.net,South Korea,2021-07-15,Basic,20172.2
9671,Mr. William Miller,oconley@example.com,Singapore,2021-02-01,Basic,5704.68
7100,Elizabeth Hill,robert63@example.org,United Kingdom,2026-07-10,Basic,14187.82
5487,Donald Freeman,wheelerwyatt@example.org,Singapore,2022-10-15,Premium,33158.6
6236,Teresa Fuller,john18@example.org,Germany,2025-03-11,Premium,44796.98
9556,James Robles,jason64@example.com,United States,2024-10-12,Premium,27993.34
7042,Robert Banks,martin50@example.net,Argentina,2024-08-07,Premium,214.78
2613,Henry Garcia,nicholas17@example.org,Mexico,2020-03-23,Basic,30509.64
7514,Joanne Baker,wking@example.net,Australia,2023-11-09,Basic,23452.57
8434,Hannah Butler,garciajason@example.net,South Korea,2023-05-23,Standard,14699.22
8793,Troy Aguilar,rogersnatalie@example.net,India,2023-05-25,Basic,13204.79
5394,Stacy Garcia,robertogreer@example.net,India,2023-08-02,Basic,12019.11
8839,Larry Stone,xmitchell@example.org,United States,2022-10-10,Basic,26970.51
3891,Donald Santana,hortonsylvia@example.net,Argentina,2023-11-07,Premium,42228.61
3557,Christopher Farrell,zmendoza@example.org,India,2026-04-15,Premium,10484.24
1529,Rebecca Patel,dharrison@example.com,Singapore,2023-02-27,Standard,8845.7
1268,Derrick Espinoza,kellygrimes@example.org,United States,2020-05-31,Premium,19985.18
7735,Brandy Lopez,jennifermolina@example.org,United Kingdom,2021-03-12,Basic,17932.17
1900,Charles Hernandez,elizabethbradford@example.com,New Zealand,2023-10-25,Standard,9457.39
4659,Richard Miller,pberger@example.org,Norway,2026-02-25,Standard,20404.71
3006,Jessica Gibson,matthew75@example.org,France,2024-10-28,Standard,32118.42
2735,Kim Underwood,greenjames@example.org,South Korea,2025-04-09,Premium,15905.11
190,Nicole Parrish,xhardy@example.net,Australia,2023-12-21,Standard,4240.66
9168,Shawna Brown,michaelthompson@example.org,Mexico,2022-09-28,Basic,13159.49
2748,Sheila Johnson,dbrown@example.net,Mexico,2021-04-16,Basic,41786.98
2048,Kaitlyn Heath,tmaldonado@example.com,United States,2026-04-17,Premium,17677.38
7850,Gary Walker,fleach@example.net,Italy,2026-04-08,Premium,20095.97
2559,Carl Dean,beandiane@example.net,Netherlands,2025-09-18,Basic,31408.14
9275,Trevor Lopez,icampbell@example.com,Canada,2024-08-11,Standard,3830.25
8667,Joseph Mendoza,tiffanyhardy@example.net,Sweden,2024-03-18,Premium,25620.3
6397,Matthew Morris,scottdaniel@example.org,Switzerland,2020-02-15,Standard,19168.38
3386,Donald Bell,jasmine02@example.com,United States,2022-02-14,Standard,11222.31
4556,Kristen Bradley,camerongarza@example.org,Sweden,2025-06-18,Basic,10423.92
1185,Kevin Johnson,sandersjohn@example.net,Italy,2024-03-04,Standard,11405.67
6421,Angela Bradshaw,aday@example.net,Germany,2021-08-06,Premium,16955.05
5052,Ashlee Ross,romankevin@example.org,United States,2020-04-18,Basic,36575.96
5312,Madison Wilson,patrick11@example.net,Spain,2024-01-13,Basic,14801.37
2434,Jesus Becker,beth44@example.net,Japan,2023-05-16,Standard,24575.25
6950,Spencer Butler,andrew34@example.com,Mexico,2024-11-19,Standard,18318.47
770,Kathryn Price,luiscook@example.net,Italy,2022-01-16,Basic,41321.21
1686,Brent Rojas,robertmartinez@example.com,Sweden,2025-06-04,Basic,30557.23
8323,Jackson Fuller,markkelley@example.com,Spain,2022-08-29,Basic,6937.77
5579,Ryan Santos,charlene65@example.com,Canada,2021-05-24,Basic,34021.05
4427,Jennifer Townsend,wongkelly@example.com,Argentina,2023-03-08,Standard,6949.11
467,Michael Stanley,briana28@example.net,South Korea,2022-07-23,Premium,15934.44
6266,Kara Gallegos,stevenperez@example.org,Netherlands,2024-04-08,Premium,24487.4
5735,Michael Taylor,stephanie30@example.com,Mexico,2024-07-29,Standard,31058.17
5192,Jonathan Williams,philip98@example.com,Norway,2023-10-24,Standard,26556.22
5391,Linda Fernandez,hfreeman@example.net,Norway,2022-08-17,Basic,26862.02
861,Chelsea Lewis,vfisher@example.net,United States,2022-12-13,Premium,1770.86
7271,Richard Garcia,carla56@example.com,United Kingdom,2020-06-09,Basic,47150.2
